Date: 2026-03-08 07:46:16
Ontology source: /C:/Users/s2024165/OneDrive%20-%20SARS/Personal/Personal/Masters%20in%20Computer%20Science/2023/TUT/Dissertation/Chapter%204%20-%20Design%20and%20implementation%20of%20LFTDO%20and%20Architecture/Ontology/209332175_LFTDO_V0.10.owl
Worksheet source: C:\Users\s2024165\OneDrive - SARS\Personal\Personal\Masters in Computer Science\2023\TUT\Dissertation\Chapter 7 - Artefacts Evaluations (Architecture and LFTDO)\Empirical Data\Master Data\5.Algorithm_LoadData.xlsx
Transformation rules: C:\Users\s2024165\OneDrive - SARS\Personal\Personal\Masters in Computer Science\2023\TUT\Dissertation\Chapter 7 - Artefacts Evaluations (Architecture and LFTDO)\Empirical Data\Master Data\5.Algorithm_LoadData_RULE_MAPPING.json

# Cell range: (Data!A2:A+) Comment: ""
# Individual: @A2 Types: @B2 Facts: hasAlgorithmType @C2, hasAccuracyRate @D2,isUsedBy @E2,
# hasAlgorithmVersion @F2,hasComplexity @G2,isOptimized @H2

Individual: Algorithm001  # Generated from value "Algorithm001" located at cell 'Data'!A2.
   Facts: hasAlgorithmType "Machine Learning"  # Generated from value "Machine Learning" located at cell 'Data'!C2.,
         hasAccuracyRate "0.99"  # Generated from value "0.99" located at cell 'Data'!D2.,
         isUsedBy "TheftDetectionSystem"  # Generated from value "TheftDetectionSystem" located at cell 'Data'!E2.,
         hasAlgorithmVersion "v0.1"  # Generated from value "v0.1" located at cell 'Data'!F2.,
         hasComplexity "HIGH"  # Generated from value "HIGH" located at cell 'Data'!G2.,
         isOptimized "true"  # Generated from value "true" located at cell 'Data'!H2.
   Types: Algorithm
Individual: Algorithm001  # Generated from value "Algorithm001" located at cell 'Data'!A2.
   Facts: hasAlgorithmType "Machine Learning"  # Generated from value "Machine Learning" located at cell 'Data'!C2.,
         hasAccuracyRate "0.99"  # Generated from value "0.99" located at cell 'Data'!D2.,
         isUsedBy "TheftDetectionSystem"  # Generated from value "TheftDetectionSystem" located at cell 'Data'!E2.,
         hasAlgorithmVersion "v0.1"  # Generated from value "v0.1" located at cell 'Data'!F2.,
         hasComplexity "HIGH"  # Generated from value "HIGH" located at cell 'Data'!G2.,
         isOptimized "true"  # Generated from value "true" located at cell 'Data'!H2.
   Types: Algorithm
Individual: Algorithm001  # Generated from value "Algorithm001" located at cell 'Data'!A2.
   Facts: hasAlgorithmType "Machine Learning"  # Generated from value "Machine Learning" located at cell 'Data'!C2.,
         hasAccuracyRate "0.99"  # Generated from value "0.99" located at cell 'Data'!D2.,
         isUsedBy "TheftDetectionSystem"  # Generated from value "TheftDetectionSystem" located at cell 'Data'!E2.,
         hasAlgorithmVersion "v0.1"  # Generated from value "v0.1" located at cell 'Data'!F2.,
         hasComplexity "HIGH"  # Generated from value "HIGH" located at cell 'Data'!G2.,
         isOptimized "true"  # Generated from value "true" located at cell 'Data'!H2.
   Types: Algorithm

===========================================================================================================
Date: 2026-03-08 07:49:53
Ontology source: /C:/Users/s2024165/OneDrive%20-%20SARS/Personal/Personal/Masters%20in%20Computer%20Science/2023/TUT/Dissertation/Chapter%204%20-%20Design%20and%20implementation%20of%20LFTDO%20and%20Architecture/Ontology/209332175_LFTDO_V0.10.owl
Worksheet source: C:\Users\s2024165\OneDrive - SARS\Personal\Personal\Masters in Computer Science\2023\TUT\Dissertation\Chapter 7 - Artefacts Evaluations (Architecture and LFTDO)\Empirical Data\Master Data\5.Algorithm_LoadData.xlsx
Transformation rules: C:\Users\s2024165\OneDrive - SARS\Personal\Personal\Masters in Computer Science\2023\TUT\Dissertation\Chapter 7 - Artefacts Evaluations (Architecture and LFTDO)\Empirical Data\Master Data\5.Algorithm_LoadData_RULE_MAPPING.json

# Cell range: (Data!A2:A+) Comment: ""
# Individual: @A2 Types: @B2 Facts: hasAlgorithmType @C2, hasAccuracyRate @D2(xsd:decimal),
# isUsedBy @E2,hasAlgorithmVersion @F2,hasComplexity @G2,isOptimized @H2(xsd:boolean)

Individual: Algorithm001  # Generated from value "Algorithm001" located at cell 'Data'!A2.
   Facts: hasAlgorithmType "Machine Learning"  # Generated from value "Machine Learning" located at cell 'Data'!C2.,
         hasAccuracyRate 0.99  # Generated from value "0.99" located at cell 'Data'!D2.,
         isUsedBy "TheftDetectionSystem"  # Generated from value "TheftDetectionSystem" located at cell 'Data'!E2.,
         hasAlgorithmVersion "v0.1"  # Generated from value "v0.1" located at cell 'Data'!F2.,
         hasComplexity "HIGH"  # Generated from value "HIGH" located at cell 'Data'!G2.,
         isOptimized true  # Generated from value "true" located at cell 'Data'!H2.
   Types: Algorithm
Individual: Algorithm001  # Generated from value "Algorithm001" located at cell 'Data'!A2.
   Facts: hasAlgorithmType "Machine Learning"  # Generated from value "Machine Learning" located at cell 'Data'!C2.,
         hasAccuracyRate 0.99  # Generated from value "0.99" located at cell 'Data'!D2.,
         isUsedBy "TheftDetectionSystem"  # Generated from value "TheftDetectionSystem" located at cell 'Data'!E2.,
         hasAlgorithmVersion "v0.1"  # Generated from value "v0.1" located at cell 'Data'!F2.,
         hasComplexity "HIGH"  # Generated from value "HIGH" located at cell 'Data'!G2.,
         isOptimized true  # Generated from value "true" located at cell 'Data'!H2.
   Types: Algorithm
Individual: Algorithm001  # Generated from value "Algorithm001" located at cell 'Data'!A2.
   Facts: hasAlgorithmType "Machine Learning"  # Generated from value "Machine Learning" located at cell 'Data'!C2.,
         hasAccuracyRate 0.99  # Generated from value "0.99" located at cell 'Data'!D2.,
         isUsedBy "TheftDetectionSystem"  # Generated from value "TheftDetectionSystem" located at cell 'Data'!E2.,
         hasAlgorithmVersion "v0.1"  # Generated from value "v0.1" located at cell 'Data'!F2.,
         hasComplexity "HIGH"  # Generated from value "HIGH" located at cell 'Data'!G2.,
         isOptimized true  # Generated from value "true" located at cell 'Data'!H2.
   Types: Algorithm

===========================================================================================================
Date: 2026-03-08 07:56:54
Ontology source: /C:/Users/s2024165/OneDrive%20-%20SARS/Personal/Personal/Masters%20in%20Computer%20Science/2023/TUT/Dissertation/Chapter%204%20-%20Design%20and%20implementation%20of%20LFTDO%20and%20Architecture/Ontology/209332175_LFTDO_V0.10.owl
Worksheet source: C:\Users\s2024165\OneDrive - SARS\Personal\Personal\Masters in Computer Science\2023\TUT\Dissertation\Chapter 7 - Artefacts Evaluations (Architecture and LFTDO)\Empirical Data\Master Data\5.Algorithm_LoadData.xlsx
Transformation rules: C:\Users\s2024165\OneDrive - SARS\Personal\Personal\Masters in Computer Science\2023\TUT\Dissertation\Chapter 7 - Artefacts Evaluations (Architecture and LFTDO)\Empirical Data\Master Data\5.Algorithm_LoadData_RULE_MAPPING.json

# Cell range: (Data!A2:A+) Comment: ""
# Individual: @A2 Types: @B2 Facts: hasAlgorithmType @C2, hasAccuracyRate @D2(xsd:decimal),
# isUsedBy @E2,hasAlgorithmVersion @F2,hasComplexity @G2,isOptimized @H2(xsd:boolean)

Individual: Algorithm001  # Generated from value "Algorithm001" located at cell 'Data'!A2.
   Facts: hasAlgorithmType "Machine Learning"  # Generated from value "Machine Learning" located at cell 'Data'!C2.,
         hasAccuracyRate 0.99  # Generated from value "0.99" located at cell 'Data'!D2.,
         isUsedBy "TheftDetectionSystem"  # Generated from value "TheftDetectionSystem" located at cell 'Data'!E2.,
         hasAlgorithmVersion "v0.1"  # Generated from value "v0.1" located at cell 'Data'!F2.,
         hasComplexity "HIGH"  # Generated from value "HIGH" located at cell 'Data'!G2.,
         isOptimized true  # Generated from value "true" located at cell 'Data'!H2.
   Types: Algorithm
Individual: Algorithm001  # Generated from value "Algorithm001" located at cell 'Data'!A2.
   Facts: hasAlgorithmType "Machine Learning"  # Generated from value "Machine Learning" located at cell 'Data'!C2.,
         hasAccuracyRate 0.99  # Generated from value "0.99" located at cell 'Data'!D2.,
         isUsedBy "TheftDetectionSystem"  # Generated from value "TheftDetectionSystem" located at cell 'Data'!E2.,
         hasAlgorithmVersion "v0.1"  # Generated from value "v0.1" located at cell 'Data'!F2.,
         hasComplexity "HIGH"  # Generated from value "HIGH" located at cell 'Data'!G2.,
         isOptimized true  # Generated from value "true" located at cell 'Data'!H2.
   Types: Algorithm
Individual: Algorithm001  # Generated from value "Algorithm001" located at cell 'Data'!A2.
   Facts: hasAlgorithmType "Machine Learning"  # Generated from value "Machine Learning" located at cell 'Data'!C2.,
         hasAccuracyRate 0.99  # Generated from value "0.99" located at cell 'Data'!D2.,
         isUsedBy "TheftDetectionSystem"  # Generated from value "TheftDetectionSystem" located at cell 'Data'!E2.,
         hasAlgorithmVersion "v0.1"  # Generated from value "v0.1" located at cell 'Data'!F2.,
         hasComplexity "HIGH"  # Generated from value "HIGH" located at cell 'Data'!G2.,
         isOptimized true  # Generated from value "true" located at cell 'Data'!H2.
   Types: Algorithm

# Cell range: (Data!A2:A+) Comment: ""
# Individual: @A4 Types: @B4 Facts: hasAlgorithmType @C4, hasAccuracyRate @D4(xsd:decimal),
# isUsedBy @E4,hasAlgorithmVersion @F4,hasComplexity @G4,isOptimized @H4(xsd:boolean)

Individual: Algorithm003  # Generated from value "Algorithm003" located at cell 'Data'!A4.
   Facts: hasAlgorithmType "Threshold-Based"  # Generated from value "Threshold-Based" located at cell 'Data'!C4.,
         hasAccuracyRate 0.98  # Generated from value "0.98" located at cell 'Data'!D4.,
         isUsedBy "TheftDetectionSystem"  # Generated from value "TheftDetectionSystem" located at cell 'Data'!E4.,
         hasAlgorithmVersion "v0.1"  # Generated from value "v0.1" located at cell 'Data'!F4.,
         hasComplexity "HIGH"  # Generated from value "HIGH" located at cell 'Data'!G4.,
         isOptimized true  # Generated from value "true" located at cell 'Data'!H4.
   Types: Algorithm
Individual: Algorithm003  # Generated from value "Algorithm003" located at cell 'Data'!A4.
   Facts: hasAlgorithmType "Threshold-Based"  # Generated from value "Threshold-Based" located at cell 'Data'!C4.,
         hasAccuracyRate 0.98  # Generated from value "0.98" located at cell 'Data'!D4.,
         isUsedBy "TheftDetectionSystem"  # Generated from value "TheftDetectionSystem" located at cell 'Data'!E4.,
         hasAlgorithmVersion "v0.1"  # Generated from value "v0.1" located at cell 'Data'!F4.,
         hasComplexity "HIGH"  # Generated from value "HIGH" located at cell 'Data'!G4.,
         isOptimized true  # Generated from value "true" located at cell 'Data'!H4.
   Types: Algorithm
Individual: Algorithm003  # Generated from value "Algorithm003" located at cell 'Data'!A4.
   Facts: hasAlgorithmType "Threshold-Based"  # Generated from value "Threshold-Based" located at cell 'Data'!C4.,
         hasAccuracyRate 0.98  # Generated from value "0.98" located at cell 'Data'!D4.,
         isUsedBy "TheftDetectionSystem"  # Generated from value "TheftDetectionSystem" located at cell 'Data'!E4.,
         hasAlgorithmVersion "v0.1"  # Generated from value "v0.1" located at cell 'Data'!F4.,
         hasComplexity "HIGH"  # Generated from value "HIGH" located at cell 'Data'!G4.,
         isOptimized true  # Generated from value "true" located at cell 'Data'!H4.
   Types: Algorithm

# Cell range: (Data!A2:A+) Comment: ""
# Individual: @A3 Types: @B3 Facts: hasAlgorithmType @C3, hasAccuracyRate @D3(xsd:decimal),
# isUsedBy @E3,hasAlgorithmVersion @F3,hasComplexity @G3,isOptimized @H3(xsd:boolean)

Individual: Algorithm002  # Generated from value "Algorithm002" located at cell 'Data'!A3.
   Facts: hasAlgorithmType "Moving Average"  # Generated from value "Moving Average" located at cell 'Data'!C3.,
         hasAccuracyRate 0.98  # Generated from value "0.98" located at cell 'Data'!D3.,
         isUsedBy "GPSTrackingMethod"  # Generated from value "GPSTrackingMethod" located at cell 'Data'!E3.,
         hasAlgorithmVersion "v0.1"  # Generated from value "v0.1" located at cell 'Data'!F3.,
         hasComplexity "HIGH"  # Generated from value "HIGH" located at cell 'Data'!G3.,
         isOptimized false  # Generated from value "false" located at cell 'Data'!H3.
   Types: Algorithm
Individual: Algorithm002  # Generated from value "Algorithm002" located at cell 'Data'!A3.
   Facts: hasAlgorithmType "Moving Average"  # Generated from value "Moving Average" located at cell 'Data'!C3.,
         hasAccuracyRate 0.98  # Generated from value "0.98" located at cell 'Data'!D3.,
         isUsedBy "GPSTrackingMethod"  # Generated from value "GPSTrackingMethod" located at cell 'Data'!E3.,
         hasAlgorithmVersion "v0.1"  # Generated from value "v0.1" located at cell 'Data'!F3.,
         hasComplexity "HIGH"  # Generated from value "HIGH" located at cell 'Data'!G3.,
         isOptimized false  # Generated from value "false" located at cell 'Data'!H3.
   Types: Algorithm
Individual: Algorithm002  # Generated from value "Algorithm002" located at cell 'Data'!A3.
   Facts: hasAlgorithmType "Moving Average"  # Generated from value "Moving Average" located at cell 'Data'!C3.,
         hasAccuracyRate 0.98  # Generated from value "0.98" located at cell 'Data'!D3.,
         isUsedBy "GPSTrackingMethod"  # Generated from value "GPSTrackingMethod" located at cell 'Data'!E3.,
         hasAlgorithmVersion "v0.1"  # Generated from value "v0.1" located at cell 'Data'!F3.,
         hasComplexity "HIGH"  # Generated from value "HIGH" located at cell 'Data'!G3.,
         isOptimized false  # Generated from value "false" located at cell 'Data'!H3.
   Types: Algorithm

===========================================================================================================
Date: 2026-03-08 10:13:44
Ontology source: /C:/Users/s2024165/OneDrive%20-%20SARS/Personal/Personal/Masters%20in%20Computer%20Science/2023/TUT/Dissertation/Chapter%204%20-%20Design%20and%20implementation%20of%20LFTDO%20and%20Architecture/Ontology/209332175_LFTDO_V0.10.owl
Worksheet source: C:\Users\s2024165\OneDrive - SARS\Personal\Personal\Masters in Computer Science\2023\TUT\Dissertation\Chapter 7 - Artefacts Evaluations (Architecture and LFTDO)\Empirical Data\Master Data\1.Participants_LoadData.xlsx
Transformation rules: C:\Users\s2024165\OneDrive - SARS\Personal\Personal\Masters in Computer Science\2023\TUT\Dissertation\Chapter 7 - Artefacts Evaluations (Architecture and LFTDO)\Empirical Data\Master Data\1.Participant_LoadData_RULE_MAPPING.json

# Cell range: (Data!A2:A+) Comment: ""
# Individual: @A2 Types: @B2 Facts: hasParticipantID @C2,hasParticipantName @D2,
# hasContactNumber @E2,hasParticipantRole @F2,hasParticipantEmail @G2

Individual: Farmer001  # Generated from value "Farmer001" located at cell 'Data'!A2.
   Facts: hasParticipantID "2147483647"  # Generated from value "2147483647" located at cell 'Data'!C2.,
         hasParticipantName "Mr. Tumelo Modise"  # Generated from value "Mr. Tumelo Modise" located at cell 'Data'!D2.,
         hasContactNumber "0731234545"  # Generated from value "0731234545" located at cell 'Data'!E2.,
         hasParticipantRole "Farmer"  # Generated from value "Farmer" located at cell 'Data'!F2.,
         hasParticipantEmail "test@test.email.com"  # Generated from value "test@test.email.com" located at cell 'Data'!G2.
   Types: Participant
Individual: Farmer001  # Generated from value "Farmer001" located at cell 'Data'!A2.
   Facts: hasParticipantID "2147483647"  # Generated from value "2147483647" located at cell 'Data'!C2.,
         hasParticipantName "Mr. Tumelo Modise"  # Generated from value "Mr. Tumelo Modise" located at cell 'Data'!D2.,
         hasContactNumber "0731234545"  # Generated from value "0731234545" located at cell 'Data'!E2.,
         hasParticipantRole "Farmer"  # Generated from value "Farmer" located at cell 'Data'!F2.,
         hasParticipantEmail "test@test.email.com"  # Generated from value "test@test.email.com" located at cell 'Data'!G2.
   Types: Participant
Individual: Farmer001  # Generated from value "Farmer001" located at cell 'Data'!A2.
   Facts: hasParticipantID "2147483647"  # Generated from value "2147483647" located at cell 'Data'!C2.,
         hasParticipantName "Mr. Tumelo Modise"  # Generated from value "Mr. Tumelo Modise" located at cell 'Data'!D2.,
         hasContactNumber "0731234545"  # Generated from value "0731234545" located at cell 'Data'!E2.,
         hasParticipantRole "Farmer"  # Generated from value "Farmer" located at cell 'Data'!F2.,
         hasParticipantEmail "test@test.email.com"  # Generated from value "test@test.email.com" located at cell 'Data'!G2.
   Types: Participant

===========================================================================================================
Date: 2026-03-08 23:16:05
Ontology source: /C:/Users/s2024165/OneDrive%20-%20SARS/Personal/Personal/Masters%20in%20Computer%20Science/2023/TUT/Dissertation/Chapter%204%20-%20Design%20and%20implementation%20of%20LFTDO%20and%20Architecture/Ontology/209332175_LFTDO_V0.10.owl
Worksheet source: C:\Users\s2024165\OneDrive - SARS\Personal\Personal\Masters in Computer Science\2023\TUT\Dissertation\Chapter 7 - Artefacts Evaluations (Architecture and LFTDO)\Empirical Data\Master Data\1.Participants_LoadData.xlsx
Transformation rules: C:\Users\s2024165\OneDrive - SARS\Personal\Personal\Masters in Computer Science\2023\TUT\Dissertation\Chapter 7 - Artefacts Evaluations (Architecture and LFTDO)\Empirical Data\Master Data\1.Participant_LoadData_RULE_MAPPING.json

# Cell range: (Data!A2:A+) Comment: ""
# Individual: @A2 Types: @B2 Facts: hasParticipantID @C2,hasParticipantName @D2,
# hasContactNumber @E2,hasParticipantRole @F2,hasParticipantEmail @G2

Individual: Farmer001  # Generated from value "Farmer001" located at cell 'Data'!A2.
   Facts: hasParticipantID "2147483647"  # Generated from value "2147483647" located at cell 'Data'!C2.,
         hasParticipantName "Mr. Tumelo Modise"  # Generated from value "Mr. Tumelo Modise" located at cell 'Data'!D2.,
         hasContactNumber "0731234545"  # Generated from value "0731234545" located at cell 'Data'!E2.,
         hasParticipantRole "Farmer"  # Generated from value "Farmer" located at cell 'Data'!F2.,
         hasParticipantEmail "test@test.email.com"  # Generated from value "test@test.email.com" located at cell 'Data'!G2.
   Types: Participant
Individual: Farmer001  # Generated from value "Farmer001" located at cell 'Data'!A2.
   Facts: hasParticipantID "2147483647"  # Generated from value "2147483647" located at cell 'Data'!C2.,
         hasParticipantName "Mr. Tumelo Modise"  # Generated from value "Mr. Tumelo Modise" located at cell 'Data'!D2.,
         hasContactNumber "0731234545"  # Generated from value "0731234545" located at cell 'Data'!E2.,
         hasParticipantRole "Farmer"  # Generated from value "Farmer" located at cell 'Data'!F2.,
         hasParticipantEmail "test@test.email.com"  # Generated from value "test@test.email.com" located at cell 'Data'!G2.
   Types: Participant
Individual: Farmer001  # Generated from value "Farmer001" located at cell 'Data'!A2.
   Facts: hasParticipantID "2147483647"  # Generated from value "2147483647" located at cell 'Data'!C2.,
         hasParticipantName "Mr. Tumelo Modise"  # Generated from value "Mr. Tumelo Modise" located at cell 'Data'!D2.,
         hasContactNumber "0731234545"  # Generated from value "0731234545" located at cell 'Data'!E2.,
         hasParticipantRole "Farmer"  # Generated from value "Farmer" located at cell 'Data'!F2.,
         hasParticipantEmail "test@test.email.com"  # Generated from value "test@test.email.com" located at cell 'Data'!G2.
   Types: Participant

===========================================================================================================
Date: 2026-03-08 23:27:13
Ontology source: /C:/Users/s2024165/OneDrive%20-%20SARS/Personal/Personal/Masters%20in%20Computer%20Science/2023/TUT/Dissertation/Chapter%204%20-%20Design%20and%20implementation%20of%20LFTDO%20and%20Architecture/Ontology/209332175_LFTDO_V0.10.owl
Worksheet source: C:\Users\s2024165\OneDrive - SARS\Personal\Personal\Masters in Computer Science\2023\TUT\Dissertation\Chapter 7 - Artefacts Evaluations (Architecture and LFTDO)\Empirical Data\Master Data\1.Participants_LoadData.xlsx
Transformation rules: C:\Users\s2024165\OneDrive - SARS\Personal\Personal\Masters in Computer Science\2023\TUT\Dissertation\Chapter 7 - Artefacts Evaluations (Architecture and LFTDO)\Empirical Data\Master Data\1.Participant_LoadData_RULE_MAPPING.json

# Cell range: (Data!A2:A+) Comment: ""
# Individual: @A2 Types: @B2 Facts: hasParticipantID @C2,hasParticipantName @D2,
# hasContactNumber @E2,hasParticipantRole @F2,hasParticipantEmail @G2

Individual: Farmer001  # Generated from value "Farmer001" located at cell 'Data'!A2.
   Facts: hasParticipantID "9.000000000006E12"  # Generated from value "9.000000000006E12" located at cell 'Data'!C2.,
         hasParticipantName "Mr. Tumelo Modise"  # Generated from value "Mr. Tumelo Modise" located at cell 'Data'!D2.,
         hasContactNumber "0731234545"  # Generated from value "0731234545" located at cell 'Data'!E2.,
         hasParticipantRole "Farmer"  # Generated from value "Farmer" located at cell 'Data'!F2.,
         hasParticipantEmail "test@test.email.com"  # Generated from value "test@test.email.com" located at cell 'Data'!G2.
   Types: Participant
Individual: Farmer001  # Generated from value "Farmer001" located at cell 'Data'!A2.
   Facts: hasParticipantID "9.000000000006E12"  # Generated from value "9.000000000006E12" located at cell 'Data'!C2.,
         hasParticipantName "Mr. Tumelo Modise"  # Generated from value "Mr. Tumelo Modise" located at cell 'Data'!D2.,
         hasContactNumber "0731234545"  # Generated from value "0731234545" located at cell 'Data'!E2.,
         hasParticipantRole "Farmer"  # Generated from value "Farmer" located at cell 'Data'!F2.,
         hasParticipantEmail "test@test.email.com"  # Generated from value "test@test.email.com" located at cell 'Data'!G2.
   Types: Participant
Individual: Farmer001  # Generated from value "Farmer001" located at cell 'Data'!A2.
   Facts: hasParticipantID "9.000000000006E12"  # Generated from value "9.000000000006E12" located at cell 'Data'!C2.,
         hasParticipantName "Mr. Tumelo Modise"  # Generated from value "Mr. Tumelo Modise" located at cell 'Data'!D2.,
         hasContactNumber "0731234545"  # Generated from value "0731234545" located at cell 'Data'!E2.,
         hasParticipantRole "Farmer"  # Generated from value "Farmer" located at cell 'Data'!F2.,
         hasParticipantEmail "test@test.email.com"  # Generated from value "test@test.email.com" located at cell 'Data'!G2.
   Types: Participant

===========================================================================================================
Date: 2026-03-08 23:29:47
Ontology source: /C:/Users/s2024165/OneDrive%20-%20SARS/Personal/Personal/Masters%20in%20Computer%20Science/2023/TUT/Dissertation/Chapter%204%20-%20Design%20and%20implementation%20of%20LFTDO%20and%20Architecture/Ontology/209332175_LFTDO_V0.10.owl
Worksheet source: C:\Users\s2024165\OneDrive - SARS\Personal\Personal\Masters in Computer Science\2023\TUT\Dissertation\Chapter 7 - Artefacts Evaluations (Architecture and LFTDO)\Empirical Data\Master Data\1.Participants_LoadData.xlsx
Transformation rules: C:\Users\s2024165\OneDrive - SARS\Personal\Personal\Masters in Computer Science\2023\TUT\Dissertation\Chapter 7 - Artefacts Evaluations (Architecture and LFTDO)\Empirical Data\Master Data\1.Participant_LoadData_RULE_MAPPING.json

# Cell range: (Data!A2:A+) Comment: ""
# Individual: @A2 Types: @B2 Facts: hasParticipantID @C2,hasParticipantName @D2,
# hasContactNumber @E2,hasParticipantRole @F2,hasParticipantEmail @G2

Individual: Farmer001  # Generated from value "Farmer001" located at cell 'Data'!A2.
   Facts: hasParticipantID "9000000000006"  # Generated from value "9000000000006" located at cell 'Data'!C2.,
         hasParticipantName "Mr. Tumelo Modise"  # Generated from value "Mr. Tumelo Modise" located at cell 'Data'!D2.,
         hasContactNumber "0731234545"  # Generated from value "0731234545" located at cell 'Data'!E2.,
         hasParticipantRole "Farmer"  # Generated from value "Farmer" located at cell 'Data'!F2.,
         hasParticipantEmail "test@test.email.com"  # Generated from value "test@test.email.com" located at cell 'Data'!G2.
   Types: Participant

===========================================================================================================
Date: 2026-03-08 23:35:38
Ontology source: /C:/Users/s2024165/OneDrive%20-%20SARS/Personal/Personal/Masters%20in%20Computer%20Science/2023/TUT/Dissertation/Chapter%204%20-%20Design%20and%20implementation%20of%20LFTDO%20and%20Architecture/Ontology/209332175_LFTDO_V0.10.owl
Worksheet source: C:\Users\s2024165\OneDrive - SARS\Personal\Personal\Masters in Computer Science\2023\TUT\Dissertation\Chapter 7 - Artefacts Evaluations (Architecture and LFTDO)\Empirical Data\Master Data\6.SoftwareApp_LoadData.xlsx
Transformation rules: C:\Users\s2024165\OneDrive - SARS\Personal\Personal\Masters in Computer Science\2023\TUT\Dissertation\Chapter 7 - Artefacts Evaluations (Architecture and LFTDO)\Empirical Data\Master Data\6.SoftwareApp_LoadData_RULE_MAPPING.json

# Cell range: (Data!A2:A+) Comment: ""
# Individual: @A2 Types: @B2 Facts: hasSoftwareAppName @C2,hasID @D2,
# hasSoftwareVersion @E2,hasResponseTimeMs @F2(xsd:decimal),hasLastSyncTime @G2(xsd:dateTime),
# isOnline @H2(xsd:boolean),accesses @I2,isDeployedOn @J2

Individual: SoftwareApp001  # Generated from value "SoftwareApp001" located at cell 'Data'!A2.
   Facts: hasSoftwareAppName "OntoGuard-Security"  # Generated from value "OntoGuard-Security" located at cell 'Data'!C2.,
         hasID "APP-SEC-2024-001"  # Generated from value "APP-SEC-2024-001" located at cell 'Data'!D2.,
         hasSoftwareVersion "v1.0"  # Generated from value "v1.0" located at cell 'Data'!E2.,
         hasResponseTimeMs 99  # Generated from value "99" located at cell 'Data'!F2.,
         hasLastSyncTime "2024-02-15T13:05:00"  # Generated from value "2024-02-15T13:05:00" located at cell 'Data'!G2.,
         isOnline true  # Generated from value "true" located at cell 'Data'!H2.,
         accesses "Database001"  # Generated from value "Database001" located at cell 'Data'!I2.,
         isDeployedOn "CloudService001"  # Generated from value "CloudService001" located at cell 'Data'!J2.
   Types: SoftwareApplication
Individual: SoftwareApp001  # Generated from value "SoftwareApp001" located at cell 'Data'!A2.
   Facts: hasSoftwareAppName "OntoGuard-Security"  # Generated from value "OntoGuard-Security" located at cell 'Data'!C2.,
         hasID "APP-SEC-2024-001"  # Generated from value "APP-SEC-2024-001" located at cell 'Data'!D2.,
         hasSoftwareVersion "v1.0"  # Generated from value "v1.0" located at cell 'Data'!E2.,
         hasResponseTimeMs 99  # Generated from value "99" located at cell 'Data'!F2.,
         hasLastSyncTime "2024-02-15T13:05:00"  # Generated from value "2024-02-15T13:05:00" located at cell 'Data'!G2.,
         isOnline true  # Generated from value "true" located at cell 'Data'!H2.,
         accesses "Database001"  # Generated from value "Database001" located at cell 'Data'!I2.,
         isDeployedOn "CloudService001"  # Generated from value "CloudService001" located at cell 'Data'!J2.
   Types: SoftwareApplication

===========================================================================================================
Date: 2026-03-16 23:15:58
Ontology source: /C:/Users/s2024165/OneDrive%20-%20SARS/Personal/Personal/Masters%20in%20Computer%20Science/2023/TUT/Dissertation/Chapter%204%20-%20Design%20and%20implementation%20of%20LFTDO%20and%20Architecture/Ontology/209332175_LFTDO_V0.10.owl
Worksheet source: C:\Users\s2024165\OneDrive - SARS\Personal\Personal\Masters in Computer Science\2023\TUT\Dissertation\Chapter 7 - Artefacts Evaluations (Architecture and LFTDO)\Empirical Data\Master Data\7.DetectionMethod_LoadData.xlsx
Transformation rules: C:\Users\s2024165\OneDrive - SARS\Personal\Personal\Masters in Computer Science\2023\TUT\Dissertation\Chapter 7 - Artefacts Evaluations (Architecture and LFTDO)\Empirical Data\Master Data\7.DetectionMethod_LoadData_RULE_MAPPING.json

# Cell range: (Data!A2:A+) Comment: ""
# Individual: @A2 Annotations: rdfs:label @A2 Types: @B2 Facts: hasID @C2,hasSensitivityLevel @D2, hasAccuracyRate @E2(xsd:decimal),hasLastScanTime @F2 (xsd:dateTime),hasDetectionLatencyMs @G2(xsd:decimal),hasReliabilityScore @H2(xsd:decimal),hasDetectionPriority @I2(xsd:Integer),isDetectionActive @J2(xsd:boolean), hasTrainingData @K2(xsd:boolean),isImplementedBy @L2 

Individual: TheftDetectionSystem  # Generated from value "TheftDetectionSystem" located at cell 'Data'!A2.
   Facts: hasID "DET-THEFT-001"  # Generated from value "DET-THEFT-001" located at cell 'Data'!C2.,
         hasSensitivityLevel "High"  # Generated from value "High" located at cell 'Data'!D2.,
         hasAccuracyRate 0.98  # Generated from value "0.98" located at cell 'Data'!E2.,
         hasLastScanTime "2024-02-15T13:05:00"  # Generated from value "2024-02-15T13:05:00" located at cell 'Data'!F2.,
         hasDetectionLatencyMs 1  # Generated from value "1" located at cell 'Data'!G2.,
         hasReliabilityScore 5  # Generated from value "5" located at cell 'Data'!H2.,
         hasDetectionPriority 1  # Generated from value "1" located at cell 'Data'!I2.,
         isDetectionActive true  # Generated from value "true" located at cell 'Data'!J2.,
         hasTrainingData true  # Generated from value "true" located at cell 'Data'!K2.,
         isImplementedBy "SoftwareApp001"  # Generated from value "SoftwareApp001" located at cell 'Data'!L2.
   Types: DetectionMethod
   Annotations: rdfs:label "TheftDetectionSystem"
Individual: TheftDetectionSystem  # Generated from value "TheftDetectionSystem" located at cell 'Data'!A2.
   Facts: hasID "DET-THEFT-001"  # Generated from value "DET-THEFT-001" located at cell 'Data'!C2.,
         hasSensitivityLevel "High"  # Generated from value "High" located at cell 'Data'!D2.,
         hasAccuracyRate 0.98  # Generated from value "0.98" located at cell 'Data'!E2.,
         hasLastScanTime "2024-02-15T13:05:00"  # Generated from value "2024-02-15T13:05:00" located at cell 'Data'!F2.,
         hasDetectionLatencyMs 1  # Generated from value "1" located at cell 'Data'!G2.,
         hasReliabilityScore 5  # Generated from value "5" located at cell 'Data'!H2.,
         hasDetectionPriority 1  # Generated from value "1" located at cell 'Data'!I2.,
         isDetectionActive true  # Generated from value "true" located at cell 'Data'!J2.,
         hasTrainingData true  # Generated from value "true" located at cell 'Data'!K2.,
         isImplementedBy "SoftwareApp001"  # Generated from value "SoftwareApp001" located at cell 'Data'!L2.
   Types: DetectionMethod
   Annotations: rdfs:label "TheftDetectionSystem"
Individual: TheftDetectionSystem  # Generated from value "TheftDetectionSystem" located at cell 'Data'!A2.
   Facts: hasID "DET-THEFT-001"  # Generated from value "DET-THEFT-001" located at cell 'Data'!C2.,
         hasSensitivityLevel "High"  # Generated from value "High" located at cell 'Data'!D2.,
         hasAccuracyRate 0.98  # Generated from value "0.98" located at cell 'Data'!E2.,
         hasLastScanTime "2024-02-15T13:05:00"  # Generated from value "2024-02-15T13:05:00" located at cell 'Data'!F2.,
         hasDetectionLatencyMs 1  # Generated from value "1" located at cell 'Data'!G2.,
         hasReliabilityScore 5  # Generated from value "5" located at cell 'Data'!H2.,
         hasDetectionPriority 1  # Generated from value "1" located at cell 'Data'!I2.,
         isDetectionActive true  # Generated from value "true" located at cell 'Data'!J2.,
         hasTrainingData true  # Generated from value "true" located at cell 'Data'!K2.,
         isImplementedBy "SoftwareApp001"  # Generated from value "SoftwareApp001" located at cell 'Data'!L2.
   Types: DetectionMethod
   Annotations: rdfs:label "TheftDetectionSystem"
Individual: TheftDetectionSystem  # Generated from value "TheftDetectionSystem" located at cell 'Data'!A2.
   Facts: hasID "DET-THEFT-001"  # Generated from value "DET-THEFT-001" located at cell 'Data'!C2.,
         hasSensitivityLevel "High"  # Generated from value "High" located at cell 'Data'!D2.,
         hasAccuracyRate 0.98  # Generated from value "0.98" located at cell 'Data'!E2.,
         hasLastScanTime "2024-02-15T13:05:00"  # Generated from value "2024-02-15T13:05:00" located at cell 'Data'!F2.,
         hasDetectionLatencyMs 1  # Generated from value "1" located at cell 'Data'!G2.,
         hasReliabilityScore 5  # Generated from value "5" located at cell 'Data'!H2.,
         hasDetectionPriority 1  # Generated from value "1" located at cell 'Data'!I2.,
         isDetectionActive true  # Generated from value "true" located at cell 'Data'!J2.,
         hasTrainingData true  # Generated from value "true" located at cell 'Data'!K2.,
         isImplementedBy "SoftwareApp001"  # Generated from value "SoftwareApp001" located at cell 'Data'!L2.
   Types: DetectionMethod
   Annotations: rdfs:label "TheftDetectionSystem"

===========================================================================================================
Date: 2026-03-16 23:24:14
Ontology source: /C:/Users/s2024165/OneDrive%20-%20SARS/Personal/Personal/Masters%20in%20Computer%20Science/2023/TUT/Dissertation/Chapter%204%20-%20Design%20and%20implementation%20of%20LFTDO%20and%20Architecture/Ontology/209332175_LFTDO_V0.10.owl
Worksheet source: C:\Users\s2024165\OneDrive - SARS\Personal\Personal\Masters in Computer Science\2023\TUT\Dissertation\Chapter 7 - Artefacts Evaluations (Architecture and LFTDO)\Empirical Data\Master Data\7.DetectionMethod_LoadData.xlsx
Transformation rules: C:\Users\s2024165\OneDrive - SARS\Personal\Personal\Masters in Computer Science\2023\TUT\Dissertation\Chapter 7 - Artefacts Evaluations (Architecture and LFTDO)\Empirical Data\Master Data\7.DetectionMethod_LoadData_RULE_MAPPING.json

# Cell range: (Data!A2:A+) Comment: ""
# Individual: @A4 Annotations: rdfs:label @A4 Types: @B4 Facts: hasID @C4,hasSensitivityLevel @D4, hasAccuracyRate @E4(xsd:decimal),hasLastScanTime @F4 (xsd:dateTime),hasDetectionLatencyMs @G4(xsd:decimal),hasReliabilityScore @H4(xsd:decimal),hasDetectionPriority @I4(xsd:Integer),isDetectionActive @J4(xsd:boolean), hasTrainingData @K4(xsd:boolean),isImplementedBy @L4 

Individual: EscapeDetectionMethod  # Generated from value "EscapeDetectionMethod" located at cell 'Data'!A4.
   Facts: hasID "DET-ESCAPE-001"  # Generated from value "DET-ESCAPE-001" located at cell 'Data'!C4.,
         hasSensitivityLevel "High"  # Generated from value "High" located at cell 'Data'!D4.,
         hasAccuracyRate 0.8  # Generated from value "0.8" located at cell 'Data'!E4.,
         hasLastScanTime "2024-02-15T13:05:01"  # Generated from value "2024-02-15T13:05:01" located at cell 'Data'!F4.,
         hasDetectionLatencyMs 1  # Generated from value "1" located at cell 'Data'!G4.,
         hasReliabilityScore 3  # Generated from value "3" located at cell 'Data'!H4.,
         hasDetectionPriority 1  # Generated from value "1" located at cell 'Data'!I4.,
         isDetectionActive true  # Generated from value "true" located at cell 'Data'!J4.,
         hasTrainingData true  # Generated from value "true" located at cell 'Data'!K4.,
         isImplementedBy "SoftwareApp001"  # Generated from value "SoftwareApp001" located at cell 'Data'!L4.
   Types: DetectionMethod
   Annotations: rdfs:label "EscapeDetectionMethod"
Individual: EscapeDetectionMethod  # Generated from value "EscapeDetectionMethod" located at cell 'Data'!A4.
   Facts: hasID "DET-ESCAPE-001"  # Generated from value "DET-ESCAPE-001" located at cell 'Data'!C4.,
         hasSensitivityLevel "High"  # Generated from value "High" located at cell 'Data'!D4.,
         hasAccuracyRate 0.8  # Generated from value "0.8" located at cell 'Data'!E4.,
         hasLastScanTime "2024-02-15T13:05:01"  # Generated from value "2024-02-15T13:05:01" located at cell 'Data'!F4.,
         hasDetectionLatencyMs 1  # Generated from value "1" located at cell 'Data'!G4.,
         hasReliabilityScore 3  # Generated from value "3" located at cell 'Data'!H4.,
         hasDetectionPriority 1  # Generated from value "1" located at cell 'Data'!I4.,
         isDetectionActive true  # Generated from value "true" located at cell 'Data'!J4.,
         hasTrainingData true  # Generated from value "true" located at cell 'Data'!K4.,
         isImplementedBy "SoftwareApp001"  # Generated from value "SoftwareApp001" located at cell 'Data'!L4.
   Types: DetectionMethod
   Annotations: rdfs:label "EscapeDetectionMethod"
Individual: EscapeDetectionMethod  # Generated from value "EscapeDetectionMethod" located at cell 'Data'!A4.
   Facts: hasID "DET-ESCAPE-001"  # Generated from value "DET-ESCAPE-001" located at cell 'Data'!C4.,
         hasSensitivityLevel "High"  # Generated from value "High" located at cell 'Data'!D4.,
         hasAccuracyRate 0.8  # Generated from value "0.8" located at cell 'Data'!E4.,
         hasLastScanTime "2024-02-15T13:05:01"  # Generated from value "2024-02-15T13:05:01" located at cell 'Data'!F4.,
         hasDetectionLatencyMs 1  # Generated from value "1" located at cell 'Data'!G4.,
         hasReliabilityScore 3  # Generated from value "3" located at cell 'Data'!H4.,
         hasDetectionPriority 1  # Generated from value "1" located at cell 'Data'!I4.,
         isDetectionActive true  # Generated from value "true" located at cell 'Data'!J4.,
         hasTrainingData true  # Generated from value "true" located at cell 'Data'!K4.,
         isImplementedBy "SoftwareApp001"  # Generated from value "SoftwareApp001" located at cell 'Data'!L4.
   Types: DetectionMethod
   Annotations: rdfs:label "EscapeDetectionMethod"
Individual: EscapeDetectionMethod  # Generated from value "EscapeDetectionMethod" located at cell 'Data'!A4.
   Facts: hasID "DET-ESCAPE-001"  # Generated from value "DET-ESCAPE-001" located at cell 'Data'!C4.,
         hasSensitivityLevel "High"  # Generated from value "High" located at cell 'Data'!D4.,
         hasAccuracyRate 0.8  # Generated from value "0.8" located at cell 'Data'!E4.,
         hasLastScanTime "2024-02-15T13:05:01"  # Generated from value "2024-02-15T13:05:01" located at cell 'Data'!F4.,
         hasDetectionLatencyMs 1  # Generated from value "1" located at cell 'Data'!G4.,
         hasReliabilityScore 3  # Generated from value "3" located at cell 'Data'!H4.,
         hasDetectionPriority 1  # Generated from value "1" located at cell 'Data'!I4.,
         isDetectionActive true  # Generated from value "true" located at cell 'Data'!J4.,
         hasTrainingData true  # Generated from value "true" located at cell 'Data'!K4.,
         isImplementedBy "SoftwareApp001"  # Generated from value "SoftwareApp001" located at cell 'Data'!L4.
   Types: DetectionMethod
   Annotations: rdfs:label "EscapeDetectionMethod"

===========================================================================================================
Date: 2026-03-16 23:54:07
Ontology source: /C:/Users/s2024165/OneDrive%20-%20SARS/Personal/Personal/Masters%20in%20Computer%20Science/2023/TUT/Dissertation/Chapter%204%20-%20Design%20and%20implementation%20of%20LFTDO%20and%20Architecture/Ontology/209332175_LFTDO_V0.10.owl
Worksheet source: C:\Users\s2024165\OneDrive - SARS\Personal\Personal\Masters in Computer Science\2023\TUT\Dissertation\Chapter 7 - Artefacts Evaluations (Architecture and LFTDO)\Empirical Data\Master Data\7.DetectionMethod_LoadData.xlsx
Transformation rules: C:\Users\s2024165\OneDrive - SARS\Personal\Personal\Masters in Computer Science\2023\TUT\Dissertation\Chapter 7 - Artefacts Evaluations (Architecture and LFTDO)\Empirical Data\Master Data\7.DetectionMethod_LoadData_RULE_MAPPING.json

# Cell range: (Data!A2:A+) Comment: ""
# Individual: @A5 Annotations: rdfs:label @A5 Types: @B5 Facts: hasID @C5,hasSensitivityLevel @D5, hasAccuracyRate @E5(xsd:decimal),hasLastScanTime @F5 (xsd:dateTime),hasDetectionLatencyMs @G5(xsd:decimal),hasReliabilityScore @H5(xsd:decimal),hasDetectionPriority @I5(xsd:Integer),isDetectionActive @J5(xsd:boolean), hasTrainingData @K5(xsd:boolean),isImplementedBy @L5 

Individual: EscapeDetectionMethod  # Generated from value "EscapeDetectionMethod" located at cell 'Data'!A5.
   Facts: hasID "DET-ESCAPE-001"  # Generated from value "DET-ESCAPE-001" located at cell 'Data'!C5.,
         hasSensitivityLevel "High"  # Generated from value "High" located at cell 'Data'!D5.,
         hasAccuracyRate 0.97  # Generated from value "0.97" located at cell 'Data'!E5.,
         hasLastScanTime "2024-02-15T13:05:01"  # Generated from value "2024-02-15T13:05:01" located at cell 'Data'!F5.,
         hasDetectionLatencyMs 1  # Generated from value "1" located at cell 'Data'!G5.,
         hasReliabilityScore 3  # Generated from value "3" located at cell 'Data'!H5.,
         hasDetectionPriority 1  # Generated from value "1" located at cell 'Data'!I5.,
         isDetectionActive true  # Generated from value "true" located at cell 'Data'!J5.,
         hasTrainingData true  # Generated from value "true" located at cell 'Data'!K5.,
         isImplementedBy "SoftwareApp001"  # Generated from value "SoftwareApp001" located at cell 'Data'!L5.
   Types: DetectionMethod
   Annotations: rdfs:label "EscapeDetectionMethod"
Individual: EscapeDetectionMethod  # Generated from value "EscapeDetectionMethod" located at cell 'Data'!A5.
   Facts: hasID "DET-ESCAPE-001"  # Generated from value "DET-ESCAPE-001" located at cell 'Data'!C5.,
         hasSensitivityLevel "High"  # Generated from value "High" located at cell 'Data'!D5.,
         hasAccuracyRate 0.97  # Generated from value "0.97" located at cell 'Data'!E5.,
         hasLastScanTime "2024-02-15T13:05:01"  # Generated from value "2024-02-15T13:05:01" located at cell 'Data'!F5.,
         hasDetectionLatencyMs 1  # Generated from value "1" located at cell 'Data'!G5.,
         hasReliabilityScore 3  # Generated from value "3" located at cell 'Data'!H5.,
         hasDetectionPriority 1  # Generated from value "1" located at cell 'Data'!I5.,
         isDetectionActive true  # Generated from value "true" located at cell 'Data'!J5.,
         hasTrainingData true  # Generated from value "true" located at cell 'Data'!K5.,
         isImplementedBy "SoftwareApp001"  # Generated from value "SoftwareApp001" located at cell 'Data'!L5.
   Types: DetectionMethod
   Annotations: rdfs:label "EscapeDetectionMethod"
Individual: EscapeDetectionMethod  # Generated from value "EscapeDetectionMethod" located at cell 'Data'!A5.
   Facts: hasID "DET-ESCAPE-001"  # Generated from value "DET-ESCAPE-001" located at cell 'Data'!C5.,
         hasSensitivityLevel "High"  # Generated from value "High" located at cell 'Data'!D5.,
         hasAccuracyRate 0.97  # Generated from value "0.97" located at cell 'Data'!E5.,
         hasLastScanTime "2024-02-15T13:05:01"  # Generated from value "2024-02-15T13:05:01" located at cell 'Data'!F5.,
         hasDetectionLatencyMs 1  # Generated from value "1" located at cell 'Data'!G5.,
         hasReliabilityScore 3  # Generated from value "3" located at cell 'Data'!H5.,
         hasDetectionPriority 1  # Generated from value "1" located at cell 'Data'!I5.,
         isDetectionActive true  # Generated from value "true" located at cell 'Data'!J5.,
         hasTrainingData true  # Generated from value "true" located at cell 'Data'!K5.,
         isImplementedBy "SoftwareApp001"  # Generated from value "SoftwareApp001" located at cell 'Data'!L5.
   Types: DetectionMethod
   Annotations: rdfs:label "EscapeDetectionMethod"
Individual: EscapeDetectionMethod  # Generated from value "EscapeDetectionMethod" located at cell 'Data'!A5.
   Facts: hasID "DET-ESCAPE-001"  # Generated from value "DET-ESCAPE-001" located at cell 'Data'!C5.,
         hasSensitivityLevel "High"  # Generated from value "High" located at cell 'Data'!D5.,
         hasAccuracyRate 0.97  # Generated from value "0.97" located at cell 'Data'!E5.,
         hasLastScanTime "2024-02-15T13:05:01"  # Generated from value "2024-02-15T13:05:01" located at cell 'Data'!F5.,
         hasDetectionLatencyMs 1  # Generated from value "1" located at cell 'Data'!G5.,
         hasReliabilityScore 3  # Generated from value "3" located at cell 'Data'!H5.,
         hasDetectionPriority 1  # Generated from value "1" located at cell 'Data'!I5.,
         isDetectionActive true  # Generated from value "true" located at cell 'Data'!J5.,
         hasTrainingData true  # Generated from value "true" located at cell 'Data'!K5.,
         isImplementedBy "SoftwareApp001"  # Generated from value "SoftwareApp001" located at cell 'Data'!L5.
   Types: DetectionMethod
   Annotations: rdfs:label "EscapeDetectionMethod"

===========================================================================================================
Date: 2026-03-16 23:56:53
Ontology source: /C:/Users/s2024165/OneDrive%20-%20SARS/Personal/Personal/Masters%20in%20Computer%20Science/2023/TUT/Dissertation/Chapter%204%20-%20Design%20and%20implementation%20of%20LFTDO%20and%20Architecture/Ontology/209332175_LFTDO_V0.10.owl
Worksheet source: C:\Users\s2024165\OneDrive - SARS\Personal\Personal\Masters in Computer Science\2023\TUT\Dissertation\Chapter 7 - Artefacts Evaluations (Architecture and LFTDO)\Empirical Data\Master Data\5.Algorithm_LoadData.xlsx
Transformation rules: C:\Users\s2024165\OneDrive - SARS\Personal\Personal\Masters in Computer Science\2023\TUT\Dissertation\Chapter 7 - Artefacts Evaluations (Architecture and LFTDO)\Empirical Data\Master Data\5.Algorithm_LoadData_RULE_MAPPING.json

# Cell range: (Data!A2:A+) Comment: ""
# Individual: @A5 Annotations: rdfs:label @A5 Types: @B5 Facts: hasAlgorithmType @C5, hasAccuracyRate @D5(xsd:decimal),
# isUsedBy @E5,hasAlgorithmVersion @F5,hasComplexity @G5,isOptimized @H5(xsd:boolean)

Individual: Algorithm004  # Generated from value "Algorithm004" located at cell 'Data'!A5.
   Facts: hasAlgorithmType "Spatial Geofencing"  # Generated from value "Spatial Geofencing" located at cell 'Data'!C5.,
         hasAccuracyRate 0.97  # Generated from value "0.97" located at cell 'Data'!D5.,
         isUsedBy "EscapedDetectionMethod"  # Generated from value "EscapedDetectionMethod" located at cell 'Data'!E5.,
         hasAlgorithmVersion "v0.1"  # Generated from value "v0.1" located at cell 'Data'!F5.,
         hasComplexity "LOW"  # Generated from value "LOW" located at cell 'Data'!G5.,
         isOptimized true  # Generated from value "true" located at cell 'Data'!H5.
   Types: Algorithm
   Annotations: rdfs:label "Algorithm004"
Individual: Algorithm004  # Generated from value "Algorithm004" located at cell 'Data'!A5.
   Facts: hasAlgorithmType "Spatial Geofencing"  # Generated from value "Spatial Geofencing" located at cell 'Data'!C5.,
         hasAccuracyRate 0.97  # Generated from value "0.97" located at cell 'Data'!D5.,
         isUsedBy "EscapedDetectionMethod"  # Generated from value "EscapedDetectionMethod" located at cell 'Data'!E5.,
         hasAlgorithmVersion "v0.1"  # Generated from value "v0.1" located at cell 'Data'!F5.,
         hasComplexity "LOW"  # Generated from value "LOW" located at cell 'Data'!G5.,
         isOptimized true  # Generated from value "true" located at cell 'Data'!H5.
   Types: Algorithm
   Annotations: rdfs:label "Algorithm004"
Individual: Algorithm004  # Generated from value "Algorithm004" located at cell 'Data'!A5.
   Facts: hasAlgorithmType "Spatial Geofencing"  # Generated from value "Spatial Geofencing" located at cell 'Data'!C5.,
         hasAccuracyRate 0.97  # Generated from value "0.97" located at cell 'Data'!D5.,
         isUsedBy "EscapedDetectionMethod"  # Generated from value "EscapedDetectionMethod" located at cell 'Data'!E5.,
         hasAlgorithmVersion "v0.1"  # Generated from value "v0.1" located at cell 'Data'!F5.,
         hasComplexity "LOW"  # Generated from value "LOW" located at cell 'Data'!G5.,
         isOptimized true  # Generated from value "true" located at cell 'Data'!H5.
   Types: Algorithm
   Annotations: rdfs:label "Algorithm004"
Individual: Algorithm004  # Generated from value "Algorithm004" located at cell 'Data'!A5.
   Facts: hasAlgorithmType "Spatial Geofencing"  # Generated from value "Spatial Geofencing" located at cell 'Data'!C5.,
         hasAccuracyRate 0.97  # Generated from value "0.97" located at cell 'Data'!D5.,
         isUsedBy "EscapedDetectionMethod"  # Generated from value "EscapedDetectionMethod" located at cell 'Data'!E5.,
         hasAlgorithmVersion "v0.1"  # Generated from value "v0.1" located at cell 'Data'!F5.,
         hasComplexity "LOW"  # Generated from value "LOW" located at cell 'Data'!G5.,
         isOptimized true  # Generated from value "true" located at cell 'Data'!H5.
   Types: Algorithm
   Annotations: rdfs:label "Algorithm004"

===========================================================================================================
Date: 2026-03-17 00:01:19
Ontology source: /C:/Users/s2024165/OneDrive%20-%20SARS/Personal/Personal/Masters%20in%20Computer%20Science/2023/TUT/Dissertation/Chapter%204%20-%20Design%20and%20implementation%20of%20LFTDO%20and%20Architecture/Ontology/209332175_LFTDO_V0.10.owl
Worksheet source: C:\Users\s2024165\OneDrive - SARS\Personal\Personal\Masters in Computer Science\2023\TUT\Dissertation\Chapter 7 - Artefacts Evaluations (Architecture and LFTDO)\Empirical Data\Master Data\7.DetectionMethod_LoadData.xlsx
Transformation rules: C:\Users\s2024165\OneDrive - SARS\Personal\Personal\Masters in Computer Science\2023\TUT\Dissertation\Chapter 7 - Artefacts Evaluations (Architecture and LFTDO)\Empirical Data\Master Data\7.DetectionMethod_LoadData_RULE_MAPPING.json

# Cell range: (Data!A2:A+) Comment: ""
# Individual: @A5 Annotations: rdfs:label @A5 Types: @B5 Facts: hasID @C5,hasSensitivityLevel @D5, hasAccuracyRate @E5(xsd:decimal),hasLastScanTime @F5 (xsd:dateTime),hasDetectionLatencyMs @G5(xsd:decimal),hasReliabilityScore @H5(xsd:decimal),hasDetectionPriority @I5(xsd:Integer),isDetectionActive @J5(xsd:boolean), hasTrainingData @K5(xsd:boolean),isImplementedBy @L5 

Individual: EscapeDetectionMethod  # Generated from value "EscapeDetectionMethod" located at cell 'Data'!A5.
   Facts: hasID "DET-ESCAPE-001"  # Generated from value "DET-ESCAPE-001" located at cell 'Data'!C5.,
         hasSensitivityLevel "High"  # Generated from value "High" located at cell 'Data'!D5.,
         hasAccuracyRate 0.97  # Generated from value "0.97" located at cell 'Data'!E5.,
         hasLastScanTime "2024-02-15T13:05:01"  # Generated from value "2024-02-15T13:05:01" located at cell 'Data'!F5.,
         hasDetectionLatencyMs 1  # Generated from value "1" located at cell 'Data'!G5.,
         hasReliabilityScore 3  # Generated from value "3" located at cell 'Data'!H5.,
         hasDetectionPriority 1  # Generated from value "1" located at cell 'Data'!I5.,
         isDetectionActive true  # Generated from value "true" located at cell 'Data'!J5.,
         hasTrainingData true  # Generated from value "true" located at cell 'Data'!K5.,
         isImplementedBy "SoftwareApp001"  # Generated from value "SoftwareApp001" located at cell 'Data'!L5.
   Types: DetectionMethod
   Annotations: rdfs:label "EscapeDetectionMethod"
Individual: EscapeDetectionMethod  # Generated from value "EscapeDetectionMethod" located at cell 'Data'!A5.
   Facts: hasID "DET-ESCAPE-001"  # Generated from value "DET-ESCAPE-001" located at cell 'Data'!C5.,
         hasSensitivityLevel "High"  # Generated from value "High" located at cell 'Data'!D5.,
         hasAccuracyRate 0.97  # Generated from value "0.97" located at cell 'Data'!E5.,
         hasLastScanTime "2024-02-15T13:05:01"  # Generated from value "2024-02-15T13:05:01" located at cell 'Data'!F5.,
         hasDetectionLatencyMs 1  # Generated from value "1" located at cell 'Data'!G5.,
         hasReliabilityScore 3  # Generated from value "3" located at cell 'Data'!H5.,
         hasDetectionPriority 1  # Generated from value "1" located at cell 'Data'!I5.,
         isDetectionActive true  # Generated from value "true" located at cell 'Data'!J5.,
         hasTrainingData true  # Generated from value "true" located at cell 'Data'!K5.,
         isImplementedBy "SoftwareApp001"  # Generated from value "SoftwareApp001" located at cell 'Data'!L5.
   Types: DetectionMethod
   Annotations: rdfs:label "EscapeDetectionMethod"
Individual: EscapeDetectionMethod  # Generated from value "EscapeDetectionMethod" located at cell 'Data'!A5.
   Facts: hasID "DET-ESCAPE-001"  # Generated from value "DET-ESCAPE-001" located at cell 'Data'!C5.,
         hasSensitivityLevel "High"  # Generated from value "High" located at cell 'Data'!D5.,
         hasAccuracyRate 0.97  # Generated from value "0.97" located at cell 'Data'!E5.,
         hasLastScanTime "2024-02-15T13:05:01"  # Generated from value "2024-02-15T13:05:01" located at cell 'Data'!F5.,
         hasDetectionLatencyMs 1  # Generated from value "1" located at cell 'Data'!G5.,
         hasReliabilityScore 3  # Generated from value "3" located at cell 'Data'!H5.,
         hasDetectionPriority 1  # Generated from value "1" located at cell 'Data'!I5.,
         isDetectionActive true  # Generated from value "true" located at cell 'Data'!J5.,
         hasTrainingData true  # Generated from value "true" located at cell 'Data'!K5.,
         isImplementedBy "SoftwareApp001"  # Generated from value "SoftwareApp001" located at cell 'Data'!L5.
   Types: DetectionMethod
   Annotations: rdfs:label "EscapeDetectionMethod"
Individual: EscapeDetectionMethod  # Generated from value "EscapeDetectionMethod" located at cell 'Data'!A5.
   Facts: hasID "DET-ESCAPE-001"  # Generated from value "DET-ESCAPE-001" located at cell 'Data'!C5.,
         hasSensitivityLevel "High"  # Generated from value "High" located at cell 'Data'!D5.,
         hasAccuracyRate 0.97  # Generated from value "0.97" located at cell 'Data'!E5.,
         hasLastScanTime "2024-02-15T13:05:01"  # Generated from value "2024-02-15T13:05:01" located at cell 'Data'!F5.,
         hasDetectionLatencyMs 1  # Generated from value "1" located at cell 'Data'!G5.,
         hasReliabilityScore 3  # Generated from value "3" located at cell 'Data'!H5.,
         hasDetectionPriority 1  # Generated from value "1" located at cell 'Data'!I5.,
         isDetectionActive true  # Generated from value "true" located at cell 'Data'!J5.,
         hasTrainingData true  # Generated from value "true" located at cell 'Data'!K5.,
         isImplementedBy "SoftwareApp001"  # Generated from value "SoftwareApp001" located at cell 'Data'!L5.
   Types: DetectionMethod
   Annotations: rdfs:label "EscapeDetectionMethod"

===========================================================================================================
Date: 2026-03-17 00:06:11
Ontology source: /C:/Users/s2024165/OneDrive%20-%20SARS/Personal/Personal/Masters%20in%20Computer%20Science/2023/TUT/Dissertation/Chapter%204%20-%20Design%20and%20implementation%20of%20LFTDO%20and%20Architecture/Ontology/209332175_LFTDO_V0.10.owl
Worksheet source: C:\Users\s2024165\OneDrive - SARS\Personal\Personal\Masters in Computer Science\2023\TUT\Dissertation\Chapter 7 - Artefacts Evaluations (Architecture and LFTDO)\Empirical Data\Master Data\7.DetectionMethod_LoadData.xlsx
Transformation rules: C:\Users\s2024165\OneDrive - SARS\Personal\Personal\Masters in Computer Science\2023\TUT\Dissertation\Chapter 7 - Artefacts Evaluations (Architecture and LFTDO)\Empirical Data\Master Data\7.DetectionMethod_LoadData_RULE_MAPPING.json

# Cell range: (Data!A2:A+) Comment: ""
# Individual: @A5 Annotations: rdfs:label @A5 Types: @B5 Facts: hasID @C5,hasSensitivityLevel @D5, hasAccuracyRate @E5(xsd:decimal),hasLastScanTime @F5 (xsd:dateTime),hasDetectionLatencyMs @G5(xsd:decimal),hasReliabilityScore @H5(xsd:decimal),hasDetectionPriority @I5(xsd:Integer),isDetectionActive @J5(xsd:boolean), hasTrainingData @K5(xsd:boolean),isImplementedBy @L5 , analyses @M5, uses @N5

Individual: EscapeDetectionMethod  # Generated from value "EscapeDetectionMethod" located at cell 'Data'!A5.
   Facts: hasID "DET-ESCAPE-001"  # Generated from value "DET-ESCAPE-001" located at cell 'Data'!C5.,
         hasSensitivityLevel "High"  # Generated from value "High" located at cell 'Data'!D5.,
         hasAccuracyRate 0.97  # Generated from value "0.97" located at cell 'Data'!E5.,
         hasLastScanTime "2024-02-15T13:05:01"  # Generated from value "2024-02-15T13:05:01" located at cell 'Data'!F5.,
         hasDetectionLatencyMs 1  # Generated from value "1" located at cell 'Data'!G5.,
         hasReliabilityScore 3  # Generated from value "3" located at cell 'Data'!H5.,
         hasDetectionPriority 1  # Generated from value "1" located at cell 'Data'!I5.,
         isDetectionActive true  # Generated from value "true" located at cell 'Data'!J5.,
         hasTrainingData true  # Generated from value "true" located at cell 'Data'!K5.,
         isImplementedBy "SoftwareApp001"  # Generated from value "SoftwareApp001" located at cell 'Data'!L5.,
         analyses "Database003"  # Generated from value "Database003" located at cell 'Data'!M5.,
         uses "Algorithm004"  # Generated from value "Algorithm004" located at cell 'Data'!N5.
   Types: DetectionMethod
   Annotations: rdfs:label "EscapeDetectionMethod"
Individual: EscapeDetectionMethod  # Generated from value "EscapeDetectionMethod" located at cell 'Data'!A5.
   Facts: hasID "DET-ESCAPE-001"  # Generated from value "DET-ESCAPE-001" located at cell 'Data'!C5.,
         hasSensitivityLevel "High"  # Generated from value "High" located at cell 'Data'!D5.,
         hasAccuracyRate 0.97  # Generated from value "0.97" located at cell 'Data'!E5.,
         hasLastScanTime "2024-02-15T13:05:01"  # Generated from value "2024-02-15T13:05:01" located at cell 'Data'!F5.,
         hasDetectionLatencyMs 1  # Generated from value "1" located at cell 'Data'!G5.,
         hasReliabilityScore 3  # Generated from value "3" located at cell 'Data'!H5.,
         hasDetectionPriority 1  # Generated from value "1" located at cell 'Data'!I5.,
         isDetectionActive true  # Generated from value "true" located at cell 'Data'!J5.,
         hasTrainingData true  # Generated from value "true" located at cell 'Data'!K5.,
         isImplementedBy "SoftwareApp001"  # Generated from value "SoftwareApp001" located at cell 'Data'!L5.,
         analyses "Database003"  # Generated from value "Database003" located at cell 'Data'!M5.,
         uses "Algorithm004"  # Generated from value "Algorithm004" located at cell 'Data'!N5.
   Types: DetectionMethod
   Annotations: rdfs:label "EscapeDetectionMethod"
Individual: EscapeDetectionMethod  # Generated from value "EscapeDetectionMethod" located at cell 'Data'!A5.
   Facts: hasID "DET-ESCAPE-001"  # Generated from value "DET-ESCAPE-001" located at cell 'Data'!C5.,
         hasSensitivityLevel "High"  # Generated from value "High" located at cell 'Data'!D5.,
         hasAccuracyRate 0.97  # Generated from value "0.97" located at cell 'Data'!E5.,
         hasLastScanTime "2024-02-15T13:05:01"  # Generated from value "2024-02-15T13:05:01" located at cell 'Data'!F5.,
         hasDetectionLatencyMs 1  # Generated from value "1" located at cell 'Data'!G5.,
         hasReliabilityScore 3  # Generated from value "3" located at cell 'Data'!H5.,
         hasDetectionPriority 1  # Generated from value "1" located at cell 'Data'!I5.,
         isDetectionActive true  # Generated from value "true" located at cell 'Data'!J5.,
         hasTrainingData true  # Generated from value "true" located at cell 'Data'!K5.,
         isImplementedBy "SoftwareApp001"  # Generated from value "SoftwareApp001" located at cell 'Data'!L5.,
         analyses "Database003"  # Generated from value "Database003" located at cell 'Data'!M5.,
         uses "Algorithm004"  # Generated from value "Algorithm004" located at cell 'Data'!N5.
   Types: DetectionMethod
   Annotations: rdfs:label "EscapeDetectionMethod"
Individual: EscapeDetectionMethod  # Generated from value "EscapeDetectionMethod" located at cell 'Data'!A5.
   Facts: hasID "DET-ESCAPE-001"  # Generated from value "DET-ESCAPE-001" located at cell 'Data'!C5.,
         hasSensitivityLevel "High"  # Generated from value "High" located at cell 'Data'!D5.,
         hasAccuracyRate 0.97  # Generated from value "0.97" located at cell 'Data'!E5.,
         hasLastScanTime "2024-02-15T13:05:01"  # Generated from value "2024-02-15T13:05:01" located at cell 'Data'!F5.,
         hasDetectionLatencyMs 1  # Generated from value "1" located at cell 'Data'!G5.,
         hasReliabilityScore 3  # Generated from value "3" located at cell 'Data'!H5.,
         hasDetectionPriority 1  # Generated from value "1" located at cell 'Data'!I5.,
         isDetectionActive true  # Generated from value "true" located at cell 'Data'!J5.,
         hasTrainingData true  # Generated from value "true" located at cell 'Data'!K5.,
         isImplementedBy "SoftwareApp001"  # Generated from value "SoftwareApp001" located at cell 'Data'!L5.,
         analyses "Database003"  # Generated from value "Database003" located at cell 'Data'!M5.,
         uses "Algorithm004"  # Generated from value "Algorithm004" located at cell 'Data'!N5.
   Types: DetectionMethod
   Annotations: rdfs:label "EscapeDetectionMethod"

===========================================================================================================
Date: 2026-03-21 16:31:38
Ontology source: /C:/Users/s2024165/OneDrive%20-%20SARS/Personal/Personal/Masters%20in%20Computer%20Science/2023/TUT/Dissertation/Chapter%204%20-%20Design%20and%20implementation%20of%20LFTDO%20and%20Architecture/Ontology/209332175_LFTDO_V0.11.owl
Worksheet source: C:\Users\s2024165\OneDrive - SARS\Personal\Personal\Masters in Computer Science\2023\TUT\Dissertation\Chapter 7 - Artefacts Evaluations (Architecture and LFTDO)\Empirical Data\Master Data\7.DetectionMethod_LoadData.xlsx
Transformation rules: C:\Users\s2024165\OneDrive - SARS\Personal\Personal\Masters in Computer Science\2023\TUT\Dissertation\Chapter 7 - Artefacts Evaluations (Architecture and LFTDO)\Empirical Data\Master Data\7.DetectionMethod_LoadData_RULE_MAPPING.json

# Cell range: (Data!A2:A+) Comment: ""
# Individual: @A4 Annotations: rdfs:label @A4 Types: @B4 Facts: hasID @C4,hasSensitivityLevel @D4, hasAccuracyRate @E4(xsd:decimal),hasLastScanTime @F4 (xsd:dateTime),hasDetectionLatencyMs @G4(xsd:decimal),hasReliabilityScore @H4(xsd:decimal),hasDetectionPriority @I4(xsd:Integer),isDetectionActive @J4(xsd:boolean), hasTrainingData @K4(xsd:boolean),isImplementedBy @L4 , analyses @M4, uses @N4

Individual: HealthDetectionMethod  # Generated from value "HealthDetectionMethod" located at cell 'Data'!A4.
   Facts: hasID "DET-HEALTH-001"  # Generated from value "DET-HEALTH-001" located at cell 'Data'!C4.,
         hasSensitivityLevel "High"  # Generated from value "High" located at cell 'Data'!D4.,
         hasAccuracyRate 0.86  # Generated from value "0.86" located at cell 'Data'!E4.,
         hasLastScanTime "2024-02-15T13:05:02"  # Generated from value "2024-02-15T13:05:02" located at cell 'Data'!F4.,
         hasDetectionLatencyMs 1  # Generated from value "1" located at cell 'Data'!G4.,
         hasReliabilityScore 5  # Generated from value "5" located at cell 'Data'!H4.,
         hasDetectionPriority 1  # Generated from value "1" located at cell 'Data'!I4.,
         isDetectionActive true  # Generated from value "true" located at cell 'Data'!J4.,
         hasTrainingData true  # Generated from value "true" located at cell 'Data'!K4.,
         isImplementedBy "SoftwareApp002"  # Generated from value "SoftwareApp002" located at cell 'Data'!L4.,
         analyses "Database001"  # Generated from value "Database001" located at cell 'Data'!M4.,
         uses "Algorithm003"  # Generated from value "Algorithm003" located at cell 'Data'!N4.
   Types: DetectionMethod
   Annotations: rdfs:label "HealthDetectionMethod"
Individual: HealthDetectionMethod  # Generated from value "HealthDetectionMethod" located at cell 'Data'!A4.
   Facts: hasID "DET-HEALTH-001"  # Generated from value "DET-HEALTH-001" located at cell 'Data'!C4.,
         hasSensitivityLevel "High"  # Generated from value "High" located at cell 'Data'!D4.,
         hasAccuracyRate 0.86  # Generated from value "0.86" located at cell 'Data'!E4.,
         hasLastScanTime "2024-02-15T13:05:02"  # Generated from value "2024-02-15T13:05:02" located at cell 'Data'!F4.,
         hasDetectionLatencyMs 1  # Generated from value "1" located at cell 'Data'!G4.,
         hasReliabilityScore 5  # Generated from value "5" located at cell 'Data'!H4.,
         hasDetectionPriority 1  # Generated from value "1" located at cell 'Data'!I4.,
         isDetectionActive true  # Generated from value "true" located at cell 'Data'!J4.,
         hasTrainingData true  # Generated from value "true" located at cell 'Data'!K4.,
         isImplementedBy "SoftwareApp002"  # Generated from value "SoftwareApp002" located at cell 'Data'!L4.,
         analyses "Database001"  # Generated from value "Database001" located at cell 'Data'!M4.,
         uses "Algorithm003"  # Generated from value "Algorithm003" located at cell 'Data'!N4.
   Types: DetectionMethod
   Annotations: rdfs:label "HealthDetectionMethod"
Individual: HealthDetectionMethod  # Generated from value "HealthDetectionMethod" located at cell 'Data'!A4.
   Facts: hasID "DET-HEALTH-001"  # Generated from value "DET-HEALTH-001" located at cell 'Data'!C4.,
         hasSensitivityLevel "High"  # Generated from value "High" located at cell 'Data'!D4.,
         hasAccuracyRate 0.86  # Generated from value "0.86" located at cell 'Data'!E4.,
         hasLastScanTime "2024-02-15T13:05:02"  # Generated from value "2024-02-15T13:05:02" located at cell 'Data'!F4.,
         hasDetectionLatencyMs 1  # Generated from value "1" located at cell 'Data'!G4.,
         hasReliabilityScore 5  # Generated from value "5" located at cell 'Data'!H4.,
         hasDetectionPriority 1  # Generated from value "1" located at cell 'Data'!I4.,
         isDetectionActive true  # Generated from value "true" located at cell 'Data'!J4.,
         hasTrainingData true  # Generated from value "true" located at cell 'Data'!K4.,
         isImplementedBy "SoftwareApp002"  # Generated from value "SoftwareApp002" located at cell 'Data'!L4.,
         analyses "Database001"  # Generated from value "Database001" located at cell 'Data'!M4.,
         uses "Algorithm003"  # Generated from value "Algorithm003" located at cell 'Data'!N4.
   Types: DetectionMethod
   Annotations: rdfs:label "HealthDetectionMethod"
Individual: HealthDetectionMethod  # Generated from value "HealthDetectionMethod" located at cell 'Data'!A4.
   Facts: hasID "DET-HEALTH-001"  # Generated from value "DET-HEALTH-001" located at cell 'Data'!C4.,
         hasSensitivityLevel "High"  # Generated from value "High" located at cell 'Data'!D4.,
         hasAccuracyRate 0.86  # Generated from value "0.86" located at cell 'Data'!E4.,
         hasLastScanTime "2024-02-15T13:05:02"  # Generated from value "2024-02-15T13:05:02" located at cell 'Data'!F4.,
         hasDetectionLatencyMs 1  # Generated from value "1" located at cell 'Data'!G4.,
         hasReliabilityScore 5  # Generated from value "5" located at cell 'Data'!H4.,
         hasDetectionPriority 1  # Generated from value "1" located at cell 'Data'!I4.,
         isDetectionActive true  # Generated from value "true" located at cell 'Data'!J4.,
         hasTrainingData true  # Generated from value "true" located at cell 'Data'!K4.,
         isImplementedBy "SoftwareApp002"  # Generated from value "SoftwareApp002" located at cell 'Data'!L4.,
         analyses "Database001"  # Generated from value "Database001" located at cell 'Data'!M4.,
         uses "Algorithm003"  # Generated from value "Algorithm003" located at cell 'Data'!N4.
   Types: DetectionMethod
   Annotations: rdfs:label "HealthDetectionMethod"

===========================================================================================================
Date: 2026-03-21 16:34:28
Ontology source: /C:/Users/s2024165/OneDrive%20-%20SARS/Personal/Personal/Masters%20in%20Computer%20Science/2023/TUT/Dissertation/Chapter%204%20-%20Design%20and%20implementation%20of%20LFTDO%20and%20Architecture/Ontology/209332175_LFTDO_V0.11.owl
Worksheet source: C:\Users\s2024165\OneDrive - SARS\Personal\Personal\Masters in Computer Science\2023\TUT\Dissertation\Chapter 7 - Artefacts Evaluations (Architecture and LFTDO)\Empirical Data\Master Data\6.SoftwareApp_LoadData.xlsx
Transformation rules: C:\Users\s2024165\OneDrive - SARS\Personal\Personal\Masters in Computer Science\2023\TUT\Dissertation\Chapter 7 - Artefacts Evaluations (Architecture and LFTDO)\Empirical Data\Master Data\6.SoftwareApp_LoadData_RULE_MAPPING.json

# Cell range: (Data!A2:J+) Comment: ""
# Individual: @A3 Types: @B3 Facts: hasSoftwareAppName @C3,hasID @D3, hasSoftwareVersion @E3,hasResponseTimeMs @F3(xsd:decimal),hasLastSyncTime @G3(xsd:dateTime),
# isOnline @H3(xsd:boolean),accesses @I3,isDeployedOn @J3

Individual: SoftwareApp002  # Generated from value "SoftwareApp002" located at cell 'Data'!A3.
   Facts: hasSoftwareAppName "BioTrack-Health"  # Generated from value "BioTrack-Health" located at cell 'Data'!C3.,
         hasID "APP-BIO-2024-001"  # Generated from value "APP-BIO-2024-001" located at cell 'Data'!D3.,
         hasSoftwareVersion "v0.0"  # Generated from value "v0.0" located at cell 'Data'!E3.,
         hasResponseTimeMs 90  # Generated from value "90" located at cell 'Data'!F3.,
         hasLastSyncTime "2024-02-15T13:05:00"  # Generated from value "2024-02-15T13:05:00" located at cell 'Data'!G3.,
         isOnline true  # Generated from value "true" located at cell 'Data'!H3.,
         accesses "Database001"  # Generated from value "Database001" located at cell 'Data'!I3.,
         isDeployedOn "CloudService001"  # Generated from value "CloudService001" located at cell 'Data'!J3.
   Types: SoftwareApplication
Individual: SoftwareApp002  # Generated from value "SoftwareApp002" located at cell 'Data'!A3.
   Facts: hasSoftwareAppName "BioTrack-Health"  # Generated from value "BioTrack-Health" located at cell 'Data'!C3.,
         hasID "APP-BIO-2024-001"  # Generated from value "APP-BIO-2024-001" located at cell 'Data'!D3.,
         hasSoftwareVersion "v0.0"  # Generated from value "v0.0" located at cell 'Data'!E3.,
         hasResponseTimeMs 90  # Generated from value "90" located at cell 'Data'!F3.,
         hasLastSyncTime "2024-02-15T13:05:00"  # Generated from value "2024-02-15T13:05:00" located at cell 'Data'!G3.,
         isOnline true  # Generated from value "true" located at cell 'Data'!H3.,
         accesses "Database001"  # Generated from value "Database001" located at cell 'Data'!I3.,
         isDeployedOn "CloudService001"  # Generated from value "CloudService001" located at cell 'Data'!J3.
   Types: SoftwareApplication
Individual: SoftwareApp002  # Generated from value "SoftwareApp002" located at cell 'Data'!A3.
   Facts: hasSoftwareAppName "BioTrack-Health"  # Generated from value "BioTrack-Health" located at cell 'Data'!C3.,
         hasID "APP-BIO-2024-001"  # Generated from value "APP-BIO-2024-001" located at cell 'Data'!D3.,
         hasSoftwareVersion "v0.0"  # Generated from value "v0.0" located at cell 'Data'!E3.,
         hasResponseTimeMs 90  # Generated from value "90" located at cell 'Data'!F3.,
         hasLastSyncTime "2024-02-15T13:05:00"  # Generated from value "2024-02-15T13:05:00" located at cell 'Data'!G3.,
         isOnline true  # Generated from value "true" located at cell 'Data'!H3.,
         accesses "Database001"  # Generated from value "Database001" located at cell 'Data'!I3.,
         isDeployedOn "CloudService001"  # Generated from value "CloudService001" located at cell 'Data'!J3.
   Types: SoftwareApplication
Individual: SoftwareApp002  # Generated from value "SoftwareApp002" located at cell 'Data'!A3.
   Facts: hasSoftwareAppName "BioTrack-Health"  # Generated from value "BioTrack-Health" located at cell 'Data'!C3.,
         hasID "APP-BIO-2024-001"  # Generated from value "APP-BIO-2024-001" located at cell 'Data'!D3.,
         hasSoftwareVersion "v0.0"  # Generated from value "v0.0" located at cell 'Data'!E3.,
         hasResponseTimeMs 90  # Generated from value "90" located at cell 'Data'!F3.,
         hasLastSyncTime "2024-02-15T13:05:00"  # Generated from value "2024-02-15T13:05:00" located at cell 'Data'!G3.,
         isOnline true  # Generated from value "true" located at cell 'Data'!H3.,
         accesses "Database001"  # Generated from value "Database001" located at cell 'Data'!I3.,
         isDeployedOn "CloudService001"  # Generated from value "CloudService001" located at cell 'Data'!J3.
   Types: SoftwareApplication
Individual: SoftwareApp002  # Generated from value "SoftwareApp002" located at cell 'Data'!A3.
   Facts: hasSoftwareAppName "BioTrack-Health"  # Generated from value "BioTrack-Health" located at cell 'Data'!C3.,
         hasID "APP-BIO-2024-001"  # Generated from value "APP-BIO-2024-001" located at cell 'Data'!D3.,
         hasSoftwareVersion "v0.0"  # Generated from value "v0.0" located at cell 'Data'!E3.,
         hasResponseTimeMs 90  # Generated from value "90" located at cell 'Data'!F3.,
         hasLastSyncTime "2024-02-15T13:05:00"  # Generated from value "2024-02-15T13:05:00" located at cell 'Data'!G3.,
         isOnline true  # Generated from value "true" located at cell 'Data'!H3.,
         accesses "Database001"  # Generated from value "Database001" located at cell 'Data'!I3.,
         isDeployedOn "CloudService001"  # Generated from value "CloudService001" located at cell 'Data'!J3.
   Types: SoftwareApplication
Individual: SoftwareApp002  # Generated from value "SoftwareApp002" located at cell 'Data'!A3.
   Facts: hasSoftwareAppName "BioTrack-Health"  # Generated from value "BioTrack-Health" located at cell 'Data'!C3.,
         hasID "APP-BIO-2024-001"  # Generated from value "APP-BIO-2024-001" located at cell 'Data'!D3.,
         hasSoftwareVersion "v0.0"  # Generated from value "v0.0" located at cell 'Data'!E3.,
         hasResponseTimeMs 90  # Generated from value "90" located at cell 'Data'!F3.,
         hasLastSyncTime "2024-02-15T13:05:00"  # Generated from value "2024-02-15T13:05:00" located at cell 'Data'!G3.,
         isOnline true  # Generated from value "true" located at cell 'Data'!H3.,
         accesses "Database001"  # Generated from value "Database001" located at cell 'Data'!I3.,
         isDeployedOn "CloudService001"  # Generated from value "CloudService001" located at cell 'Data'!J3.
   Types: SoftwareApplication
Individual: SoftwareApp002  # Generated from value "SoftwareApp002" located at cell 'Data'!A3.
   Facts: hasSoftwareAppName "BioTrack-Health"  # Generated from value "BioTrack-Health" located at cell 'Data'!C3.,
         hasID "APP-BIO-2024-001"  # Generated from value "APP-BIO-2024-001" located at cell 'Data'!D3.,
         hasSoftwareVersion "v0.0"  # Generated from value "v0.0" located at cell 'Data'!E3.,
         hasResponseTimeMs 90  # Generated from value "90" located at cell 'Data'!F3.,
         hasLastSyncTime "2024-02-15T13:05:00"  # Generated from value "2024-02-15T13:05:00" located at cell 'Data'!G3.,
         isOnline true  # Generated from value "true" located at cell 'Data'!H3.,
         accesses "Database001"  # Generated from value "Database001" located at cell 'Data'!I3.,
         isDeployedOn "CloudService001"  # Generated from value "CloudService001" located at cell 'Data'!J3.
   Types: SoftwareApplication
Individual: SoftwareApp002  # Generated from value "SoftwareApp002" located at cell 'Data'!A3.
   Facts: hasSoftwareAppName "BioTrack-Health"  # Generated from value "BioTrack-Health" located at cell 'Data'!C3.,
         hasID "APP-BIO-2024-001"  # Generated from value "APP-BIO-2024-001" located at cell 'Data'!D3.,
         hasSoftwareVersion "v0.0"  # Generated from value "v0.0" located at cell 'Data'!E3.,
         hasResponseTimeMs 90  # Generated from value "90" located at cell 'Data'!F3.,
         hasLastSyncTime "2024-02-15T13:05:00"  # Generated from value "2024-02-15T13:05:00" located at cell 'Data'!G3.,
         isOnline true  # Generated from value "true" located at cell 'Data'!H3.,
         accesses "Database001"  # Generated from value "Database001" located at cell 'Data'!I3.,
         isDeployedOn "CloudService001"  # Generated from value "CloudService001" located at cell 'Data'!J3.
   Types: SoftwareApplication
Individual: SoftwareApp002  # Generated from value "SoftwareApp002" located at cell 'Data'!A3.
   Facts: hasSoftwareAppName "BioTrack-Health"  # Generated from value "BioTrack-Health" located at cell 'Data'!C3.,
         hasID "APP-BIO-2024-001"  # Generated from value "APP-BIO-2024-001" located at cell 'Data'!D3.,
         hasSoftwareVersion "v0.0"  # Generated from value "v0.0" located at cell 'Data'!E3.,
         hasResponseTimeMs 90  # Generated from value "90" located at cell 'Data'!F3.,
         hasLastSyncTime "2024-02-15T13:05:00"  # Generated from value "2024-02-15T13:05:00" located at cell 'Data'!G3.,
         isOnline true  # Generated from value "true" located at cell 'Data'!H3.,
         accesses "Database001"  # Generated from value "Database001" located at cell 'Data'!I3.,
         isDeployedOn "CloudService001"  # Generated from value "CloudService001" located at cell 'Data'!J3.
   Types: SoftwareApplication
Individual: SoftwareApp002  # Generated from value "SoftwareApp002" located at cell 'Data'!A3.
   Facts: hasSoftwareAppName "BioTrack-Health"  # Generated from value "BioTrack-Health" located at cell 'Data'!C3.,
         hasID "APP-BIO-2024-001"  # Generated from value "APP-BIO-2024-001" located at cell 'Data'!D3.,
         hasSoftwareVersion "v0.0"  # Generated from value "v0.0" located at cell 'Data'!E3.,
         hasResponseTimeMs 90  # Generated from value "90" located at cell 'Data'!F3.,
         hasLastSyncTime "2024-02-15T13:05:00"  # Generated from value "2024-02-15T13:05:00" located at cell 'Data'!G3.,
         isOnline true  # Generated from value "true" located at cell 'Data'!H3.,
         accesses "Database001"  # Generated from value "Database001" located at cell 'Data'!I3.,
         isDeployedOn "CloudService001"  # Generated from value "CloudService001" located at cell 'Data'!J3.
   Types: SoftwareApplication
Individual: SoftwareApp002  # Generated from value "SoftwareApp002" located at cell 'Data'!A3.
   Facts: hasSoftwareAppName "BioTrack-Health"  # Generated from value "BioTrack-Health" located at cell 'Data'!C3.,
         hasID "APP-BIO-2024-001"  # Generated from value "APP-BIO-2024-001" located at cell 'Data'!D3.,
         hasSoftwareVersion "v0.0"  # Generated from value "v0.0" located at cell 'Data'!E3.,
         hasResponseTimeMs 90  # Generated from value "90" located at cell 'Data'!F3.,
         hasLastSyncTime "2024-02-15T13:05:00"  # Generated from value "2024-02-15T13:05:00" located at cell 'Data'!G3.,
         isOnline true  # Generated from value "true" located at cell 'Data'!H3.,
         accesses "Database001"  # Generated from value "Database001" located at cell 'Data'!I3.,
         isDeployedOn "CloudService001"  # Generated from value "CloudService001" located at cell 'Data'!J3.
   Types: SoftwareApplication
Individual: SoftwareApp002  # Generated from value "SoftwareApp002" located at cell 'Data'!A3.
   Facts: hasSoftwareAppName "BioTrack-Health"  # Generated from value "BioTrack-Health" located at cell 'Data'!C3.,
         hasID "APP-BIO-2024-001"  # Generated from value "APP-BIO-2024-001" located at cell 'Data'!D3.,
         hasSoftwareVersion "v0.0"  # Generated from value "v0.0" located at cell 'Data'!E3.,
         hasResponseTimeMs 90  # Generated from value "90" located at cell 'Data'!F3.,
         hasLastSyncTime "2024-02-15T13:05:00"  # Generated from value "2024-02-15T13:05:00" located at cell 'Data'!G3.,
         isOnline true  # Generated from value "true" located at cell 'Data'!H3.,
         accesses "Database001"  # Generated from value "Database001" located at cell 'Data'!I3.,
         isDeployedOn "CloudService001"  # Generated from value "CloudService001" located at cell 'Data'!J3.
   Types: SoftwareApplication
Individual: SoftwareApp002  # Generated from value "SoftwareApp002" located at cell 'Data'!A3.
   Facts: hasSoftwareAppName "BioTrack-Health"  # Generated from value "BioTrack-Health" located at cell 'Data'!C3.,
         hasID "APP-BIO-2024-001"  # Generated from value "APP-BIO-2024-001" located at cell 'Data'!D3.,
         hasSoftwareVersion "v0.0"  # Generated from value "v0.0" located at cell 'Data'!E3.,
         hasResponseTimeMs 90  # Generated from value "90" located at cell 'Data'!F3.,
         hasLastSyncTime "2024-02-15T13:05:00"  # Generated from value "2024-02-15T13:05:00" located at cell 'Data'!G3.,
         isOnline true  # Generated from value "true" located at cell 'Data'!H3.,
         accesses "Database001"  # Generated from value "Database001" located at cell 'Data'!I3.,
         isDeployedOn "CloudService001"  # Generated from value "CloudService001" located at cell 'Data'!J3.
   Types: SoftwareApplication
Individual: SoftwareApp002  # Generated from value "SoftwareApp002" located at cell 'Data'!A3.
   Facts: hasSoftwareAppName "BioTrack-Health"  # Generated from value "BioTrack-Health" located at cell 'Data'!C3.,
         hasID "APP-BIO-2024-001"  # Generated from value "APP-BIO-2024-001" located at cell 'Data'!D3.,
         hasSoftwareVersion "v0.0"  # Generated from value "v0.0" located at cell 'Data'!E3.,
         hasResponseTimeMs 90  # Generated from value "90" located at cell 'Data'!F3.,
         hasLastSyncTime "2024-02-15T13:05:00"  # Generated from value "2024-02-15T13:05:00" located at cell 'Data'!G3.,
         isOnline true  # Generated from value "true" located at cell 'Data'!H3.,
         accesses "Database001"  # Generated from value "Database001" located at cell 'Data'!I3.,
         isDeployedOn "CloudService001"  # Generated from value "CloudService001" located at cell 'Data'!J3.
   Types: SoftwareApplication
Individual: SoftwareApp002  # Generated from value "SoftwareApp002" located at cell 'Data'!A3.
   Facts: hasSoftwareAppName "BioTrack-Health"  # Generated from value "BioTrack-Health" located at cell 'Data'!C3.,
         hasID "APP-BIO-2024-001"  # Generated from value "APP-BIO-2024-001" located at cell 'Data'!D3.,
         hasSoftwareVersion "v0.0"  # Generated from value "v0.0" located at cell 'Data'!E3.,
         hasResponseTimeMs 90  # Generated from value "90" located at cell 'Data'!F3.,
         hasLastSyncTime "2024-02-15T13:05:00"  # Generated from value "2024-02-15T13:05:00" located at cell 'Data'!G3.,
         isOnline true  # Generated from value "true" located at cell 'Data'!H3.,
         accesses "Database001"  # Generated from value "Database001" located at cell 'Data'!I3.,
         isDeployedOn "CloudService001"  # Generated from value "CloudService001" located at cell 'Data'!J3.
   Types: SoftwareApplication
Individual: SoftwareApp002  # Generated from value "SoftwareApp002" located at cell 'Data'!A3.
   Facts: hasSoftwareAppName "BioTrack-Health"  # Generated from value "BioTrack-Health" located at cell 'Data'!C3.,
         hasID "APP-BIO-2024-001"  # Generated from value "APP-BIO-2024-001" located at cell 'Data'!D3.,
         hasSoftwareVersion "v0.0"  # Generated from value "v0.0" located at cell 'Data'!E3.,
         hasResponseTimeMs 90  # Generated from value "90" located at cell 'Data'!F3.,
         hasLastSyncTime "2024-02-15T13:05:00"  # Generated from value "2024-02-15T13:05:00" located at cell 'Data'!G3.,
         isOnline true  # Generated from value "true" located at cell 'Data'!H3.,
         accesses "Database001"  # Generated from value "Database001" located at cell 'Data'!I3.,
         isDeployedOn "CloudService001"  # Generated from value "CloudService001" located at cell 'Data'!J3.
   Types: SoftwareApplication
Individual: SoftwareApp002  # Generated from value "SoftwareApp002" located at cell 'Data'!A3.
   Facts: hasSoftwareAppName "BioTrack-Health"  # Generated from value "BioTrack-Health" located at cell 'Data'!C3.,
         hasID "APP-BIO-2024-001"  # Generated from value "APP-BIO-2024-001" located at cell 'Data'!D3.,
         hasSoftwareVersion "v0.0"  # Generated from value "v0.0" located at cell 'Data'!E3.,
         hasResponseTimeMs 90  # Generated from value "90" located at cell 'Data'!F3.,
         hasLastSyncTime "2024-02-15T13:05:00"  # Generated from value "2024-02-15T13:05:00" located at cell 'Data'!G3.,
         isOnline true  # Generated from value "true" located at cell 'Data'!H3.,
         accesses "Database001"  # Generated from value "Database001" located at cell 'Data'!I3.,
         isDeployedOn "CloudService001"  # Generated from value "CloudService001" located at cell 'Data'!J3.
   Types: SoftwareApplication
Individual: SoftwareApp002  # Generated from value "SoftwareApp002" located at cell 'Data'!A3.
   Facts: hasSoftwareAppName "BioTrack-Health"  # Generated from value "BioTrack-Health" located at cell 'Data'!C3.,
         hasID "APP-BIO-2024-001"  # Generated from value "APP-BIO-2024-001" located at cell 'Data'!D3.,
         hasSoftwareVersion "v0.0"  # Generated from value "v0.0" located at cell 'Data'!E3.,
         hasResponseTimeMs 90  # Generated from value "90" located at cell 'Data'!F3.,
         hasLastSyncTime "2024-02-15T13:05:00"  # Generated from value "2024-02-15T13:05:00" located at cell 'Data'!G3.,
         isOnline true  # Generated from value "true" located at cell 'Data'!H3.,
         accesses "Database001"  # Generated from value "Database001" located at cell 'Data'!I3.,
         isDeployedOn "CloudService001"  # Generated from value "CloudService001" located at cell 'Data'!J3.
   Types: SoftwareApplication
Individual: SoftwareApp002  # Generated from value "SoftwareApp002" located at cell 'Data'!A3.
   Facts: hasSoftwareAppName "BioTrack-Health"  # Generated from value "BioTrack-Health" located at cell 'Data'!C3.,
         hasID "APP-BIO-2024-001"  # Generated from value "APP-BIO-2024-001" located at cell 'Data'!D3.,
         hasSoftwareVersion "v0.0"  # Generated from value "v0.0" located at cell 'Data'!E3.,
         hasResponseTimeMs 90  # Generated from value "90" located at cell 'Data'!F3.,
         hasLastSyncTime "2024-02-15T13:05:00"  # Generated from value "2024-02-15T13:05:00" located at cell 'Data'!G3.,
         isOnline true  # Generated from value "true" located at cell 'Data'!H3.,
         accesses "Database001"  # Generated from value "Database001" located at cell 'Data'!I3.,
         isDeployedOn "CloudService001"  # Generated from value "CloudService001" located at cell 'Data'!J3.
   Types: SoftwareApplication
Individual: SoftwareApp002  # Generated from value "SoftwareApp002" located at cell 'Data'!A3.
   Facts: hasSoftwareAppName "BioTrack-Health"  # Generated from value "BioTrack-Health" located at cell 'Data'!C3.,
         hasID "APP-BIO-2024-001"  # Generated from value "APP-BIO-2024-001" located at cell 'Data'!D3.,
         hasSoftwareVersion "v0.0"  # Generated from value "v0.0" located at cell 'Data'!E3.,
         hasResponseTimeMs 90  # Generated from value "90" located at cell 'Data'!F3.,
         hasLastSyncTime "2024-02-15T13:05:00"  # Generated from value "2024-02-15T13:05:00" located at cell 'Data'!G3.,
         isOnline true  # Generated from value "true" located at cell 'Data'!H3.,
         accesses "Database001"  # Generated from value "Database001" located at cell 'Data'!I3.,
         isDeployedOn "CloudService001"  # Generated from value "CloudService001" located at cell 'Data'!J3.
   Types: SoftwareApplication

===========================================================================================================
Date: 2026-03-21 16:35:28
Ontology source: /C:/Users/s2024165/OneDrive%20-%20SARS/Personal/Personal/Masters%20in%20Computer%20Science/2023/TUT/Dissertation/Chapter%204%20-%20Design%20and%20implementation%20of%20LFTDO%20and%20Architecture/Ontology/209332175_LFTDO_V0.11.owl
Worksheet source: C:\Users\s2024165\OneDrive - SARS\Personal\Personal\Masters in Computer Science\2023\TUT\Dissertation\Chapter 7 - Artefacts Evaluations (Architecture and LFTDO)\Empirical Data\Master Data\6.SoftwareApp_LoadData.xlsx
Transformation rules: C:\Users\s2024165\OneDrive - SARS\Personal\Personal\Masters in Computer Science\2023\TUT\Dissertation\Chapter 7 - Artefacts Evaluations (Architecture and LFTDO)\Empirical Data\Master Data\6.SoftwareApp_LoadData_RULE_MAPPING.json

# Cell range: (Data!A2:J+) Comment: ""
# Individual: @A2 Annotations: rdfs:label @A2 Types: @B2 Facts: hasSoftwareAppName @C2,hasID @D2,
# hasSoftwareVersion @E2,hasResponseTimeMs @F2(xsd:decimal),hasLastSyncTime @G2(xsd:dateTime),
# isOnline @H2(xsd:boolean),accesses @I2,isDeployedOn @J2

Individual: SoftwareApp001  # Generated from value "SoftwareApp001" located at cell 'Data'!A2.
   Facts: hasSoftwareAppName "OntoGuard-Security"  # Generated from value "OntoGuard-Security" located at cell 'Data'!C2.,
         hasID "APP-SEC-2024-001"  # Generated from value "APP-SEC-2024-001" located at cell 'Data'!D2.,
         hasSoftwareVersion "v1.0"  # Generated from value "v1.0" located at cell 'Data'!E2.,
         hasResponseTimeMs 99  # Generated from value "99" located at cell 'Data'!F2.,
         hasLastSyncTime "2024-02-15T13:05:00"  # Generated from value "2024-02-15T13:05:00" located at cell 'Data'!G2.,
         isOnline true  # Generated from value "true" located at cell 'Data'!H2.,
         accesses "Database001"  # Generated from value "Database001" located at cell 'Data'!I2.,
         isDeployedOn "CloudService001"  # Generated from value "CloudService001" located at cell 'Data'!J2.
   Types: SoftwareApplication
   Annotations: rdfs:label "SoftwareApp001"
Individual: SoftwareApp001  # Generated from value "SoftwareApp001" located at cell 'Data'!A2.
   Facts: hasSoftwareAppName "OntoGuard-Security"  # Generated from value "OntoGuard-Security" located at cell 'Data'!C2.,
         hasID "APP-SEC-2024-001"  # Generated from value "APP-SEC-2024-001" located at cell 'Data'!D2.,
         hasSoftwareVersion "v1.0"  # Generated from value "v1.0" located at cell 'Data'!E2.,
         hasResponseTimeMs 99  # Generated from value "99" located at cell 'Data'!F2.,
         hasLastSyncTime "2024-02-15T13:05:00"  # Generated from value "2024-02-15T13:05:00" located at cell 'Data'!G2.,
         isOnline true  # Generated from value "true" located at cell 'Data'!H2.,
         accesses "Database001"  # Generated from value "Database001" located at cell 'Data'!I2.,
         isDeployedOn "CloudService001"  # Generated from value "CloudService001" located at cell 'Data'!J2.
   Types: SoftwareApplication
   Annotations: rdfs:label "SoftwareApp001"
Individual: SoftwareApp001  # Generated from value "SoftwareApp001" located at cell 'Data'!A2.
   Facts: hasSoftwareAppName "OntoGuard-Security"  # Generated from value "OntoGuard-Security" located at cell 'Data'!C2.,
         hasID "APP-SEC-2024-001"  # Generated from value "APP-SEC-2024-001" located at cell 'Data'!D2.,
         hasSoftwareVersion "v1.0"  # Generated from value "v1.0" located at cell 'Data'!E2.,
         hasResponseTimeMs 99  # Generated from value "99" located at cell 'Data'!F2.,
         hasLastSyncTime "2024-02-15T13:05:00"  # Generated from value "2024-02-15T13:05:00" located at cell 'Data'!G2.,
         isOnline true  # Generated from value "true" located at cell 'Data'!H2.,
         accesses "Database001"  # Generated from value "Database001" located at cell 'Data'!I2.,
         isDeployedOn "CloudService001"  # Generated from value "CloudService001" located at cell 'Data'!J2.
   Types: SoftwareApplication
   Annotations: rdfs:label "SoftwareApp001"
Individual: SoftwareApp001  # Generated from value "SoftwareApp001" located at cell 'Data'!A2.
   Facts: hasSoftwareAppName "OntoGuard-Security"  # Generated from value "OntoGuard-Security" located at cell 'Data'!C2.,
         hasID "APP-SEC-2024-001"  # Generated from value "APP-SEC-2024-001" located at cell 'Data'!D2.,
         hasSoftwareVersion "v1.0"  # Generated from value "v1.0" located at cell 'Data'!E2.,
         hasResponseTimeMs 99  # Generated from value "99" located at cell 'Data'!F2.,
         hasLastSyncTime "2024-02-15T13:05:00"  # Generated from value "2024-02-15T13:05:00" located at cell 'Data'!G2.,
         isOnline true  # Generated from value "true" located at cell 'Data'!H2.,
         accesses "Database001"  # Generated from value "Database001" located at cell 'Data'!I2.,
         isDeployedOn "CloudService001"  # Generated from value "CloudService001" located at cell 'Data'!J2.
   Types: SoftwareApplication
   Annotations: rdfs:label "SoftwareApp001"
Individual: SoftwareApp001  # Generated from value "SoftwareApp001" located at cell 'Data'!A2.
   Facts: hasSoftwareAppName "OntoGuard-Security"  # Generated from value "OntoGuard-Security" located at cell 'Data'!C2.,
         hasID "APP-SEC-2024-001"  # Generated from value "APP-SEC-2024-001" located at cell 'Data'!D2.,
         hasSoftwareVersion "v1.0"  # Generated from value "v1.0" located at cell 'Data'!E2.,
         hasResponseTimeMs 99  # Generated from value "99" located at cell 'Data'!F2.,
         hasLastSyncTime "2024-02-15T13:05:00"  # Generated from value "2024-02-15T13:05:00" located at cell 'Data'!G2.,
         isOnline true  # Generated from value "true" located at cell 'Data'!H2.,
         accesses "Database001"  # Generated from value "Database001" located at cell 'Data'!I2.,
         isDeployedOn "CloudService001"  # Generated from value "CloudService001" located at cell 'Data'!J2.
   Types: SoftwareApplication
   Annotations: rdfs:label "SoftwareApp001"
Individual: SoftwareApp001  # Generated from value "SoftwareApp001" located at cell 'Data'!A2.
   Facts: hasSoftwareAppName "OntoGuard-Security"  # Generated from value "OntoGuard-Security" located at cell 'Data'!C2.,
         hasID "APP-SEC-2024-001"  # Generated from value "APP-SEC-2024-001" located at cell 'Data'!D2.,
         hasSoftwareVersion "v1.0"  # Generated from value "v1.0" located at cell 'Data'!E2.,
         hasResponseTimeMs 99  # Generated from value "99" located at cell 'Data'!F2.,
         hasLastSyncTime "2024-02-15T13:05:00"  # Generated from value "2024-02-15T13:05:00" located at cell 'Data'!G2.,
         isOnline true  # Generated from value "true" located at cell 'Data'!H2.,
         accesses "Database001"  # Generated from value "Database001" located at cell 'Data'!I2.,
         isDeployedOn "CloudService001"  # Generated from value "CloudService001" located at cell 'Data'!J2.
   Types: SoftwareApplication
   Annotations: rdfs:label "SoftwareApp001"
Individual: SoftwareApp001  # Generated from value "SoftwareApp001" located at cell 'Data'!A2.
   Facts: hasSoftwareAppName "OntoGuard-Security"  # Generated from value "OntoGuard-Security" located at cell 'Data'!C2.,
         hasID "APP-SEC-2024-001"  # Generated from value "APP-SEC-2024-001" located at cell 'Data'!D2.,
         hasSoftwareVersion "v1.0"  # Generated from value "v1.0" located at cell 'Data'!E2.,
         hasResponseTimeMs 99  # Generated from value "99" located at cell 'Data'!F2.,
         hasLastSyncTime "2024-02-15T13:05:00"  # Generated from value "2024-02-15T13:05:00" located at cell 'Data'!G2.,
         isOnline true  # Generated from value "true" located at cell 'Data'!H2.,
         accesses "Database001"  # Generated from value "Database001" located at cell 'Data'!I2.,
         isDeployedOn "CloudService001"  # Generated from value "CloudService001" located at cell 'Data'!J2.
   Types: SoftwareApplication
   Annotations: rdfs:label "SoftwareApp001"
Individual: SoftwareApp001  # Generated from value "SoftwareApp001" located at cell 'Data'!A2.
   Facts: hasSoftwareAppName "OntoGuard-Security"  # Generated from value "OntoGuard-Security" located at cell 'Data'!C2.,
         hasID "APP-SEC-2024-001"  # Generated from value "APP-SEC-2024-001" located at cell 'Data'!D2.,
         hasSoftwareVersion "v1.0"  # Generated from value "v1.0" located at cell 'Data'!E2.,
         hasResponseTimeMs 99  # Generated from value "99" located at cell 'Data'!F2.,
         hasLastSyncTime "2024-02-15T13:05:00"  # Generated from value "2024-02-15T13:05:00" located at cell 'Data'!G2.,
         isOnline true  # Generated from value "true" located at cell 'Data'!H2.,
         accesses "Database001"  # Generated from value "Database001" located at cell 'Data'!I2.,
         isDeployedOn "CloudService001"  # Generated from value "CloudService001" located at cell 'Data'!J2.
   Types: SoftwareApplication
   Annotations: rdfs:label "SoftwareApp001"
Individual: SoftwareApp001  # Generated from value "SoftwareApp001" located at cell 'Data'!A2.
   Facts: hasSoftwareAppName "OntoGuard-Security"  # Generated from value "OntoGuard-Security" located at cell 'Data'!C2.,
         hasID "APP-SEC-2024-001"  # Generated from value "APP-SEC-2024-001" located at cell 'Data'!D2.,
         hasSoftwareVersion "v1.0"  # Generated from value "v1.0" located at cell 'Data'!E2.,
         hasResponseTimeMs 99  # Generated from value "99" located at cell 'Data'!F2.,
         hasLastSyncTime "2024-02-15T13:05:00"  # Generated from value "2024-02-15T13:05:00" located at cell 'Data'!G2.,
         isOnline true  # Generated from value "true" located at cell 'Data'!H2.,
         accesses "Database001"  # Generated from value "Database001" located at cell 'Data'!I2.,
         isDeployedOn "CloudService001"  # Generated from value "CloudService001" located at cell 'Data'!J2.
   Types: SoftwareApplication
   Annotations: rdfs:label "SoftwareApp001"
Individual: SoftwareApp001  # Generated from value "SoftwareApp001" located at cell 'Data'!A2.
   Facts: hasSoftwareAppName "OntoGuard-Security"  # Generated from value "OntoGuard-Security" located at cell 'Data'!C2.,
         hasID "APP-SEC-2024-001"  # Generated from value "APP-SEC-2024-001" located at cell 'Data'!D2.,
         hasSoftwareVersion "v1.0"  # Generated from value "v1.0" located at cell 'Data'!E2.,
         hasResponseTimeMs 99  # Generated from value "99" located at cell 'Data'!F2.,
         hasLastSyncTime "2024-02-15T13:05:00"  # Generated from value "2024-02-15T13:05:00" located at cell 'Data'!G2.,
         isOnline true  # Generated from value "true" located at cell 'Data'!H2.,
         accesses "Database001"  # Generated from value "Database001" located at cell 'Data'!I2.,
         isDeployedOn "CloudService001"  # Generated from value "CloudService001" located at cell 'Data'!J2.
   Types: SoftwareApplication
   Annotations: rdfs:label "SoftwareApp001"
Individual: SoftwareApp001  # Generated from value "SoftwareApp001" located at cell 'Data'!A2.
   Facts: hasSoftwareAppName "OntoGuard-Security"  # Generated from value "OntoGuard-Security" located at cell 'Data'!C2.,
         hasID "APP-SEC-2024-001"  # Generated from value "APP-SEC-2024-001" located at cell 'Data'!D2.,
         hasSoftwareVersion "v1.0"  # Generated from value "v1.0" located at cell 'Data'!E2.,
         hasResponseTimeMs 99  # Generated from value "99" located at cell 'Data'!F2.,
         hasLastSyncTime "2024-02-15T13:05:00"  # Generated from value "2024-02-15T13:05:00" located at cell 'Data'!G2.,
         isOnline true  # Generated from value "true" located at cell 'Data'!H2.,
         accesses "Database001"  # Generated from value "Database001" located at cell 'Data'!I2.,
         isDeployedOn "CloudService001"  # Generated from value "CloudService001" located at cell 'Data'!J2.
   Types: SoftwareApplication
   Annotations: rdfs:label "SoftwareApp001"
Individual: SoftwareApp001  # Generated from value "SoftwareApp001" located at cell 'Data'!A2.
   Facts: hasSoftwareAppName "OntoGuard-Security"  # Generated from value "OntoGuard-Security" located at cell 'Data'!C2.,
         hasID "APP-SEC-2024-001"  # Generated from value "APP-SEC-2024-001" located at cell 'Data'!D2.,
         hasSoftwareVersion "v1.0"  # Generated from value "v1.0" located at cell 'Data'!E2.,
         hasResponseTimeMs 99  # Generated from value "99" located at cell 'Data'!F2.,
         hasLastSyncTime "2024-02-15T13:05:00"  # Generated from value "2024-02-15T13:05:00" located at cell 'Data'!G2.,
         isOnline true  # Generated from value "true" located at cell 'Data'!H2.,
         accesses "Database001"  # Generated from value "Database001" located at cell 'Data'!I2.,
         isDeployedOn "CloudService001"  # Generated from value "CloudService001" located at cell 'Data'!J2.
   Types: SoftwareApplication
   Annotations: rdfs:label "SoftwareApp001"
Individual: SoftwareApp001  # Generated from value "SoftwareApp001" located at cell 'Data'!A2.
   Facts: hasSoftwareAppName "OntoGuard-Security"  # Generated from value "OntoGuard-Security" located at cell 'Data'!C2.,
         hasID "APP-SEC-2024-001"  # Generated from value "APP-SEC-2024-001" located at cell 'Data'!D2.,
         hasSoftwareVersion "v1.0"  # Generated from value "v1.0" located at cell 'Data'!E2.,
         hasResponseTimeMs 99  # Generated from value "99" located at cell 'Data'!F2.,
         hasLastSyncTime "2024-02-15T13:05:00"  # Generated from value "2024-02-15T13:05:00" located at cell 'Data'!G2.,
         isOnline true  # Generated from value "true" located at cell 'Data'!H2.,
         accesses "Database001"  # Generated from value "Database001" located at cell 'Data'!I2.,
         isDeployedOn "CloudService001"  # Generated from value "CloudService001" located at cell 'Data'!J2.
   Types: SoftwareApplication
   Annotations: rdfs:label "SoftwareApp001"
Individual: SoftwareApp001  # Generated from value "SoftwareApp001" located at cell 'Data'!A2.
   Facts: hasSoftwareAppName "OntoGuard-Security"  # Generated from value "OntoGuard-Security" located at cell 'Data'!C2.,
         hasID "APP-SEC-2024-001"  # Generated from value "APP-SEC-2024-001" located at cell 'Data'!D2.,
         hasSoftwareVersion "v1.0"  # Generated from value "v1.0" located at cell 'Data'!E2.,
         hasResponseTimeMs 99  # Generated from value "99" located at cell 'Data'!F2.,
         hasLastSyncTime "2024-02-15T13:05:00"  # Generated from value "2024-02-15T13:05:00" located at cell 'Data'!G2.,
         isOnline true  # Generated from value "true" located at cell 'Data'!H2.,
         accesses "Database001"  # Generated from value "Database001" located at cell 'Data'!I2.,
         isDeployedOn "CloudService001"  # Generated from value "CloudService001" located at cell 'Data'!J2.
   Types: SoftwareApplication
   Annotations: rdfs:label "SoftwareApp001"
Individual: SoftwareApp001  # Generated from value "SoftwareApp001" located at cell 'Data'!A2.
   Facts: hasSoftwareAppName "OntoGuard-Security"  # Generated from value "OntoGuard-Security" located at cell 'Data'!C2.,
         hasID "APP-SEC-2024-001"  # Generated from value "APP-SEC-2024-001" located at cell 'Data'!D2.,
         hasSoftwareVersion "v1.0"  # Generated from value "v1.0" located at cell 'Data'!E2.,
         hasResponseTimeMs 99  # Generated from value "99" located at cell 'Data'!F2.,
         hasLastSyncTime "2024-02-15T13:05:00"  # Generated from value "2024-02-15T13:05:00" located at cell 'Data'!G2.,
         isOnline true  # Generated from value "true" located at cell 'Data'!H2.,
         accesses "Database001"  # Generated from value "Database001" located at cell 'Data'!I2.,
         isDeployedOn "CloudService001"  # Generated from value "CloudService001" located at cell 'Data'!J2.
   Types: SoftwareApplication
   Annotations: rdfs:label "SoftwareApp001"
Individual: SoftwareApp001  # Generated from value "SoftwareApp001" located at cell 'Data'!A2.
   Facts: hasSoftwareAppName "OntoGuard-Security"  # Generated from value "OntoGuard-Security" located at cell 'Data'!C2.,
         hasID "APP-SEC-2024-001"  # Generated from value "APP-SEC-2024-001" located at cell 'Data'!D2.,
         hasSoftwareVersion "v1.0"  # Generated from value "v1.0" located at cell 'Data'!E2.,
         hasResponseTimeMs 99  # Generated from value "99" located at cell 'Data'!F2.,
         hasLastSyncTime "2024-02-15T13:05:00"  # Generated from value "2024-02-15T13:05:00" located at cell 'Data'!G2.,
         isOnline true  # Generated from value "true" located at cell 'Data'!H2.,
         accesses "Database001"  # Generated from value "Database001" located at cell 'Data'!I2.,
         isDeployedOn "CloudService001"  # Generated from value "CloudService001" located at cell 'Data'!J2.
   Types: SoftwareApplication
   Annotations: rdfs:label "SoftwareApp001"
Individual: SoftwareApp001  # Generated from value "SoftwareApp001" located at cell 'Data'!A2.
   Facts: hasSoftwareAppName "OntoGuard-Security"  # Generated from value "OntoGuard-Security" located at cell 'Data'!C2.,
         hasID "APP-SEC-2024-001"  # Generated from value "APP-SEC-2024-001" located at cell 'Data'!D2.,
         hasSoftwareVersion "v1.0"  # Generated from value "v1.0" located at cell 'Data'!E2.,
         hasResponseTimeMs 99  # Generated from value "99" located at cell 'Data'!F2.,
         hasLastSyncTime "2024-02-15T13:05:00"  # Generated from value "2024-02-15T13:05:00" located at cell 'Data'!G2.,
         isOnline true  # Generated from value "true" located at cell 'Data'!H2.,
         accesses "Database001"  # Generated from value "Database001" located at cell 'Data'!I2.,
         isDeployedOn "CloudService001"  # Generated from value "CloudService001" located at cell 'Data'!J2.
   Types: SoftwareApplication
   Annotations: rdfs:label "SoftwareApp001"
Individual: SoftwareApp001  # Generated from value "SoftwareApp001" located at cell 'Data'!A2.
   Facts: hasSoftwareAppName "OntoGuard-Security"  # Generated from value "OntoGuard-Security" located at cell 'Data'!C2.,
         hasID "APP-SEC-2024-001"  # Generated from value "APP-SEC-2024-001" located at cell 'Data'!D2.,
         hasSoftwareVersion "v1.0"  # Generated from value "v1.0" located at cell 'Data'!E2.,
         hasResponseTimeMs 99  # Generated from value "99" located at cell 'Data'!F2.,
         hasLastSyncTime "2024-02-15T13:05:00"  # Generated from value "2024-02-15T13:05:00" located at cell 'Data'!G2.,
         isOnline true  # Generated from value "true" located at cell 'Data'!H2.,
         accesses "Database001"  # Generated from value "Database001" located at cell 'Data'!I2.,
         isDeployedOn "CloudService001"  # Generated from value "CloudService001" located at cell 'Data'!J2.
   Types: SoftwareApplication
   Annotations: rdfs:label "SoftwareApp001"
Individual: SoftwareApp001  # Generated from value "SoftwareApp001" located at cell 'Data'!A2.
   Facts: hasSoftwareAppName "OntoGuard-Security"  # Generated from value "OntoGuard-Security" located at cell 'Data'!C2.,
         hasID "APP-SEC-2024-001"  # Generated from value "APP-SEC-2024-001" located at cell 'Data'!D2.,
         hasSoftwareVersion "v1.0"  # Generated from value "v1.0" located at cell 'Data'!E2.,
         hasResponseTimeMs 99  # Generated from value "99" located at cell 'Data'!F2.,
         hasLastSyncTime "2024-02-15T13:05:00"  # Generated from value "2024-02-15T13:05:00" located at cell 'Data'!G2.,
         isOnline true  # Generated from value "true" located at cell 'Data'!H2.,
         accesses "Database001"  # Generated from value "Database001" located at cell 'Data'!I2.,
         isDeployedOn "CloudService001"  # Generated from value "CloudService001" located at cell 'Data'!J2.
   Types: SoftwareApplication
   Annotations: rdfs:label "SoftwareApp001"
Individual: SoftwareApp001  # Generated from value "SoftwareApp001" located at cell 'Data'!A2.
   Facts: hasSoftwareAppName "OntoGuard-Security"  # Generated from value "OntoGuard-Security" located at cell 'Data'!C2.,
         hasID "APP-SEC-2024-001"  # Generated from value "APP-SEC-2024-001" located at cell 'Data'!D2.,
         hasSoftwareVersion "v1.0"  # Generated from value "v1.0" located at cell 'Data'!E2.,
         hasResponseTimeMs 99  # Generated from value "99" located at cell 'Data'!F2.,
         hasLastSyncTime "2024-02-15T13:05:00"  # Generated from value "2024-02-15T13:05:00" located at cell 'Data'!G2.,
         isOnline true  # Generated from value "true" located at cell 'Data'!H2.,
         accesses "Database001"  # Generated from value "Database001" located at cell 'Data'!I2.,
         isDeployedOn "CloudService001"  # Generated from value "CloudService001" located at cell 'Data'!J2.
   Types: SoftwareApplication
   Annotations: rdfs:label "SoftwareApp001"

# Cell range: (Data!A2:J+) Comment: ""
# Individual: @A3 Annotations: rdfs:label @A3 Types: @B3 Facts: hasSoftwareAppName @C3,hasID @D3, hasSoftwareVersion @E3,hasResponseTimeMs @F3(xsd:decimal),hasLastSyncTime @G3(xsd:dateTime),
# isOnline @H3(xsd:boolean),accesses @I3,isDeployedOn @J3

Individual: SoftwareApp002  # Generated from value "SoftwareApp002" located at cell 'Data'!A3.
   Facts: hasSoftwareAppName "BioTrack-Health"  # Generated from value "BioTrack-Health" located at cell 'Data'!C3.,
         hasID "APP-BIO-2024-001"  # Generated from value "APP-BIO-2024-001" located at cell 'Data'!D3.,
         hasSoftwareVersion "v0.0"  # Generated from value "v0.0" located at cell 'Data'!E3.,
         hasResponseTimeMs 90  # Generated from value "90" located at cell 'Data'!F3.,
         hasLastSyncTime "2024-02-15T13:05:00"  # Generated from value "2024-02-15T13:05:00" located at cell 'Data'!G3.,
         isOnline true  # Generated from value "true" located at cell 'Data'!H3.,
         accesses "Database001"  # Generated from value "Database001" located at cell 'Data'!I3.,
         isDeployedOn "CloudService001"  # Generated from value "CloudService001" located at cell 'Data'!J3.
   Types: SoftwareApplication
   Annotations: rdfs:label "SoftwareApp002"
Individual: SoftwareApp002  # Generated from value "SoftwareApp002" located at cell 'Data'!A3.
   Facts: hasSoftwareAppName "BioTrack-Health"  # Generated from value "BioTrack-Health" located at cell 'Data'!C3.,
         hasID "APP-BIO-2024-001"  # Generated from value "APP-BIO-2024-001" located at cell 'Data'!D3.,
         hasSoftwareVersion "v0.0"  # Generated from value "v0.0" located at cell 'Data'!E3.,
         hasResponseTimeMs 90  # Generated from value "90" located at cell 'Data'!F3.,
         hasLastSyncTime "2024-02-15T13:05:00"  # Generated from value "2024-02-15T13:05:00" located at cell 'Data'!G3.,
         isOnline true  # Generated from value "true" located at cell 'Data'!H3.,
         accesses "Database001"  # Generated from value "Database001" located at cell 'Data'!I3.,
         isDeployedOn "CloudService001"  # Generated from value "CloudService001" located at cell 'Data'!J3.
   Types: SoftwareApplication
   Annotations: rdfs:label "SoftwareApp002"
Individual: SoftwareApp002  # Generated from value "SoftwareApp002" located at cell 'Data'!A3.
   Facts: hasSoftwareAppName "BioTrack-Health"  # Generated from value "BioTrack-Health" located at cell 'Data'!C3.,
         hasID "APP-BIO-2024-001"  # Generated from value "APP-BIO-2024-001" located at cell 'Data'!D3.,
         hasSoftwareVersion "v0.0"  # Generated from value "v0.0" located at cell 'Data'!E3.,
         hasResponseTimeMs 90  # Generated from value "90" located at cell 'Data'!F3.,
         hasLastSyncTime "2024-02-15T13:05:00"  # Generated from value "2024-02-15T13:05:00" located at cell 'Data'!G3.,
         isOnline true  # Generated from value "true" located at cell 'Data'!H3.,
         accesses "Database001"  # Generated from value "Database001" located at cell 'Data'!I3.,
         isDeployedOn "CloudService001"  # Generated from value "CloudService001" located at cell 'Data'!J3.
   Types: SoftwareApplication
   Annotations: rdfs:label "SoftwareApp002"
Individual: SoftwareApp002  # Generated from value "SoftwareApp002" located at cell 'Data'!A3.
   Facts: hasSoftwareAppName "BioTrack-Health"  # Generated from value "BioTrack-Health" located at cell 'Data'!C3.,
         hasID "APP-BIO-2024-001"  # Generated from value "APP-BIO-2024-001" located at cell 'Data'!D3.,
         hasSoftwareVersion "v0.0"  # Generated from value "v0.0" located at cell 'Data'!E3.,
         hasResponseTimeMs 90  # Generated from value "90" located at cell 'Data'!F3.,
         hasLastSyncTime "2024-02-15T13:05:00"  # Generated from value "2024-02-15T13:05:00" located at cell 'Data'!G3.,
         isOnline true  # Generated from value "true" located at cell 'Data'!H3.,
         accesses "Database001"  # Generated from value "Database001" located at cell 'Data'!I3.,
         isDeployedOn "CloudService001"  # Generated from value "CloudService001" located at cell 'Data'!J3.
   Types: SoftwareApplication
   Annotations: rdfs:label "SoftwareApp002"
Individual: SoftwareApp002  # Generated from value "SoftwareApp002" located at cell 'Data'!A3.
   Facts: hasSoftwareAppName "BioTrack-Health"  # Generated from value "BioTrack-Health" located at cell 'Data'!C3.,
         hasID "APP-BIO-2024-001"  # Generated from value "APP-BIO-2024-001" located at cell 'Data'!D3.,
         hasSoftwareVersion "v0.0"  # Generated from value "v0.0" located at cell 'Data'!E3.,
         hasResponseTimeMs 90  # Generated from value "90" located at cell 'Data'!F3.,
         hasLastSyncTime "2024-02-15T13:05:00"  # Generated from value "2024-02-15T13:05:00" located at cell 'Data'!G3.,
         isOnline true  # Generated from value "true" located at cell 'Data'!H3.,
         accesses "Database001"  # Generated from value "Database001" located at cell 'Data'!I3.,
         isDeployedOn "CloudService001"  # Generated from value "CloudService001" located at cell 'Data'!J3.
   Types: SoftwareApplication
   Annotations: rdfs:label "SoftwareApp002"
Individual: SoftwareApp002  # Generated from value "SoftwareApp002" located at cell 'Data'!A3.
   Facts: hasSoftwareAppName "BioTrack-Health"  # Generated from value "BioTrack-Health" located at cell 'Data'!C3.,
         hasID "APP-BIO-2024-001"  # Generated from value "APP-BIO-2024-001" located at cell 'Data'!D3.,
         hasSoftwareVersion "v0.0"  # Generated from value "v0.0" located at cell 'Data'!E3.,
         hasResponseTimeMs 90  # Generated from value "90" located at cell 'Data'!F3.,
         hasLastSyncTime "2024-02-15T13:05:00"  # Generated from value "2024-02-15T13:05:00" located at cell 'Data'!G3.,
         isOnline true  # Generated from value "true" located at cell 'Data'!H3.,
         accesses "Database001"  # Generated from value "Database001" located at cell 'Data'!I3.,
         isDeployedOn "CloudService001"  # Generated from value "CloudService001" located at cell 'Data'!J3.
   Types: SoftwareApplication
   Annotations: rdfs:label "SoftwareApp002"
Individual: SoftwareApp002  # Generated from value "SoftwareApp002" located at cell 'Data'!A3.
   Facts: hasSoftwareAppName "BioTrack-Health"  # Generated from value "BioTrack-Health" located at cell 'Data'!C3.,
         hasID "APP-BIO-2024-001"  # Generated from value "APP-BIO-2024-001" located at cell 'Data'!D3.,
         hasSoftwareVersion "v0.0"  # Generated from value "v0.0" located at cell 'Data'!E3.,
         hasResponseTimeMs 90  # Generated from value "90" located at cell 'Data'!F3.,
         hasLastSyncTime "2024-02-15T13:05:00"  # Generated from value "2024-02-15T13:05:00" located at cell 'Data'!G3.,
         isOnline true  # Generated from value "true" located at cell 'Data'!H3.,
         accesses "Database001"  # Generated from value "Database001" located at cell 'Data'!I3.,
         isDeployedOn "CloudService001"  # Generated from value "CloudService001" located at cell 'Data'!J3.
   Types: SoftwareApplication
   Annotations: rdfs:label "SoftwareApp002"
Individual: SoftwareApp002  # Generated from value "SoftwareApp002" located at cell 'Data'!A3.
   Facts: hasSoftwareAppName "BioTrack-Health"  # Generated from value "BioTrack-Health" located at cell 'Data'!C3.,
         hasID "APP-BIO-2024-001"  # Generated from value "APP-BIO-2024-001" located at cell 'Data'!D3.,
         hasSoftwareVersion "v0.0"  # Generated from value "v0.0" located at cell 'Data'!E3.,
         hasResponseTimeMs 90  # Generated from value "90" located at cell 'Data'!F3.,
         hasLastSyncTime "2024-02-15T13:05:00"  # Generated from value "2024-02-15T13:05:00" located at cell 'Data'!G3.,
         isOnline true  # Generated from value "true" located at cell 'Data'!H3.,
         accesses "Database001"  # Generated from value "Database001" located at cell 'Data'!I3.,
         isDeployedOn "CloudService001"  # Generated from value "CloudService001" located at cell 'Data'!J3.
   Types: SoftwareApplication
   Annotations: rdfs:label "SoftwareApp002"
Individual: SoftwareApp002  # Generated from value "SoftwareApp002" located at cell 'Data'!A3.
   Facts: hasSoftwareAppName "BioTrack-Health"  # Generated from value "BioTrack-Health" located at cell 'Data'!C3.,
         hasID "APP-BIO-2024-001"  # Generated from value "APP-BIO-2024-001" located at cell 'Data'!D3.,
         hasSoftwareVersion "v0.0"  # Generated from value "v0.0" located at cell 'Data'!E3.,
         hasResponseTimeMs 90  # Generated from value "90" located at cell 'Data'!F3.,
         hasLastSyncTime "2024-02-15T13:05:00"  # Generated from value "2024-02-15T13:05:00" located at cell 'Data'!G3.,
         isOnline true  # Generated from value "true" located at cell 'Data'!H3.,
         accesses "Database001"  # Generated from value "Database001" located at cell 'Data'!I3.,
         isDeployedOn "CloudService001"  # Generated from value "CloudService001" located at cell 'Data'!J3.
   Types: SoftwareApplication
   Annotations: rdfs:label "SoftwareApp002"
Individual: SoftwareApp002  # Generated from value "SoftwareApp002" located at cell 'Data'!A3.
   Facts: hasSoftwareAppName "BioTrack-Health"  # Generated from value "BioTrack-Health" located at cell 'Data'!C3.,
         hasID "APP-BIO-2024-001"  # Generated from value "APP-BIO-2024-001" located at cell 'Data'!D3.,
         hasSoftwareVersion "v0.0"  # Generated from value "v0.0" located at cell 'Data'!E3.,
         hasResponseTimeMs 90  # Generated from value "90" located at cell 'Data'!F3.,
         hasLastSyncTime "2024-02-15T13:05:00"  # Generated from value "2024-02-15T13:05:00" located at cell 'Data'!G3.,
         isOnline true  # Generated from value "true" located at cell 'Data'!H3.,
         accesses "Database001"  # Generated from value "Database001" located at cell 'Data'!I3.,
         isDeployedOn "CloudService001"  # Generated from value "CloudService001" located at cell 'Data'!J3.
   Types: SoftwareApplication
   Annotations: rdfs:label "SoftwareApp002"
Individual: SoftwareApp002  # Generated from value "SoftwareApp002" located at cell 'Data'!A3.
   Facts: hasSoftwareAppName "BioTrack-Health"  # Generated from value "BioTrack-Health" located at cell 'Data'!C3.,
         hasID "APP-BIO-2024-001"  # Generated from value "APP-BIO-2024-001" located at cell 'Data'!D3.,
         hasSoftwareVersion "v0.0"  # Generated from value "v0.0" located at cell 'Data'!E3.,
         hasResponseTimeMs 90  # Generated from value "90" located at cell 'Data'!F3.,
         hasLastSyncTime "2024-02-15T13:05:00"  # Generated from value "2024-02-15T13:05:00" located at cell 'Data'!G3.,
         isOnline true  # Generated from value "true" located at cell 'Data'!H3.,
         accesses "Database001"  # Generated from value "Database001" located at cell 'Data'!I3.,
         isDeployedOn "CloudService001"  # Generated from value "CloudService001" located at cell 'Data'!J3.
   Types: SoftwareApplication
   Annotations: rdfs:label "SoftwareApp002"
Individual: SoftwareApp002  # Generated from value "SoftwareApp002" located at cell 'Data'!A3.
   Facts: hasSoftwareAppName "BioTrack-Health"  # Generated from value "BioTrack-Health" located at cell 'Data'!C3.,
         hasID "APP-BIO-2024-001"  # Generated from value "APP-BIO-2024-001" located at cell 'Data'!D3.,
         hasSoftwareVersion "v0.0"  # Generated from value "v0.0" located at cell 'Data'!E3.,
         hasResponseTimeMs 90  # Generated from value "90" located at cell 'Data'!F3.,
         hasLastSyncTime "2024-02-15T13:05:00"  # Generated from value "2024-02-15T13:05:00" located at cell 'Data'!G3.,
         isOnline true  # Generated from value "true" located at cell 'Data'!H3.,
         accesses "Database001"  # Generated from value "Database001" located at cell 'Data'!I3.,
         isDeployedOn "CloudService001"  # Generated from value "CloudService001" located at cell 'Data'!J3.
   Types: SoftwareApplication
   Annotations: rdfs:label "SoftwareApp002"
Individual: SoftwareApp002  # Generated from value "SoftwareApp002" located at cell 'Data'!A3.
   Facts: hasSoftwareAppName "BioTrack-Health"  # Generated from value "BioTrack-Health" located at cell 'Data'!C3.,
         hasID "APP-BIO-2024-001"  # Generated from value "APP-BIO-2024-001" located at cell 'Data'!D3.,
         hasSoftwareVersion "v0.0"  # Generated from value "v0.0" located at cell 'Data'!E3.,
         hasResponseTimeMs 90  # Generated from value "90" located at cell 'Data'!F3.,
         hasLastSyncTime "2024-02-15T13:05:00"  # Generated from value "2024-02-15T13:05:00" located at cell 'Data'!G3.,
         isOnline true  # Generated from value "true" located at cell 'Data'!H3.,
         accesses "Database001"  # Generated from value "Database001" located at cell 'Data'!I3.,
         isDeployedOn "CloudService001"  # Generated from value "CloudService001" located at cell 'Data'!J3.
   Types: SoftwareApplication
   Annotations: rdfs:label "SoftwareApp002"
Individual: SoftwareApp002  # Generated from value "SoftwareApp002" located at cell 'Data'!A3.
   Facts: hasSoftwareAppName "BioTrack-Health"  # Generated from value "BioTrack-Health" located at cell 'Data'!C3.,
         hasID "APP-BIO-2024-001"  # Generated from value "APP-BIO-2024-001" located at cell 'Data'!D3.,
         hasSoftwareVersion "v0.0"  # Generated from value "v0.0" located at cell 'Data'!E3.,
         hasResponseTimeMs 90  # Generated from value "90" located at cell 'Data'!F3.,
         hasLastSyncTime "2024-02-15T13:05:00"  # Generated from value "2024-02-15T13:05:00" located at cell 'Data'!G3.,
         isOnline true  # Generated from value "true" located at cell 'Data'!H3.,
         accesses "Database001"  # Generated from value "Database001" located at cell 'Data'!I3.,
         isDeployedOn "CloudService001"  # Generated from value "CloudService001" located at cell 'Data'!J3.
   Types: SoftwareApplication
   Annotations: rdfs:label "SoftwareApp002"
Individual: SoftwareApp002  # Generated from value "SoftwareApp002" located at cell 'Data'!A3.
   Facts: hasSoftwareAppName "BioTrack-Health"  # Generated from value "BioTrack-Health" located at cell 'Data'!C3.,
         hasID "APP-BIO-2024-001"  # Generated from value "APP-BIO-2024-001" located at cell 'Data'!D3.,
         hasSoftwareVersion "v0.0"  # Generated from value "v0.0" located at cell 'Data'!E3.,
         hasResponseTimeMs 90  # Generated from value "90" located at cell 'Data'!F3.,
         hasLastSyncTime "2024-02-15T13:05:00"  # Generated from value "2024-02-15T13:05:00" located at cell 'Data'!G3.,
         isOnline true  # Generated from value "true" located at cell 'Data'!H3.,
         accesses "Database001"  # Generated from value "Database001" located at cell 'Data'!I3.,
         isDeployedOn "CloudService001"  # Generated from value "CloudService001" located at cell 'Data'!J3.
   Types: SoftwareApplication
   Annotations: rdfs:label "SoftwareApp002"
Individual: SoftwareApp002  # Generated from value "SoftwareApp002" located at cell 'Data'!A3.
   Facts: hasSoftwareAppName "BioTrack-Health"  # Generated from value "BioTrack-Health" located at cell 'Data'!C3.,
         hasID "APP-BIO-2024-001"  # Generated from value "APP-BIO-2024-001" located at cell 'Data'!D3.,
         hasSoftwareVersion "v0.0"  # Generated from value "v0.0" located at cell 'Data'!E3.,
         hasResponseTimeMs 90  # Generated from value "90" located at cell 'Data'!F3.,
         hasLastSyncTime "2024-02-15T13:05:00"  # Generated from value "2024-02-15T13:05:00" located at cell 'Data'!G3.,
         isOnline true  # Generated from value "true" located at cell 'Data'!H3.,
         accesses "Database001"  # Generated from value "Database001" located at cell 'Data'!I3.,
         isDeployedOn "CloudService001"  # Generated from value "CloudService001" located at cell 'Data'!J3.
   Types: SoftwareApplication
   Annotations: rdfs:label "SoftwareApp002"
Individual: SoftwareApp002  # Generated from value "SoftwareApp002" located at cell 'Data'!A3.
   Facts: hasSoftwareAppName "BioTrack-Health"  # Generated from value "BioTrack-Health" located at cell 'Data'!C3.,
         hasID "APP-BIO-2024-001"  # Generated from value "APP-BIO-2024-001" located at cell 'Data'!D3.,
         hasSoftwareVersion "v0.0"  # Generated from value "v0.0" located at cell 'Data'!E3.,
         hasResponseTimeMs 90  # Generated from value "90" located at cell 'Data'!F3.,
         hasLastSyncTime "2024-02-15T13:05:00"  # Generated from value "2024-02-15T13:05:00" located at cell 'Data'!G3.,
         isOnline true  # Generated from value "true" located at cell 'Data'!H3.,
         accesses "Database001"  # Generated from value "Database001" located at cell 'Data'!I3.,
         isDeployedOn "CloudService001"  # Generated from value "CloudService001" located at cell 'Data'!J3.
   Types: SoftwareApplication
   Annotations: rdfs:label "SoftwareApp002"
Individual: SoftwareApp002  # Generated from value "SoftwareApp002" located at cell 'Data'!A3.
   Facts: hasSoftwareAppName "BioTrack-Health"  # Generated from value "BioTrack-Health" located at cell 'Data'!C3.,
         hasID "APP-BIO-2024-001"  # Generated from value "APP-BIO-2024-001" located at cell 'Data'!D3.,
         hasSoftwareVersion "v0.0"  # Generated from value "v0.0" located at cell 'Data'!E3.,
         hasResponseTimeMs 90  # Generated from value "90" located at cell 'Data'!F3.,
         hasLastSyncTime "2024-02-15T13:05:00"  # Generated from value "2024-02-15T13:05:00" located at cell 'Data'!G3.,
         isOnline true  # Generated from value "true" located at cell 'Data'!H3.,
         accesses "Database001"  # Generated from value "Database001" located at cell 'Data'!I3.,
         isDeployedOn "CloudService001"  # Generated from value "CloudService001" located at cell 'Data'!J3.
   Types: SoftwareApplication
   Annotations: rdfs:label "SoftwareApp002"
Individual: SoftwareApp002  # Generated from value "SoftwareApp002" located at cell 'Data'!A3.
   Facts: hasSoftwareAppName "BioTrack-Health"  # Generated from value "BioTrack-Health" located at cell 'Data'!C3.,
         hasID "APP-BIO-2024-001"  # Generated from value "APP-BIO-2024-001" located at cell 'Data'!D3.,
         hasSoftwareVersion "v0.0"  # Generated from value "v0.0" located at cell 'Data'!E3.,
         hasResponseTimeMs 90  # Generated from value "90" located at cell 'Data'!F3.,
         hasLastSyncTime "2024-02-15T13:05:00"  # Generated from value "2024-02-15T13:05:00" located at cell 'Data'!G3.,
         isOnline true  # Generated from value "true" located at cell 'Data'!H3.,
         accesses "Database001"  # Generated from value "Database001" located at cell 'Data'!I3.,
         isDeployedOn "CloudService001"  # Generated from value "CloudService001" located at cell 'Data'!J3.
   Types: SoftwareApplication
   Annotations: rdfs:label "SoftwareApp002"
Individual: SoftwareApp002  # Generated from value "SoftwareApp002" located at cell 'Data'!A3.
   Facts: hasSoftwareAppName "BioTrack-Health"  # Generated from value "BioTrack-Health" located at cell 'Data'!C3.,
         hasID "APP-BIO-2024-001"  # Generated from value "APP-BIO-2024-001" located at cell 'Data'!D3.,
         hasSoftwareVersion "v0.0"  # Generated from value "v0.0" located at cell 'Data'!E3.,
         hasResponseTimeMs 90  # Generated from value "90" located at cell 'Data'!F3.,
         hasLastSyncTime "2024-02-15T13:05:00"  # Generated from value "2024-02-15T13:05:00" located at cell 'Data'!G3.,
         isOnline true  # Generated from value "true" located at cell 'Data'!H3.,
         accesses "Database001"  # Generated from value "Database001" located at cell 'Data'!I3.,
         isDeployedOn "CloudService001"  # Generated from value "CloudService001" located at cell 'Data'!J3.
   Types: SoftwareApplication
   Annotations: rdfs:label "SoftwareApp002"

===========================================================================================================
Date: 2026-03-21 16:59:44
Ontology source: /C:/Users/s2024165/OneDrive%20-%20SARS/Personal/Personal/Masters%20in%20Computer%20Science/2023/TUT/Dissertation/Chapter%204%20-%20Design%20and%20implementation%20of%20LFTDO%20and%20Architecture/Ontology/209332175_LFTDO_V0.11.owl
Worksheet source: C:\Users\s2024165\OneDrive - SARS\Personal\Personal\Masters in Computer Science\2023\TUT\Dissertation\Chapter 7 - Artefacts Evaluations (Architecture and LFTDO)\Empirical Data\Master Data\1.Participants_LoadData.xlsx
Transformation rules: C:\Users\s2024165\OneDrive - SARS\Personal\Personal\Masters in Computer Science\2023\TUT\Dissertation\Chapter 7 - Artefacts Evaluations (Architecture and LFTDO)\Empirical Data\Master Data\1.Participant_LoadData_RULE_MAPPING.json

# Cell range: (Data!A2:H+) Comment: ""
# Individual: @A2 Annotations: rdfs:label @A2 Types: @B2 Facts: hasParticipantID @C2,hasParticipantName @D2,
# hasContactNumber @E2,hasParticipantRole @F2,hasParticipantEmail @G2,isNotifiedBySoftwareApp @H2

Individual: Farmer001  # Generated from value "Farmer001" located at cell 'Data'!A2.
   Facts: hasParticipantID "9000000000006"  # Generated from value "9000000000006" located at cell 'Data'!C2.,
         hasParticipantName "Mr. Tumelo Modise"  # Generated from value "Mr. Tumelo Modise" located at cell 'Data'!D2.,
         hasContactNumber "0731234545"  # Generated from value "0731234545" located at cell 'Data'!E2.,
         hasParticipantRole "Farmer"  # Generated from value "Farmer" located at cell 'Data'!F2.,
         hasParticipantEmail "test@test.email.com"  # Generated from value "test@test.email.com" located at cell 'Data'!G2.,
         isNotifiedBySoftwareApp "SoftwareApp001"  # Generated from value "SoftwareApp001" located at cell 'Data'!H2.
   Types: Participant
   Annotations: rdfs:label "Farmer001"
Individual: Farmer001  # Generated from value "Farmer001" located at cell 'Data'!A2.
   Facts: hasParticipantID "9000000000006"  # Generated from value "9000000000006" located at cell 'Data'!C2.,
         hasParticipantName "Mr. Tumelo Modise"  # Generated from value "Mr. Tumelo Modise" located at cell 'Data'!D2.,
         hasContactNumber "0731234545"  # Generated from value "0731234545" located at cell 'Data'!E2.,
         hasParticipantRole "Farmer"  # Generated from value "Farmer" located at cell 'Data'!F2.,
         hasParticipantEmail "test@test.email.com"  # Generated from value "test@test.email.com" located at cell 'Data'!G2.,
         isNotifiedBySoftwareApp "SoftwareApp001"  # Generated from value "SoftwareApp001" located at cell 'Data'!H2.
   Types: Participant
   Annotations: rdfs:label "Farmer001"
Individual: Farmer001  # Generated from value "Farmer001" located at cell 'Data'!A2.
   Facts: hasParticipantID "9000000000006"  # Generated from value "9000000000006" located at cell 'Data'!C2.,
         hasParticipantName "Mr. Tumelo Modise"  # Generated from value "Mr. Tumelo Modise" located at cell 'Data'!D2.,
         hasContactNumber "0731234545"  # Generated from value "0731234545" located at cell 'Data'!E2.,
         hasParticipantRole "Farmer"  # Generated from value "Farmer" located at cell 'Data'!F2.,
         hasParticipantEmail "test@test.email.com"  # Generated from value "test@test.email.com" located at cell 'Data'!G2.,
         isNotifiedBySoftwareApp "SoftwareApp001"  # Generated from value "SoftwareApp001" located at cell 'Data'!H2.
   Types: Participant
   Annotations: rdfs:label "Farmer001"
Individual: Farmer001  # Generated from value "Farmer001" located at cell 'Data'!A2.
   Facts: hasParticipantID "9000000000006"  # Generated from value "9000000000006" located at cell 'Data'!C2.,
         hasParticipantName "Mr. Tumelo Modise"  # Generated from value "Mr. Tumelo Modise" located at cell 'Data'!D2.,
         hasContactNumber "0731234545"  # Generated from value "0731234545" located at cell 'Data'!E2.,
         hasParticipantRole "Farmer"  # Generated from value "Farmer" located at cell 'Data'!F2.,
         hasParticipantEmail "test@test.email.com"  # Generated from value "test@test.email.com" located at cell 'Data'!G2.,
         isNotifiedBySoftwareApp "SoftwareApp001"  # Generated from value "SoftwareApp001" located at cell 'Data'!H2.
   Types: Participant
   Annotations: rdfs:label "Farmer001"
Individual: Farmer001  # Generated from value "Farmer001" located at cell 'Data'!A2.
   Facts: hasParticipantID "9000000000006"  # Generated from value "9000000000006" located at cell 'Data'!C2.,
         hasParticipantName "Mr. Tumelo Modise"  # Generated from value "Mr. Tumelo Modise" located at cell 'Data'!D2.,
         hasContactNumber "0731234545"  # Generated from value "0731234545" located at cell 'Data'!E2.,
         hasParticipantRole "Farmer"  # Generated from value "Farmer" located at cell 'Data'!F2.,
         hasParticipantEmail "test@test.email.com"  # Generated from value "test@test.email.com" located at cell 'Data'!G2.,
         isNotifiedBySoftwareApp "SoftwareApp001"  # Generated from value "SoftwareApp001" located at cell 'Data'!H2.
   Types: Participant
   Annotations: rdfs:label "Farmer001"
Individual: Farmer001  # Generated from value "Farmer001" located at cell 'Data'!A2.
   Facts: hasParticipantID "9000000000006"  # Generated from value "9000000000006" located at cell 'Data'!C2.,
         hasParticipantName "Mr. Tumelo Modise"  # Generated from value "Mr. Tumelo Modise" located at cell 'Data'!D2.,
         hasContactNumber "0731234545"  # Generated from value "0731234545" located at cell 'Data'!E2.,
         hasParticipantRole "Farmer"  # Generated from value "Farmer" located at cell 'Data'!F2.,
         hasParticipantEmail "test@test.email.com"  # Generated from value "test@test.email.com" located at cell 'Data'!G2.,
         isNotifiedBySoftwareApp "SoftwareApp001"  # Generated from value "SoftwareApp001" located at cell 'Data'!H2.
   Types: Participant
   Annotations: rdfs:label "Farmer001"
Individual: Farmer001  # Generated from value "Farmer001" located at cell 'Data'!A2.
   Facts: hasParticipantID "9000000000006"  # Generated from value "9000000000006" located at cell 'Data'!C2.,
         hasParticipantName "Mr. Tumelo Modise"  # Generated from value "Mr. Tumelo Modise" located at cell 'Data'!D2.,
         hasContactNumber "0731234545"  # Generated from value "0731234545" located at cell 'Data'!E2.,
         hasParticipantRole "Farmer"  # Generated from value "Farmer" located at cell 'Data'!F2.,
         hasParticipantEmail "test@test.email.com"  # Generated from value "test@test.email.com" located at cell 'Data'!G2.,
         isNotifiedBySoftwareApp "SoftwareApp001"  # Generated from value "SoftwareApp001" located at cell 'Data'!H2.
   Types: Participant
   Annotations: rdfs:label "Farmer001"
Individual: Farmer001  # Generated from value "Farmer001" located at cell 'Data'!A2.
   Facts: hasParticipantID "9000000000006"  # Generated from value "9000000000006" located at cell 'Data'!C2.,
         hasParticipantName "Mr. Tumelo Modise"  # Generated from value "Mr. Tumelo Modise" located at cell 'Data'!D2.,
         hasContactNumber "0731234545"  # Generated from value "0731234545" located at cell 'Data'!E2.,
         hasParticipantRole "Farmer"  # Generated from value "Farmer" located at cell 'Data'!F2.,
         hasParticipantEmail "test@test.email.com"  # Generated from value "test@test.email.com" located at cell 'Data'!G2.,
         isNotifiedBySoftwareApp "SoftwareApp001"  # Generated from value "SoftwareApp001" located at cell 'Data'!H2.
   Types: Participant
   Annotations: rdfs:label "Farmer001"
Individual: Farmer001  # Generated from value "Farmer001" located at cell 'Data'!A2.
   Facts: hasParticipantID "9000000000006"  # Generated from value "9000000000006" located at cell 'Data'!C2.,
         hasParticipantName "Mr. Tumelo Modise"  # Generated from value "Mr. Tumelo Modise" located at cell 'Data'!D2.,
         hasContactNumber "0731234545"  # Generated from value "0731234545" located at cell 'Data'!E2.,
         hasParticipantRole "Farmer"  # Generated from value "Farmer" located at cell 'Data'!F2.,
         hasParticipantEmail "test@test.email.com"  # Generated from value "test@test.email.com" located at cell 'Data'!G2.,
         isNotifiedBySoftwareApp "SoftwareApp001"  # Generated from value "SoftwareApp001" located at cell 'Data'!H2.
   Types: Participant
   Annotations: rdfs:label "Farmer001"
Individual: Farmer001  # Generated from value "Farmer001" located at cell 'Data'!A2.
   Facts: hasParticipantID "9000000000006"  # Generated from value "9000000000006" located at cell 'Data'!C2.,
         hasParticipantName "Mr. Tumelo Modise"  # Generated from value "Mr. Tumelo Modise" located at cell 'Data'!D2.,
         hasContactNumber "0731234545"  # Generated from value "0731234545" located at cell 'Data'!E2.,
         hasParticipantRole "Farmer"  # Generated from value "Farmer" located at cell 'Data'!F2.,
         hasParticipantEmail "test@test.email.com"  # Generated from value "test@test.email.com" located at cell 'Data'!G2.,
         isNotifiedBySoftwareApp "SoftwareApp001"  # Generated from value "SoftwareApp001" located at cell 'Data'!H2.
   Types: Participant
   Annotations: rdfs:label "Farmer001"
Individual: Farmer001  # Generated from value "Farmer001" located at cell 'Data'!A2.
   Facts: hasParticipantID "9000000000006"  # Generated from value "9000000000006" located at cell 'Data'!C2.,
         hasParticipantName "Mr. Tumelo Modise"  # Generated from value "Mr. Tumelo Modise" located at cell 'Data'!D2.,
         hasContactNumber "0731234545"  # Generated from value "0731234545" located at cell 'Data'!E2.,
         hasParticipantRole "Farmer"  # Generated from value "Farmer" located at cell 'Data'!F2.,
         hasParticipantEmail "test@test.email.com"  # Generated from value "test@test.email.com" located at cell 'Data'!G2.,
         isNotifiedBySoftwareApp "SoftwareApp001"  # Generated from value "SoftwareApp001" located at cell 'Data'!H2.
   Types: Participant
   Annotations: rdfs:label "Farmer001"
Individual: Farmer001  # Generated from value "Farmer001" located at cell 'Data'!A2.
   Facts: hasParticipantID "9000000000006"  # Generated from value "9000000000006" located at cell 'Data'!C2.,
         hasParticipantName "Mr. Tumelo Modise"  # Generated from value "Mr. Tumelo Modise" located at cell 'Data'!D2.,
         hasContactNumber "0731234545"  # Generated from value "0731234545" located at cell 'Data'!E2.,
         hasParticipantRole "Farmer"  # Generated from value "Farmer" located at cell 'Data'!F2.,
         hasParticipantEmail "test@test.email.com"  # Generated from value "test@test.email.com" located at cell 'Data'!G2.,
         isNotifiedBySoftwareApp "SoftwareApp001"  # Generated from value "SoftwareApp001" located at cell 'Data'!H2.
   Types: Participant
   Annotations: rdfs:label "Farmer001"
Individual: Farmer001  # Generated from value "Farmer001" located at cell 'Data'!A2.
   Facts: hasParticipantID "9000000000006"  # Generated from value "9000000000006" located at cell 'Data'!C2.,
         hasParticipantName "Mr. Tumelo Modise"  # Generated from value "Mr. Tumelo Modise" located at cell 'Data'!D2.,
         hasContactNumber "0731234545"  # Generated from value "0731234545" located at cell 'Data'!E2.,
         hasParticipantRole "Farmer"  # Generated from value "Farmer" located at cell 'Data'!F2.,
         hasParticipantEmail "test@test.email.com"  # Generated from value "test@test.email.com" located at cell 'Data'!G2.,
         isNotifiedBySoftwareApp "SoftwareApp001"  # Generated from value "SoftwareApp001" located at cell 'Data'!H2.
   Types: Participant
   Annotations: rdfs:label "Farmer001"
Individual: Farmer001  # Generated from value "Farmer001" located at cell 'Data'!A2.
   Facts: hasParticipantID "9000000000006"  # Generated from value "9000000000006" located at cell 'Data'!C2.,
         hasParticipantName "Mr. Tumelo Modise"  # Generated from value "Mr. Tumelo Modise" located at cell 'Data'!D2.,
         hasContactNumber "0731234545"  # Generated from value "0731234545" located at cell 'Data'!E2.,
         hasParticipantRole "Farmer"  # Generated from value "Farmer" located at cell 'Data'!F2.,
         hasParticipantEmail "test@test.email.com"  # Generated from value "test@test.email.com" located at cell 'Data'!G2.,
         isNotifiedBySoftwareApp "SoftwareApp001"  # Generated from value "SoftwareApp001" located at cell 'Data'!H2.
   Types: Participant
   Annotations: rdfs:label "Farmer001"
Individual: Farmer001  # Generated from value "Farmer001" located at cell 'Data'!A2.
   Facts: hasParticipantID "9000000000006"  # Generated from value "9000000000006" located at cell 'Data'!C2.,
         hasParticipantName "Mr. Tumelo Modise"  # Generated from value "Mr. Tumelo Modise" located at cell 'Data'!D2.,
         hasContactNumber "0731234545"  # Generated from value "0731234545" located at cell 'Data'!E2.,
         hasParticipantRole "Farmer"  # Generated from value "Farmer" located at cell 'Data'!F2.,
         hasParticipantEmail "test@test.email.com"  # Generated from value "test@test.email.com" located at cell 'Data'!G2.,
         isNotifiedBySoftwareApp "SoftwareApp001"  # Generated from value "SoftwareApp001" located at cell 'Data'!H2.
   Types: Participant
   Annotations: rdfs:label "Farmer001"
Individual: Farmer001  # Generated from value "Farmer001" located at cell 'Data'!A2.
   Facts: hasParticipantID "9000000000006"  # Generated from value "9000000000006" located at cell 'Data'!C2.,
         hasParticipantName "Mr. Tumelo Modise"  # Generated from value "Mr. Tumelo Modise" located at cell 'Data'!D2.,
         hasContactNumber "0731234545"  # Generated from value "0731234545" located at cell 'Data'!E2.,
         hasParticipantRole "Farmer"  # Generated from value "Farmer" located at cell 'Data'!F2.,
         hasParticipantEmail "test@test.email.com"  # Generated from value "test@test.email.com" located at cell 'Data'!G2.,
         isNotifiedBySoftwareApp "SoftwareApp001"  # Generated from value "SoftwareApp001" located at cell 'Data'!H2.
   Types: Participant
   Annotations: rdfs:label "Farmer001"

# Cell range: (Data!A2:H+) Comment: ""
# Individual: @A3 Annotations: rdfs:label @A3 Types: @B3 Facts: hasParticipantID @C3,hasParticipantName @D3,
# hasContactNumber @E3,hasParticipantRole @F3,hasParticipantEmail @G3,isNotifiedBySoftwareApp @H3

Individual: Farmer001  # Generated from value "Farmer001" located at cell 'Data'!A3.
   Facts: hasParticipantID "9000000000006"  # Generated from value "9000000000006" located at cell 'Data'!C3.,
         hasParticipantName "Mr. Tumelo Modise"  # Generated from value "Mr. Tumelo Modise" located at cell 'Data'!D3.,
         hasContactNumber "0731234545"  # Generated from value "0731234545" located at cell 'Data'!E3.,
         hasParticipantRole "Farmer"  # Generated from value "Farmer" located at cell 'Data'!F3.,
         hasParticipantEmail "test@test.email.com"  # Generated from value "test@test.email.com" located at cell 'Data'!G3.,
         isNotifiedBySoftwareApp "SoftwareApp002"  # Generated from value "SoftwareApp002" located at cell 'Data'!H3.
   Types: Participant
   Annotations: rdfs:label "Farmer001"
Individual: Farmer001  # Generated from value "Farmer001" located at cell 'Data'!A3.
   Facts: hasParticipantID "9000000000006"  # Generated from value "9000000000006" located at cell 'Data'!C3.,
         hasParticipantName "Mr. Tumelo Modise"  # Generated from value "Mr. Tumelo Modise" located at cell 'Data'!D3.,
         hasContactNumber "0731234545"  # Generated from value "0731234545" located at cell 'Data'!E3.,
         hasParticipantRole "Farmer"  # Generated from value "Farmer" located at cell 'Data'!F3.,
         hasParticipantEmail "test@test.email.com"  # Generated from value "test@test.email.com" located at cell 'Data'!G3.,
         isNotifiedBySoftwareApp "SoftwareApp002"  # Generated from value "SoftwareApp002" located at cell 'Data'!H3.
   Types: Participant
   Annotations: rdfs:label "Farmer001"
Individual: Farmer001  # Generated from value "Farmer001" located at cell 'Data'!A3.
   Facts: hasParticipantID "9000000000006"  # Generated from value "9000000000006" located at cell 'Data'!C3.,
         hasParticipantName "Mr. Tumelo Modise"  # Generated from value "Mr. Tumelo Modise" located at cell 'Data'!D3.,
         hasContactNumber "0731234545"  # Generated from value "0731234545" located at cell 'Data'!E3.,
         hasParticipantRole "Farmer"  # Generated from value "Farmer" located at cell 'Data'!F3.,
         hasParticipantEmail "test@test.email.com"  # Generated from value "test@test.email.com" located at cell 'Data'!G3.,
         isNotifiedBySoftwareApp "SoftwareApp002"  # Generated from value "SoftwareApp002" located at cell 'Data'!H3.
   Types: Participant
   Annotations: rdfs:label "Farmer001"
Individual: Farmer001  # Generated from value "Farmer001" located at cell 'Data'!A3.
   Facts: hasParticipantID "9000000000006"  # Generated from value "9000000000006" located at cell 'Data'!C3.,
         hasParticipantName "Mr. Tumelo Modise"  # Generated from value "Mr. Tumelo Modise" located at cell 'Data'!D3.,
         hasContactNumber "0731234545"  # Generated from value "0731234545" located at cell 'Data'!E3.,
         hasParticipantRole "Farmer"  # Generated from value "Farmer" located at cell 'Data'!F3.,
         hasParticipantEmail "test@test.email.com"  # Generated from value "test@test.email.com" located at cell 'Data'!G3.,
         isNotifiedBySoftwareApp "SoftwareApp002"  # Generated from value "SoftwareApp002" located at cell 'Data'!H3.
   Types: Participant
   Annotations: rdfs:label "Farmer001"
Individual: Farmer001  # Generated from value "Farmer001" located at cell 'Data'!A3.
   Facts: hasParticipantID "9000000000006"  # Generated from value "9000000000006" located at cell 'Data'!C3.,
         hasParticipantName "Mr. Tumelo Modise"  # Generated from value "Mr. Tumelo Modise" located at cell 'Data'!D3.,
         hasContactNumber "0731234545"  # Generated from value "0731234545" located at cell 'Data'!E3.,
         hasParticipantRole "Farmer"  # Generated from value "Farmer" located at cell 'Data'!F3.,
         hasParticipantEmail "test@test.email.com"  # Generated from value "test@test.email.com" located at cell 'Data'!G3.,
         isNotifiedBySoftwareApp "SoftwareApp002"  # Generated from value "SoftwareApp002" located at cell 'Data'!H3.
   Types: Participant
   Annotations: rdfs:label "Farmer001"
Individual: Farmer001  # Generated from value "Farmer001" located at cell 'Data'!A3.
   Facts: hasParticipantID "9000000000006"  # Generated from value "9000000000006" located at cell 'Data'!C3.,
         hasParticipantName "Mr. Tumelo Modise"  # Generated from value "Mr. Tumelo Modise" located at cell 'Data'!D3.,
         hasContactNumber "0731234545"  # Generated from value "0731234545" located at cell 'Data'!E3.,
         hasParticipantRole "Farmer"  # Generated from value "Farmer" located at cell 'Data'!F3.,
         hasParticipantEmail "test@test.email.com"  # Generated from value "test@test.email.com" located at cell 'Data'!G3.,
         isNotifiedBySoftwareApp "SoftwareApp002"  # Generated from value "SoftwareApp002" located at cell 'Data'!H3.
   Types: Participant
   Annotations: rdfs:label "Farmer001"
Individual: Farmer001  # Generated from value "Farmer001" located at cell 'Data'!A3.
   Facts: hasParticipantID "9000000000006"  # Generated from value "9000000000006" located at cell 'Data'!C3.,
         hasParticipantName "Mr. Tumelo Modise"  # Generated from value "Mr. Tumelo Modise" located at cell 'Data'!D3.,
         hasContactNumber "0731234545"  # Generated from value "0731234545" located at cell 'Data'!E3.,
         hasParticipantRole "Farmer"  # Generated from value "Farmer" located at cell 'Data'!F3.,
         hasParticipantEmail "test@test.email.com"  # Generated from value "test@test.email.com" located at cell 'Data'!G3.,
         isNotifiedBySoftwareApp "SoftwareApp002"  # Generated from value "SoftwareApp002" located at cell 'Data'!H3.
   Types: Participant
   Annotations: rdfs:label "Farmer001"
Individual: Farmer001  # Generated from value "Farmer001" located at cell 'Data'!A3.
   Facts: hasParticipantID "9000000000006"  # Generated from value "9000000000006" located at cell 'Data'!C3.,
         hasParticipantName "Mr. Tumelo Modise"  # Generated from value "Mr. Tumelo Modise" located at cell 'Data'!D3.,
         hasContactNumber "0731234545"  # Generated from value "0731234545" located at cell 'Data'!E3.,
         hasParticipantRole "Farmer"  # Generated from value "Farmer" located at cell 'Data'!F3.,
         hasParticipantEmail "test@test.email.com"  # Generated from value "test@test.email.com" located at cell 'Data'!G3.,
         isNotifiedBySoftwareApp "SoftwareApp002"  # Generated from value "SoftwareApp002" located at cell 'Data'!H3.
   Types: Participant
   Annotations: rdfs:label "Farmer001"
Individual: Farmer001  # Generated from value "Farmer001" located at cell 'Data'!A3.
   Facts: hasParticipantID "9000000000006"  # Generated from value "9000000000006" located at cell 'Data'!C3.,
         hasParticipantName "Mr. Tumelo Modise"  # Generated from value "Mr. Tumelo Modise" located at cell 'Data'!D3.,
         hasContactNumber "0731234545"  # Generated from value "0731234545" located at cell 'Data'!E3.,
         hasParticipantRole "Farmer"  # Generated from value "Farmer" located at cell 'Data'!F3.,
         hasParticipantEmail "test@test.email.com"  # Generated from value "test@test.email.com" located at cell 'Data'!G3.,
         isNotifiedBySoftwareApp "SoftwareApp002"  # Generated from value "SoftwareApp002" located at cell 'Data'!H3.
   Types: Participant
   Annotations: rdfs:label "Farmer001"
Individual: Farmer001  # Generated from value "Farmer001" located at cell 'Data'!A3.
   Facts: hasParticipantID "9000000000006"  # Generated from value "9000000000006" located at cell 'Data'!C3.,
         hasParticipantName "Mr. Tumelo Modise"  # Generated from value "Mr. Tumelo Modise" located at cell 'Data'!D3.,
         hasContactNumber "0731234545"  # Generated from value "0731234545" located at cell 'Data'!E3.,
         hasParticipantRole "Farmer"  # Generated from value "Farmer" located at cell 'Data'!F3.,
         hasParticipantEmail "test@test.email.com"  # Generated from value "test@test.email.com" located at cell 'Data'!G3.,
         isNotifiedBySoftwareApp "SoftwareApp002"  # Generated from value "SoftwareApp002" located at cell 'Data'!H3.
   Types: Participant
   Annotations: rdfs:label "Farmer001"
Individual: Farmer001  # Generated from value "Farmer001" located at cell 'Data'!A3.
   Facts: hasParticipantID "9000000000006"  # Generated from value "9000000000006" located at cell 'Data'!C3.,
         hasParticipantName "Mr. Tumelo Modise"  # Generated from value "Mr. Tumelo Modise" located at cell 'Data'!D3.,
         hasContactNumber "0731234545"  # Generated from value "0731234545" located at cell 'Data'!E3.,
         hasParticipantRole "Farmer"  # Generated from value "Farmer" located at cell 'Data'!F3.,
         hasParticipantEmail "test@test.email.com"  # Generated from value "test@test.email.com" located at cell 'Data'!G3.,
         isNotifiedBySoftwareApp "SoftwareApp002"  # Generated from value "SoftwareApp002" located at cell 'Data'!H3.
   Types: Participant
   Annotations: rdfs:label "Farmer001"
Individual: Farmer001  # Generated from value "Farmer001" located at cell 'Data'!A3.
   Facts: hasParticipantID "9000000000006"  # Generated from value "9000000000006" located at cell 'Data'!C3.,
         hasParticipantName "Mr. Tumelo Modise"  # Generated from value "Mr. Tumelo Modise" located at cell 'Data'!D3.,
         hasContactNumber "0731234545"  # Generated from value "0731234545" located at cell 'Data'!E3.,
         hasParticipantRole "Farmer"  # Generated from value "Farmer" located at cell 'Data'!F3.,
         hasParticipantEmail "test@test.email.com"  # Generated from value "test@test.email.com" located at cell 'Data'!G3.,
         isNotifiedBySoftwareApp "SoftwareApp002"  # Generated from value "SoftwareApp002" located at cell 'Data'!H3.
   Types: Participant
   Annotations: rdfs:label "Farmer001"
Individual: Farmer001  # Generated from value "Farmer001" located at cell 'Data'!A3.
   Facts: hasParticipantID "9000000000006"  # Generated from value "9000000000006" located at cell 'Data'!C3.,
         hasParticipantName "Mr. Tumelo Modise"  # Generated from value "Mr. Tumelo Modise" located at cell 'Data'!D3.,
         hasContactNumber "0731234545"  # Generated from value "0731234545" located at cell 'Data'!E3.,
         hasParticipantRole "Farmer"  # Generated from value "Farmer" located at cell 'Data'!F3.,
         hasParticipantEmail "test@test.email.com"  # Generated from value "test@test.email.com" located at cell 'Data'!G3.,
         isNotifiedBySoftwareApp "SoftwareApp002"  # Generated from value "SoftwareApp002" located at cell 'Data'!H3.
   Types: Participant
   Annotations: rdfs:label "Farmer001"
Individual: Farmer001  # Generated from value "Farmer001" located at cell 'Data'!A3.
   Facts: hasParticipantID "9000000000006"  # Generated from value "9000000000006" located at cell 'Data'!C3.,
         hasParticipantName "Mr. Tumelo Modise"  # Generated from value "Mr. Tumelo Modise" located at cell 'Data'!D3.,
         hasContactNumber "0731234545"  # Generated from value "0731234545" located at cell 'Data'!E3.,
         hasParticipantRole "Farmer"  # Generated from value "Farmer" located at cell 'Data'!F3.,
         hasParticipantEmail "test@test.email.com"  # Generated from value "test@test.email.com" located at cell 'Data'!G3.,
         isNotifiedBySoftwareApp "SoftwareApp002"  # Generated from value "SoftwareApp002" located at cell 'Data'!H3.
   Types: Participant
   Annotations: rdfs:label "Farmer001"
Individual: Farmer001  # Generated from value "Farmer001" located at cell 'Data'!A3.
   Facts: hasParticipantID "9000000000006"  # Generated from value "9000000000006" located at cell 'Data'!C3.,
         hasParticipantName "Mr. Tumelo Modise"  # Generated from value "Mr. Tumelo Modise" located at cell 'Data'!D3.,
         hasContactNumber "0731234545"  # Generated from value "0731234545" located at cell 'Data'!E3.,
         hasParticipantRole "Farmer"  # Generated from value "Farmer" located at cell 'Data'!F3.,
         hasParticipantEmail "test@test.email.com"  # Generated from value "test@test.email.com" located at cell 'Data'!G3.,
         isNotifiedBySoftwareApp "SoftwareApp002"  # Generated from value "SoftwareApp002" located at cell 'Data'!H3.
   Types: Participant
   Annotations: rdfs:label "Farmer001"
Individual: Farmer001  # Generated from value "Farmer001" located at cell 'Data'!A3.
   Facts: hasParticipantID "9000000000006"  # Generated from value "9000000000006" located at cell 'Data'!C3.,
         hasParticipantName "Mr. Tumelo Modise"  # Generated from value "Mr. Tumelo Modise" located at cell 'Data'!D3.,
         hasContactNumber "0731234545"  # Generated from value "0731234545" located at cell 'Data'!E3.,
         hasParticipantRole "Farmer"  # Generated from value "Farmer" located at cell 'Data'!F3.,
         hasParticipantEmail "test@test.email.com"  # Generated from value "test@test.email.com" located at cell 'Data'!G3.,
         isNotifiedBySoftwareApp "SoftwareApp002"  # Generated from value "SoftwareApp002" located at cell 'Data'!H3.
   Types: Participant
   Annotations: rdfs:label "Farmer001"

===========================================================================================================
Date: 2026-03-21 16:59:56
Ontology source: /C:/Users/s2024165/OneDrive%20-%20SARS/Personal/Personal/Masters%20in%20Computer%20Science/2023/TUT/Dissertation/Chapter%204%20-%20Design%20and%20implementation%20of%20LFTDO%20and%20Architecture/Ontology/209332175_LFTDO_V0.11.owl
Worksheet source: C:\Users\s2024165\OneDrive - SARS\Personal\Personal\Masters in Computer Science\2023\TUT\Dissertation\Chapter 7 - Artefacts Evaluations (Architecture and LFTDO)\Empirical Data\Master Data\1.Participants_LoadData.xlsx
Transformation rules: C:\Users\s2024165\OneDrive - SARS\Personal\Personal\Masters in Computer Science\2023\TUT\Dissertation\Chapter 7 - Artefacts Evaluations (Architecture and LFTDO)\Empirical Data\Master Data\1.Participant_LoadData_RULE_MAPPING.json

# Cell range: (Data!A2:H+) Comment: ""
# Individual: @A2 Annotations: rdfs:label @A2 Types: @B2 Facts: hasParticipantID @C2,hasParticipantName @D2,
# hasContactNumber @E2,hasParticipantRole @F2,hasParticipantEmail @G2,isNotifiedBySoftwareApp @H2

Individual: Farmer001  # Generated from value "Farmer001" located at cell 'Data'!A2.
   Facts: hasParticipantID "9000000000006"  # Generated from value "9000000000006" located at cell 'Data'!C2.,
         hasParticipantName "Mr. Tumelo Modise"  # Generated from value "Mr. Tumelo Modise" located at cell 'Data'!D2.,
         hasContactNumber "0731234545"  # Generated from value "0731234545" located at cell 'Data'!E2.,
         hasParticipantRole "Farmer"  # Generated from value "Farmer" located at cell 'Data'!F2.,
         hasParticipantEmail "test@test.email.com"  # Generated from value "test@test.email.com" located at cell 'Data'!G2.,
         isNotifiedBySoftwareApp "SoftwareApp001"  # Generated from value "SoftwareApp001" located at cell 'Data'!H2.
   Types: Participant
   Annotations: rdfs:label "Farmer001"
Individual: Farmer001  # Generated from value "Farmer001" located at cell 'Data'!A2.
   Facts: hasParticipantID "9000000000006"  # Generated from value "9000000000006" located at cell 'Data'!C2.,
         hasParticipantName "Mr. Tumelo Modise"  # Generated from value "Mr. Tumelo Modise" located at cell 'Data'!D2.,
         hasContactNumber "0731234545"  # Generated from value "0731234545" located at cell 'Data'!E2.,
         hasParticipantRole "Farmer"  # Generated from value "Farmer" located at cell 'Data'!F2.,
         hasParticipantEmail "test@test.email.com"  # Generated from value "test@test.email.com" located at cell 'Data'!G2.,
         isNotifiedBySoftwareApp "SoftwareApp001"  # Generated from value "SoftwareApp001" located at cell 'Data'!H2.
   Types: Participant
   Annotations: rdfs:label "Farmer001"
Individual: Farmer001  # Generated from value "Farmer001" located at cell 'Data'!A2.
   Facts: hasParticipantID "9000000000006"  # Generated from value "9000000000006" located at cell 'Data'!C2.,
         hasParticipantName "Mr. Tumelo Modise"  # Generated from value "Mr. Tumelo Modise" located at cell 'Data'!D2.,
         hasContactNumber "0731234545"  # Generated from value "0731234545" located at cell 'Data'!E2.,
         hasParticipantRole "Farmer"  # Generated from value "Farmer" located at cell 'Data'!F2.,
         hasParticipantEmail "test@test.email.com"  # Generated from value "test@test.email.com" located at cell 'Data'!G2.,
         isNotifiedBySoftwareApp "SoftwareApp001"  # Generated from value "SoftwareApp001" located at cell 'Data'!H2.
   Types: Participant
   Annotations: rdfs:label "Farmer001"
Individual: Farmer001  # Generated from value "Farmer001" located at cell 'Data'!A2.
   Facts: hasParticipantID "9000000000006"  # Generated from value "9000000000006" located at cell 'Data'!C2.,
         hasParticipantName "Mr. Tumelo Modise"  # Generated from value "Mr. Tumelo Modise" located at cell 'Data'!D2.,
         hasContactNumber "0731234545"  # Generated from value "0731234545" located at cell 'Data'!E2.,
         hasParticipantRole "Farmer"  # Generated from value "Farmer" located at cell 'Data'!F2.,
         hasParticipantEmail "test@test.email.com"  # Generated from value "test@test.email.com" located at cell 'Data'!G2.,
         isNotifiedBySoftwareApp "SoftwareApp001"  # Generated from value "SoftwareApp001" located at cell 'Data'!H2.
   Types: Participant
   Annotations: rdfs:label "Farmer001"
Individual: Farmer001  # Generated from value "Farmer001" located at cell 'Data'!A2.
   Facts: hasParticipantID "9000000000006"  # Generated from value "9000000000006" located at cell 'Data'!C2.,
         hasParticipantName "Mr. Tumelo Modise"  # Generated from value "Mr. Tumelo Modise" located at cell 'Data'!D2.,
         hasContactNumber "0731234545"  # Generated from value "0731234545" located at cell 'Data'!E2.,
         hasParticipantRole "Farmer"  # Generated from value "Farmer" located at cell 'Data'!F2.,
         hasParticipantEmail "test@test.email.com"  # Generated from value "test@test.email.com" located at cell 'Data'!G2.,
         isNotifiedBySoftwareApp "SoftwareApp001"  # Generated from value "SoftwareApp001" located at cell 'Data'!H2.
   Types: Participant
   Annotations: rdfs:label "Farmer001"
Individual: Farmer001  # Generated from value "Farmer001" located at cell 'Data'!A2.
   Facts: hasParticipantID "9000000000006"  # Generated from value "9000000000006" located at cell 'Data'!C2.,
         hasParticipantName "Mr. Tumelo Modise"  # Generated from value "Mr. Tumelo Modise" located at cell 'Data'!D2.,
         hasContactNumber "0731234545"  # Generated from value "0731234545" located at cell 'Data'!E2.,
         hasParticipantRole "Farmer"  # Generated from value "Farmer" located at cell 'Data'!F2.,
         hasParticipantEmail "test@test.email.com"  # Generated from value "test@test.email.com" located at cell 'Data'!G2.,
         isNotifiedBySoftwareApp "SoftwareApp001"  # Generated from value "SoftwareApp001" located at cell 'Data'!H2.
   Types: Participant
   Annotations: rdfs:label "Farmer001"
Individual: Farmer001  # Generated from value "Farmer001" located at cell 'Data'!A2.
   Facts: hasParticipantID "9000000000006"  # Generated from value "9000000000006" located at cell 'Data'!C2.,
         hasParticipantName "Mr. Tumelo Modise"  # Generated from value "Mr. Tumelo Modise" located at cell 'Data'!D2.,
         hasContactNumber "0731234545"  # Generated from value "0731234545" located at cell 'Data'!E2.,
         hasParticipantRole "Farmer"  # Generated from value "Farmer" located at cell 'Data'!F2.,
         hasParticipantEmail "test@test.email.com"  # Generated from value "test@test.email.com" located at cell 'Data'!G2.,
         isNotifiedBySoftwareApp "SoftwareApp001"  # Generated from value "SoftwareApp001" located at cell 'Data'!H2.
   Types: Participant
   Annotations: rdfs:label "Farmer001"
Individual: Farmer001  # Generated from value "Farmer001" located at cell 'Data'!A2.
   Facts: hasParticipantID "9000000000006"  # Generated from value "9000000000006" located at cell 'Data'!C2.,
         hasParticipantName "Mr. Tumelo Modise"  # Generated from value "Mr. Tumelo Modise" located at cell 'Data'!D2.,
         hasContactNumber "0731234545"  # Generated from value "0731234545" located at cell 'Data'!E2.,
         hasParticipantRole "Farmer"  # Generated from value "Farmer" located at cell 'Data'!F2.,
         hasParticipantEmail "test@test.email.com"  # Generated from value "test@test.email.com" located at cell 'Data'!G2.,
         isNotifiedBySoftwareApp "SoftwareApp001"  # Generated from value "SoftwareApp001" located at cell 'Data'!H2.
   Types: Participant
   Annotations: rdfs:label "Farmer001"
Individual: Farmer001  # Generated from value "Farmer001" located at cell 'Data'!A2.
   Facts: hasParticipantID "9000000000006"  # Generated from value "9000000000006" located at cell 'Data'!C2.,
         hasParticipantName "Mr. Tumelo Modise"  # Generated from value "Mr. Tumelo Modise" located at cell 'Data'!D2.,
         hasContactNumber "0731234545"  # Generated from value "0731234545" located at cell 'Data'!E2.,
         hasParticipantRole "Farmer"  # Generated from value "Farmer" located at cell 'Data'!F2.,
         hasParticipantEmail "test@test.email.com"  # Generated from value "test@test.email.com" located at cell 'Data'!G2.,
         isNotifiedBySoftwareApp "SoftwareApp001"  # Generated from value "SoftwareApp001" located at cell 'Data'!H2.
   Types: Participant
   Annotations: rdfs:label "Farmer001"
Individual: Farmer001  # Generated from value "Farmer001" located at cell 'Data'!A2.
   Facts: hasParticipantID "9000000000006"  # Generated from value "9000000000006" located at cell 'Data'!C2.,
         hasParticipantName "Mr. Tumelo Modise"  # Generated from value "Mr. Tumelo Modise" located at cell 'Data'!D2.,
         hasContactNumber "0731234545"  # Generated from value "0731234545" located at cell 'Data'!E2.,
         hasParticipantRole "Farmer"  # Generated from value "Farmer" located at cell 'Data'!F2.,
         hasParticipantEmail "test@test.email.com"  # Generated from value "test@test.email.com" located at cell 'Data'!G2.,
         isNotifiedBySoftwareApp "SoftwareApp001"  # Generated from value "SoftwareApp001" located at cell 'Data'!H2.
   Types: Participant
   Annotations: rdfs:label "Farmer001"
Individual: Farmer001  # Generated from value "Farmer001" located at cell 'Data'!A2.
   Facts: hasParticipantID "9000000000006"  # Generated from value "9000000000006" located at cell 'Data'!C2.,
         hasParticipantName "Mr. Tumelo Modise"  # Generated from value "Mr. Tumelo Modise" located at cell 'Data'!D2.,
         hasContactNumber "0731234545"  # Generated from value "0731234545" located at cell 'Data'!E2.,
         hasParticipantRole "Farmer"  # Generated from value "Farmer" located at cell 'Data'!F2.,
         hasParticipantEmail "test@test.email.com"  # Generated from value "test@test.email.com" located at cell 'Data'!G2.,
         isNotifiedBySoftwareApp "SoftwareApp001"  # Generated from value "SoftwareApp001" located at cell 'Data'!H2.
   Types: Participant
   Annotations: rdfs:label "Farmer001"
Individual: Farmer001  # Generated from value "Farmer001" located at cell 'Data'!A2.
   Facts: hasParticipantID "9000000000006"  # Generated from value "9000000000006" located at cell 'Data'!C2.,
         hasParticipantName "Mr. Tumelo Modise"  # Generated from value "Mr. Tumelo Modise" located at cell 'Data'!D2.,
         hasContactNumber "0731234545"  # Generated from value "0731234545" located at cell 'Data'!E2.,
         hasParticipantRole "Farmer"  # Generated from value "Farmer" located at cell 'Data'!F2.,
         hasParticipantEmail "test@test.email.com"  # Generated from value "test@test.email.com" located at cell 'Data'!G2.,
         isNotifiedBySoftwareApp "SoftwareApp001"  # Generated from value "SoftwareApp001" located at cell 'Data'!H2.
   Types: Participant
   Annotations: rdfs:label "Farmer001"
Individual: Farmer001  # Generated from value "Farmer001" located at cell 'Data'!A2.
   Facts: hasParticipantID "9000000000006"  # Generated from value "9000000000006" located at cell 'Data'!C2.,
         hasParticipantName "Mr. Tumelo Modise"  # Generated from value "Mr. Tumelo Modise" located at cell 'Data'!D2.,
         hasContactNumber "0731234545"  # Generated from value "0731234545" located at cell 'Data'!E2.,
         hasParticipantRole "Farmer"  # Generated from value "Farmer" located at cell 'Data'!F2.,
         hasParticipantEmail "test@test.email.com"  # Generated from value "test@test.email.com" located at cell 'Data'!G2.,
         isNotifiedBySoftwareApp "SoftwareApp001"  # Generated from value "SoftwareApp001" located at cell 'Data'!H2.
   Types: Participant
   Annotations: rdfs:label "Farmer001"
Individual: Farmer001  # Generated from value "Farmer001" located at cell 'Data'!A2.
   Facts: hasParticipantID "9000000000006"  # Generated from value "9000000000006" located at cell 'Data'!C2.,
         hasParticipantName "Mr. Tumelo Modise"  # Generated from value "Mr. Tumelo Modise" located at cell 'Data'!D2.,
         hasContactNumber "0731234545"  # Generated from value "0731234545" located at cell 'Data'!E2.,
         hasParticipantRole "Farmer"  # Generated from value "Farmer" located at cell 'Data'!F2.,
         hasParticipantEmail "test@test.email.com"  # Generated from value "test@test.email.com" located at cell 'Data'!G2.,
         isNotifiedBySoftwareApp "SoftwareApp001"  # Generated from value "SoftwareApp001" located at cell 'Data'!H2.
   Types: Participant
   Annotations: rdfs:label "Farmer001"
Individual: Farmer001  # Generated from value "Farmer001" located at cell 'Data'!A2.
   Facts: hasParticipantID "9000000000006"  # Generated from value "9000000000006" located at cell 'Data'!C2.,
         hasParticipantName "Mr. Tumelo Modise"  # Generated from value "Mr. Tumelo Modise" located at cell 'Data'!D2.,
         hasContactNumber "0731234545"  # Generated from value "0731234545" located at cell 'Data'!E2.,
         hasParticipantRole "Farmer"  # Generated from value "Farmer" located at cell 'Data'!F2.,
         hasParticipantEmail "test@test.email.com"  # Generated from value "test@test.email.com" located at cell 'Data'!G2.,
         isNotifiedBySoftwareApp "SoftwareApp001"  # Generated from value "SoftwareApp001" located at cell 'Data'!H2.
   Types: Participant
   Annotations: rdfs:label "Farmer001"
Individual: Farmer001  # Generated from value "Farmer001" located at cell 'Data'!A2.
   Facts: hasParticipantID "9000000000006"  # Generated from value "9000000000006" located at cell 'Data'!C2.,
         hasParticipantName "Mr. Tumelo Modise"  # Generated from value "Mr. Tumelo Modise" located at cell 'Data'!D2.,
         hasContactNumber "0731234545"  # Generated from value "0731234545" located at cell 'Data'!E2.,
         hasParticipantRole "Farmer"  # Generated from value "Farmer" located at cell 'Data'!F2.,
         hasParticipantEmail "test@test.email.com"  # Generated from value "test@test.email.com" located at cell 'Data'!G2.,
         isNotifiedBySoftwareApp "SoftwareApp001"  # Generated from value "SoftwareApp001" located at cell 'Data'!H2.
   Types: Participant
   Annotations: rdfs:label "Farmer001"

# Cell range: (Data!A2:H+) Comment: ""
# Individual: @A3 Annotations: rdfs:label @A3 Types: @B3 Facts: hasParticipantID @C3,hasParticipantName @D3,
# hasContactNumber @E3,hasParticipantRole @F3,hasParticipantEmail @G3,isNotifiedBySoftwareApp @H3

Individual: Farmer001  # Generated from value "Farmer001" located at cell 'Data'!A3.
   Facts: hasParticipantID "9000000000006"  # Generated from value "9000000000006" located at cell 'Data'!C3.,
         hasParticipantName "Mr. Tumelo Modise"  # Generated from value "Mr. Tumelo Modise" located at cell 'Data'!D3.,
         hasContactNumber "0731234545"  # Generated from value "0731234545" located at cell 'Data'!E3.,
         hasParticipantRole "Farmer"  # Generated from value "Farmer" located at cell 'Data'!F3.,
         hasParticipantEmail "test@test.email.com"  # Generated from value "test@test.email.com" located at cell 'Data'!G3.,
         isNotifiedBySoftwareApp "SoftwareApp002"  # Generated from value "SoftwareApp002" located at cell 'Data'!H3.
   Types: Participant
   Annotations: rdfs:label "Farmer001"
Individual: Farmer001  # Generated from value "Farmer001" located at cell 'Data'!A3.
   Facts: hasParticipantID "9000000000006"  # Generated from value "9000000000006" located at cell 'Data'!C3.,
         hasParticipantName "Mr. Tumelo Modise"  # Generated from value "Mr. Tumelo Modise" located at cell 'Data'!D3.,
         hasContactNumber "0731234545"  # Generated from value "0731234545" located at cell 'Data'!E3.,
         hasParticipantRole "Farmer"  # Generated from value "Farmer" located at cell 'Data'!F3.,
         hasParticipantEmail "test@test.email.com"  # Generated from value "test@test.email.com" located at cell 'Data'!G3.,
         isNotifiedBySoftwareApp "SoftwareApp002"  # Generated from value "SoftwareApp002" located at cell 'Data'!H3.
   Types: Participant
   Annotations: rdfs:label "Farmer001"
Individual: Farmer001  # Generated from value "Farmer001" located at cell 'Data'!A3.
   Facts: hasParticipantID "9000000000006"  # Generated from value "9000000000006" located at cell 'Data'!C3.,
         hasParticipantName "Mr. Tumelo Modise"  # Generated from value "Mr. Tumelo Modise" located at cell 'Data'!D3.,
         hasContactNumber "0731234545"  # Generated from value "0731234545" located at cell 'Data'!E3.,
         hasParticipantRole "Farmer"  # Generated from value "Farmer" located at cell 'Data'!F3.,
         hasParticipantEmail "test@test.email.com"  # Generated from value "test@test.email.com" located at cell 'Data'!G3.,
         isNotifiedBySoftwareApp "SoftwareApp002"  # Generated from value "SoftwareApp002" located at cell 'Data'!H3.
   Types: Participant
   Annotations: rdfs:label "Farmer001"
Individual: Farmer001  # Generated from value "Farmer001" located at cell 'Data'!A3.
   Facts: hasParticipantID "9000000000006"  # Generated from value "9000000000006" located at cell 'Data'!C3.,
         hasParticipantName "Mr. Tumelo Modise"  # Generated from value "Mr. Tumelo Modise" located at cell 'Data'!D3.,
         hasContactNumber "0731234545"  # Generated from value "0731234545" located at cell 'Data'!E3.,
         hasParticipantRole "Farmer"  # Generated from value "Farmer" located at cell 'Data'!F3.,
         hasParticipantEmail "test@test.email.com"  # Generated from value "test@test.email.com" located at cell 'Data'!G3.,
         isNotifiedBySoftwareApp "SoftwareApp002"  # Generated from value "SoftwareApp002" located at cell 'Data'!H3.
   Types: Participant
   Annotations: rdfs:label "Farmer001"
Individual: Farmer001  # Generated from value "Farmer001" located at cell 'Data'!A3.
   Facts: hasParticipantID "9000000000006"  # Generated from value "9000000000006" located at cell 'Data'!C3.,
         hasParticipantName "Mr. Tumelo Modise"  # Generated from value "Mr. Tumelo Modise" located at cell 'Data'!D3.,
         hasContactNumber "0731234545"  # Generated from value "0731234545" located at cell 'Data'!E3.,
         hasParticipantRole "Farmer"  # Generated from value "Farmer" located at cell 'Data'!F3.,
         hasParticipantEmail "test@test.email.com"  # Generated from value "test@test.email.com" located at cell 'Data'!G3.,
         isNotifiedBySoftwareApp "SoftwareApp002"  # Generated from value "SoftwareApp002" located at cell 'Data'!H3.
   Types: Participant
   Annotations: rdfs:label "Farmer001"
Individual: Farmer001  # Generated from value "Farmer001" located at cell 'Data'!A3.
   Facts: hasParticipantID "9000000000006"  # Generated from value "9000000000006" located at cell 'Data'!C3.,
         hasParticipantName "Mr. Tumelo Modise"  # Generated from value "Mr. Tumelo Modise" located at cell 'Data'!D3.,
         hasContactNumber "0731234545"  # Generated from value "0731234545" located at cell 'Data'!E3.,
         hasParticipantRole "Farmer"  # Generated from value "Farmer" located at cell 'Data'!F3.,
         hasParticipantEmail "test@test.email.com"  # Generated from value "test@test.email.com" located at cell 'Data'!G3.,
         isNotifiedBySoftwareApp "SoftwareApp002"  # Generated from value "SoftwareApp002" located at cell 'Data'!H3.
   Types: Participant
   Annotations: rdfs:label "Farmer001"
Individual: Farmer001  # Generated from value "Farmer001" located at cell 'Data'!A3.
   Facts: hasParticipantID "9000000000006"  # Generated from value "9000000000006" located at cell 'Data'!C3.,
         hasParticipantName "Mr. Tumelo Modise"  # Generated from value "Mr. Tumelo Modise" located at cell 'Data'!D3.,
         hasContactNumber "0731234545"  # Generated from value "0731234545" located at cell 'Data'!E3.,
         hasParticipantRole "Farmer"  # Generated from value "Farmer" located at cell 'Data'!F3.,
         hasParticipantEmail "test@test.email.com"  # Generated from value "test@test.email.com" located at cell 'Data'!G3.,
         isNotifiedBySoftwareApp "SoftwareApp002"  # Generated from value "SoftwareApp002" located at cell 'Data'!H3.
   Types: Participant
   Annotations: rdfs:label "Farmer001"
Individual: Farmer001  # Generated from value "Farmer001" located at cell 'Data'!A3.
   Facts: hasParticipantID "9000000000006"  # Generated from value "9000000000006" located at cell 'Data'!C3.,
         hasParticipantName "Mr. Tumelo Modise"  # Generated from value "Mr. Tumelo Modise" located at cell 'Data'!D3.,
         hasContactNumber "0731234545"  # Generated from value "0731234545" located at cell 'Data'!E3.,
         hasParticipantRole "Farmer"  # Generated from value "Farmer" located at cell 'Data'!F3.,
         hasParticipantEmail "test@test.email.com"  # Generated from value "test@test.email.com" located at cell 'Data'!G3.,
         isNotifiedBySoftwareApp "SoftwareApp002"  # Generated from value "SoftwareApp002" located at cell 'Data'!H3.
   Types: Participant
   Annotations: rdfs:label "Farmer001"
Individual: Farmer001  # Generated from value "Farmer001" located at cell 'Data'!A3.
   Facts: hasParticipantID "9000000000006"  # Generated from value "9000000000006" located at cell 'Data'!C3.,
         hasParticipantName "Mr. Tumelo Modise"  # Generated from value "Mr. Tumelo Modise" located at cell 'Data'!D3.,
         hasContactNumber "0731234545"  # Generated from value "0731234545" located at cell 'Data'!E3.,
         hasParticipantRole "Farmer"  # Generated from value "Farmer" located at cell 'Data'!F3.,
         hasParticipantEmail "test@test.email.com"  # Generated from value "test@test.email.com" located at cell 'Data'!G3.,
         isNotifiedBySoftwareApp "SoftwareApp002"  # Generated from value "SoftwareApp002" located at cell 'Data'!H3.
   Types: Participant
   Annotations: rdfs:label "Farmer001"
Individual: Farmer001  # Generated from value "Farmer001" located at cell 'Data'!A3.
   Facts: hasParticipantID "9000000000006"  # Generated from value "9000000000006" located at cell 'Data'!C3.,
         hasParticipantName "Mr. Tumelo Modise"  # Generated from value "Mr. Tumelo Modise" located at cell 'Data'!D3.,
         hasContactNumber "0731234545"  # Generated from value "0731234545" located at cell 'Data'!E3.,
         hasParticipantRole "Farmer"  # Generated from value "Farmer" located at cell 'Data'!F3.,
         hasParticipantEmail "test@test.email.com"  # Generated from value "test@test.email.com" located at cell 'Data'!G3.,
         isNotifiedBySoftwareApp "SoftwareApp002"  # Generated from value "SoftwareApp002" located at cell 'Data'!H3.
   Types: Participant
   Annotations: rdfs:label "Farmer001"
Individual: Farmer001  # Generated from value "Farmer001" located at cell 'Data'!A3.
   Facts: hasParticipantID "9000000000006"  # Generated from value "9000000000006" located at cell 'Data'!C3.,
         hasParticipantName "Mr. Tumelo Modise"  # Generated from value "Mr. Tumelo Modise" located at cell 'Data'!D3.,
         hasContactNumber "0731234545"  # Generated from value "0731234545" located at cell 'Data'!E3.,
         hasParticipantRole "Farmer"  # Generated from value "Farmer" located at cell 'Data'!F3.,
         hasParticipantEmail "test@test.email.com"  # Generated from value "test@test.email.com" located at cell 'Data'!G3.,
         isNotifiedBySoftwareApp "SoftwareApp002"  # Generated from value "SoftwareApp002" located at cell 'Data'!H3.
   Types: Participant
   Annotations: rdfs:label "Farmer001"
Individual: Farmer001  # Generated from value "Farmer001" located at cell 'Data'!A3.
   Facts: hasParticipantID "9000000000006"  # Generated from value "9000000000006" located at cell 'Data'!C3.,
         hasParticipantName "Mr. Tumelo Modise"  # Generated from value "Mr. Tumelo Modise" located at cell 'Data'!D3.,
         hasContactNumber "0731234545"  # Generated from value "0731234545" located at cell 'Data'!E3.,
         hasParticipantRole "Farmer"  # Generated from value "Farmer" located at cell 'Data'!F3.,
         hasParticipantEmail "test@test.email.com"  # Generated from value "test@test.email.com" located at cell 'Data'!G3.,
         isNotifiedBySoftwareApp "SoftwareApp002"  # Generated from value "SoftwareApp002" located at cell 'Data'!H3.
   Types: Participant
   Annotations: rdfs:label "Farmer001"
Individual: Farmer001  # Generated from value "Farmer001" located at cell 'Data'!A3.
   Facts: hasParticipantID "9000000000006"  # Generated from value "9000000000006" located at cell 'Data'!C3.,
         hasParticipantName "Mr. Tumelo Modise"  # Generated from value "Mr. Tumelo Modise" located at cell 'Data'!D3.,
         hasContactNumber "0731234545"  # Generated from value "0731234545" located at cell 'Data'!E3.,
         hasParticipantRole "Farmer"  # Generated from value "Farmer" located at cell 'Data'!F3.,
         hasParticipantEmail "test@test.email.com"  # Generated from value "test@test.email.com" located at cell 'Data'!G3.,
         isNotifiedBySoftwareApp "SoftwareApp002"  # Generated from value "SoftwareApp002" located at cell 'Data'!H3.
   Types: Participant
   Annotations: rdfs:label "Farmer001"
Individual: Farmer001  # Generated from value "Farmer001" located at cell 'Data'!A3.
   Facts: hasParticipantID "9000000000006"  # Generated from value "9000000000006" located at cell 'Data'!C3.,
         hasParticipantName "Mr. Tumelo Modise"  # Generated from value "Mr. Tumelo Modise" located at cell 'Data'!D3.,
         hasContactNumber "0731234545"  # Generated from value "0731234545" located at cell 'Data'!E3.,
         hasParticipantRole "Farmer"  # Generated from value "Farmer" located at cell 'Data'!F3.,
         hasParticipantEmail "test@test.email.com"  # Generated from value "test@test.email.com" located at cell 'Data'!G3.,
         isNotifiedBySoftwareApp "SoftwareApp002"  # Generated from value "SoftwareApp002" located at cell 'Data'!H3.
   Types: Participant
   Annotations: rdfs:label "Farmer001"
Individual: Farmer001  # Generated from value "Farmer001" located at cell 'Data'!A3.
   Facts: hasParticipantID "9000000000006"  # Generated from value "9000000000006" located at cell 'Data'!C3.,
         hasParticipantName "Mr. Tumelo Modise"  # Generated from value "Mr. Tumelo Modise" located at cell 'Data'!D3.,
         hasContactNumber "0731234545"  # Generated from value "0731234545" located at cell 'Data'!E3.,
         hasParticipantRole "Farmer"  # Generated from value "Farmer" located at cell 'Data'!F3.,
         hasParticipantEmail "test@test.email.com"  # Generated from value "test@test.email.com" located at cell 'Data'!G3.,
         isNotifiedBySoftwareApp "SoftwareApp002"  # Generated from value "SoftwareApp002" located at cell 'Data'!H3.
   Types: Participant
   Annotations: rdfs:label "Farmer001"
Individual: Farmer001  # Generated from value "Farmer001" located at cell 'Data'!A3.
   Facts: hasParticipantID "9000000000006"  # Generated from value "9000000000006" located at cell 'Data'!C3.,
         hasParticipantName "Mr. Tumelo Modise"  # Generated from value "Mr. Tumelo Modise" located at cell 'Data'!D3.,
         hasContactNumber "0731234545"  # Generated from value "0731234545" located at cell 'Data'!E3.,
         hasParticipantRole "Farmer"  # Generated from value "Farmer" located at cell 'Data'!F3.,
         hasParticipantEmail "test@test.email.com"  # Generated from value "test@test.email.com" located at cell 'Data'!G3.,
         isNotifiedBySoftwareApp "SoftwareApp002"  # Generated from value "SoftwareApp002" located at cell 'Data'!H3.
   Types: Participant
   Annotations: rdfs:label "Farmer001"

===========================================================================================================
Date: 2026-03-21 22:22:05
Ontology source: /C:/Users/s2024165/OneDrive%20-%20SARS/Personal/Personal/Masters%20in%20Computer%20Science/2023/TUT/Dissertation/Chapter%204%20-%20Design%20and%20implementation%20of%20LFTDO%20and%20Architecture/Ontology/209332175_LFTDO_V0.11.owl
Worksheet source: C:\Users\s2024165\OneDrive - SARS\Personal\Personal\Masters in Computer Science\2023\TUT\Dissertation\Chapter 7 - Artefacts Evaluations (Architecture and LFTDO)\Empirical Data\Master Data\5.Algorithm_LoadData.xlsx
Transformation rules: C:\Users\s2024165\OneDrive - SARS\Personal\Personal\Masters in Computer Science\2023\TUT\Dissertation\Chapter 7 - Artefacts Evaluations (Architecture and LFTDO)\Empirical Data\Master Data\5.Algorithm_LoadData_RULE_MAPPING.json

# Cell range: (Data!A2:A+) Comment: ""
# Individual: @A3 Annotations: rdfs:label @A3 Types: @B3 Facts: hasAlgorithmType @C3, hasAccuracyRate @D3(xsd:decimal),
# isUsedBy @E3,hasAlgorithmVersion @F3,hasComplexity @G3,isOptimized @H3(xsd:boolean)

Individual: Algorithm002  # Generated from value "Algorithm002" located at cell 'Data'!A3.
   Facts: hasAlgorithmType "Moving Average"  # Generated from value "Moving Average" located at cell 'Data'!C3.,
         hasAccuracyRate 0.98  # Generated from value "0.98" located at cell 'Data'!D3.,
         isUsedBy "GPSTrackingMethod"  # Generated from value "GPSTrackingMethod" located at cell 'Data'!E3.,
         hasAlgorithmVersion "v0.1"  # Generated from value "v0.1" located at cell 'Data'!F3.,
         hasComplexity "HIGH"  # Generated from value "HIGH" located at cell 'Data'!G3.,
         isOptimized false  # Generated from value "false" located at cell 'Data'!H3.
   Types: Algorithm
   Annotations: rdfs:label "Algorithm002"
Individual: Algorithm002  # Generated from value "Algorithm002" located at cell 'Data'!A3.
   Facts: hasAlgorithmType "Moving Average"  # Generated from value "Moving Average" located at cell 'Data'!C3.,
         hasAccuracyRate 0.98  # Generated from value "0.98" located at cell 'Data'!D3.,
         isUsedBy "GPSTrackingMethod"  # Generated from value "GPSTrackingMethod" located at cell 'Data'!E3.,
         hasAlgorithmVersion "v0.1"  # Generated from value "v0.1" located at cell 'Data'!F3.,
         hasComplexity "HIGH"  # Generated from value "HIGH" located at cell 'Data'!G3.,
         isOptimized false  # Generated from value "false" located at cell 'Data'!H3.
   Types: Algorithm
   Annotations: rdfs:label "Algorithm002"
Individual: Algorithm002  # Generated from value "Algorithm002" located at cell 'Data'!A3.
   Facts: hasAlgorithmType "Moving Average"  # Generated from value "Moving Average" located at cell 'Data'!C3.,
         hasAccuracyRate 0.98  # Generated from value "0.98" located at cell 'Data'!D3.,
         isUsedBy "GPSTrackingMethod"  # Generated from value "GPSTrackingMethod" located at cell 'Data'!E3.,
         hasAlgorithmVersion "v0.1"  # Generated from value "v0.1" located at cell 'Data'!F3.,
         hasComplexity "HIGH"  # Generated from value "HIGH" located at cell 'Data'!G3.,
         isOptimized false  # Generated from value "false" located at cell 'Data'!H3.
   Types: Algorithm
   Annotations: rdfs:label "Algorithm002"
Individual: Algorithm002  # Generated from value "Algorithm002" located at cell 'Data'!A3.
   Facts: hasAlgorithmType "Moving Average"  # Generated from value "Moving Average" located at cell 'Data'!C3.,
         hasAccuracyRate 0.98  # Generated from value "0.98" located at cell 'Data'!D3.,
         isUsedBy "GPSTrackingMethod"  # Generated from value "GPSTrackingMethod" located at cell 'Data'!E3.,
         hasAlgorithmVersion "v0.1"  # Generated from value "v0.1" located at cell 'Data'!F3.,
         hasComplexity "HIGH"  # Generated from value "HIGH" located at cell 'Data'!G3.,
         isOptimized false  # Generated from value "false" located at cell 'Data'!H3.
   Types: Algorithm
   Annotations: rdfs:label "Algorithm002"

===========================================================================================================
Date: 2026-03-21 22:22:18
Ontology source: /C:/Users/s2024165/OneDrive%20-%20SARS/Personal/Personal/Masters%20in%20Computer%20Science/2023/TUT/Dissertation/Chapter%204%20-%20Design%20and%20implementation%20of%20LFTDO%20and%20Architecture/Ontology/209332175_LFTDO_V0.11.owl
Worksheet source: C:\Users\s2024165\OneDrive - SARS\Personal\Personal\Masters in Computer Science\2023\TUT\Dissertation\Chapter 7 - Artefacts Evaluations (Architecture and LFTDO)\Empirical Data\Master Data\5.Algorithm_LoadData.xlsx
Transformation rules: C:\Users\s2024165\OneDrive - SARS\Personal\Personal\Masters in Computer Science\2023\TUT\Dissertation\Chapter 7 - Artefacts Evaluations (Architecture and LFTDO)\Empirical Data\Master Data\5.Algorithm_LoadData_RULE_MAPPING.json

# Cell range: (Data!A2:A+) Comment: ""
# Individual: @A4 Annotations: rdfs:label @A4 Types: @B4 Facts: hasAlgorithmType @C4, hasAccuracyRate @D4(xsd:decimal),
# isUsedBy @E4,hasAlgorithmVersion @F4,hasComplexity @G4,isOptimized @H4(xsd:boolean)

Individual: Algorithm003  # Generated from value "Algorithm003" located at cell 'Data'!A4.
   Facts: hasAlgorithmType "Threshold-Based"  # Generated from value "Threshold-Based" located at cell 'Data'!C4.,
         hasAccuracyRate 0.98  # Generated from value "0.98" located at cell 'Data'!D4.,
         isUsedBy "HealthDetectionMethod"  # Generated from value "HealthDetectionMethod" located at cell 'Data'!E4.,
         hasAlgorithmVersion "v0.1"  # Generated from value "v0.1" located at cell 'Data'!F4.,
         hasComplexity "HIGH"  # Generated from value "HIGH" located at cell 'Data'!G4.,
         isOptimized true  # Generated from value "true" located at cell 'Data'!H4.
   Types: Algorithm
   Annotations: rdfs:label "Algorithm003"
Individual: Algorithm003  # Generated from value "Algorithm003" located at cell 'Data'!A4.
   Facts: hasAlgorithmType "Threshold-Based"  # Generated from value "Threshold-Based" located at cell 'Data'!C4.,
         hasAccuracyRate 0.98  # Generated from value "0.98" located at cell 'Data'!D4.,
         isUsedBy "HealthDetectionMethod"  # Generated from value "HealthDetectionMethod" located at cell 'Data'!E4.,
         hasAlgorithmVersion "v0.1"  # Generated from value "v0.1" located at cell 'Data'!F4.,
         hasComplexity "HIGH"  # Generated from value "HIGH" located at cell 'Data'!G4.,
         isOptimized true  # Generated from value "true" located at cell 'Data'!H4.
   Types: Algorithm
   Annotations: rdfs:label "Algorithm003"
Individual: Algorithm003  # Generated from value "Algorithm003" located at cell 'Data'!A4.
   Facts: hasAlgorithmType "Threshold-Based"  # Generated from value "Threshold-Based" located at cell 'Data'!C4.,
         hasAccuracyRate 0.98  # Generated from value "0.98" located at cell 'Data'!D4.,
         isUsedBy "HealthDetectionMethod"  # Generated from value "HealthDetectionMethod" located at cell 'Data'!E4.,
         hasAlgorithmVersion "v0.1"  # Generated from value "v0.1" located at cell 'Data'!F4.,
         hasComplexity "HIGH"  # Generated from value "HIGH" located at cell 'Data'!G4.,
         isOptimized true  # Generated from value "true" located at cell 'Data'!H4.
   Types: Algorithm
   Annotations: rdfs:label "Algorithm003"
Individual: Algorithm003  # Generated from value "Algorithm003" located at cell 'Data'!A4.
   Facts: hasAlgorithmType "Threshold-Based"  # Generated from value "Threshold-Based" located at cell 'Data'!C4.,
         hasAccuracyRate 0.98  # Generated from value "0.98" located at cell 'Data'!D4.,
         isUsedBy "HealthDetectionMethod"  # Generated from value "HealthDetectionMethod" located at cell 'Data'!E4.,
         hasAlgorithmVersion "v0.1"  # Generated from value "v0.1" located at cell 'Data'!F4.,
         hasComplexity "HIGH"  # Generated from value "HIGH" located at cell 'Data'!G4.,
         isOptimized true  # Generated from value "true" located at cell 'Data'!H4.
   Types: Algorithm
   Annotations: rdfs:label "Algorithm003"

===========================================================================================================
Date: 2026-05-24 07:08:17
Ontology source: /C:/Users/s2024165/OneDrive%20-%20SARS/Personal/Personal/Masters%20in%20Computer%20Science/2023/TUT/Dissertation/Chapter%204%20-%20Design%20and%20implementation%20of%20LFTDO%20and%20Architecture/Ontology/209332175_LFTDO_V0.12.owl
Worksheet source: C:\Users\s2024165\OneDrive - SARS\Personal\Personal\Masters in Computer Science\2023\TUT\Dissertation\Chapter 7 - Artefacts Evaluations (Architecture and LFTDO)\Empirical Data\Master Data\2.Location_LoadData.xlsx
Transformation rules: C:\Users\s2024165\OneDrive - SARS\Personal\Personal\Masters in Computer Science\2023\TUT\Dissertation\Chapter 7 - Artefacts Evaluations (Architecture and LFTDO)\Empirical Data\Master Data\2.Location_LoadData_RULE_MAPPING.json

# Cell range: (Data!A1:K+) Comment: ""
# Individual: @A2 Annotations: rdfs:label @A2 Types: @B2  Facts: hasID @C2,hasLatitude @D2( xsd:decimal),hasLongitude @E2( xsd:decimal),
# hasMinLat @F2(xsd:decimal),hasMinLon @H2( xsd:decimal), hasMaxLat @I2( xsd:decimal),hasMaxLat @J2( xsd:decimal),hasFarmSizeInHa @K2( xsd:decimal)

Individual: Farm001  # Generated from value "Farm001" located at cell 'Data'!A2.
   Facts: hasID "001"  # Generated from value "001" located at cell 'Data'!C2.,
         hasLatitude Tshwane University of Technology Farm  # Generated from value "Tshwane University of Technology Farm" located at cell 'Data'!D2.,
         hasLongitude -25.89  # Generated from value "-25.89" located at cell 'Data'!E2.,
         hasMinLat 28.16  # Generated from value "28.16" located at cell 'Data'!F2.,
         hasMinLon 28.1635  # Generated from value "28.1635" located at cell 'Data'!H2.,
         hasMaxLat -25.887  # Generated from value "-25.887" located at cell 'Data'!I2.,
         hasMaxLat 28.16  # Generated from value "28.16" located at cell 'Data'!J2.,
         hasFarmSizeInHa 10  # Generated from value "10" located at cell 'Data'!K2.
   Types: Farm
   Annotations: rdfs:label "Farm001"
Individual: Farm001  # Generated from value "Farm001" located at cell 'Data'!A2.
   Facts: hasID "001"  # Generated from value "001" located at cell 'Data'!C2.,
         hasLatitude Tshwane University of Technology Farm  # Generated from value "Tshwane University of Technology Farm" located at cell 'Data'!D2.,
         hasLongitude -25.89  # Generated from value "-25.89" located at cell 'Data'!E2.,
         hasMinLat 28.16  # Generated from value "28.16" located at cell 'Data'!F2.,
         hasMinLon 28.1635  # Generated from value "28.1635" located at cell 'Data'!H2.,
         hasMaxLat -25.887  # Generated from value "-25.887" located at cell 'Data'!I2.,
         hasMaxLat 28.16  # Generated from value "28.16" located at cell 'Data'!J2.,
         hasFarmSizeInHa 10  # Generated from value "10" located at cell 'Data'!K2.
   Types: Farm
   Annotations: rdfs:label "Farm001"
Individual: Farm001  # Generated from value "Farm001" located at cell 'Data'!A2.
   Facts: hasID "001"  # Generated from value "001" located at cell 'Data'!C2.,
         hasLatitude Tshwane University of Technology Farm  # Generated from value "Tshwane University of Technology Farm" located at cell 'Data'!D2.,
         hasLongitude -25.89  # Generated from value "-25.89" located at cell 'Data'!E2.,
         hasMinLat 28.16  # Generated from value "28.16" located at cell 'Data'!F2.,
         hasMinLon 28.1635  # Generated from value "28.1635" located at cell 'Data'!H2.,
         hasMaxLat -25.887  # Generated from value "-25.887" located at cell 'Data'!I2.,
         hasMaxLat 28.16  # Generated from value "28.16" located at cell 'Data'!J2.,
         hasFarmSizeInHa 10  # Generated from value "10" located at cell 'Data'!K2.
   Types: Farm
   Annotations: rdfs:label "Farm001"
Individual: Farm001  # Generated from value "Farm001" located at cell 'Data'!A2.
   Facts: hasID "001"  # Generated from value "001" located at cell 'Data'!C2.,
         hasLatitude Tshwane University of Technology Farm  # Generated from value "Tshwane University of Technology Farm" located at cell 'Data'!D2.,
         hasLongitude -25.89  # Generated from value "-25.89" located at cell 'Data'!E2.,
         hasMinLat 28.16  # Generated from value "28.16" located at cell 'Data'!F2.,
         hasMinLon 28.1635  # Generated from value "28.1635" located at cell 'Data'!H2.,
         hasMaxLat -25.887  # Generated from value "-25.887" located at cell 'Data'!I2.,
         hasMaxLat 28.16  # Generated from value "28.16" located at cell 'Data'!J2.,
         hasFarmSizeInHa 10  # Generated from value "10" located at cell 'Data'!K2.
   Types: Farm
   Annotations: rdfs:label "Farm001"
Individual: Farm001  # Generated from value "Farm001" located at cell 'Data'!A2.
   Facts: hasID "001"  # Generated from value "001" located at cell 'Data'!C2.,
         hasLatitude Tshwane University of Technology Farm  # Generated from value "Tshwane University of Technology Farm" located at cell 'Data'!D2.,
         hasLongitude -25.89  # Generated from value "-25.89" located at cell 'Data'!E2.,
         hasMinLat 28.16  # Generated from value "28.16" located at cell 'Data'!F2.,
         hasMinLon 28.1635  # Generated from value "28.1635" located at cell 'Data'!H2.,
         hasMaxLat -25.887  # Generated from value "-25.887" located at cell 'Data'!I2.,
         hasMaxLat 28.16  # Generated from value "28.16" located at cell 'Data'!J2.,
         hasFarmSizeInHa 10  # Generated from value "10" located at cell 'Data'!K2.
   Types: Farm
   Annotations: rdfs:label "Farm001"
Individual: Farm001  # Generated from value "Farm001" located at cell 'Data'!A2.
   Facts: hasID "001"  # Generated from value "001" located at cell 'Data'!C2.,
         hasLatitude Tshwane University of Technology Farm  # Generated from value "Tshwane University of Technology Farm" located at cell 'Data'!D2.,
         hasLongitude -25.89  # Generated from value "-25.89" located at cell 'Data'!E2.,
         hasMinLat 28.16  # Generated from value "28.16" located at cell 'Data'!F2.,
         hasMinLon 28.1635  # Generated from value "28.1635" located at cell 'Data'!H2.,
         hasMaxLat -25.887  # Generated from value "-25.887" located at cell 'Data'!I2.,
         hasMaxLat 28.16  # Generated from value "28.16" located at cell 'Data'!J2.,
         hasFarmSizeInHa 10  # Generated from value "10" located at cell 'Data'!K2.
   Types: Farm
   Annotations: rdfs:label "Farm001"
Individual: Farm001  # Generated from value "Farm001" located at cell 'Data'!A2.
   Facts: hasID "001"  # Generated from value "001" located at cell 'Data'!C2.,
         hasLatitude Tshwane University of Technology Farm  # Generated from value "Tshwane University of Technology Farm" located at cell 'Data'!D2.,
         hasLongitude -25.89  # Generated from value "-25.89" located at cell 'Data'!E2.,
         hasMinLat 28.16  # Generated from value "28.16" located at cell 'Data'!F2.,
         hasMinLon 28.1635  # Generated from value "28.1635" located at cell 'Data'!H2.,
         hasMaxLat -25.887  # Generated from value "-25.887" located at cell 'Data'!I2.,
         hasMaxLat 28.16  # Generated from value "28.16" located at cell 'Data'!J2.,
         hasFarmSizeInHa 10  # Generated from value "10" located at cell 'Data'!K2.
   Types: Farm
   Annotations: rdfs:label "Farm001"
Individual: Farm001  # Generated from value "Farm001" located at cell 'Data'!A2.
   Facts: hasID "001"  # Generated from value "001" located at cell 'Data'!C2.,
         hasLatitude Tshwane University of Technology Farm  # Generated from value "Tshwane University of Technology Farm" located at cell 'Data'!D2.,
         hasLongitude -25.89  # Generated from value "-25.89" located at cell 'Data'!E2.,
         hasMinLat 28.16  # Generated from value "28.16" located at cell 'Data'!F2.,
         hasMinLon 28.1635  # Generated from value "28.1635" located at cell 'Data'!H2.,
         hasMaxLat -25.887  # Generated from value "-25.887" located at cell 'Data'!I2.,
         hasMaxLat 28.16  # Generated from value "28.16" located at cell 'Data'!J2.,
         hasFarmSizeInHa 10  # Generated from value "10" located at cell 'Data'!K2.
   Types: Farm
   Annotations: rdfs:label "Farm001"
Individual: Farm001  # Generated from value "Farm001" located at cell 'Data'!A2.
   Facts: hasID "001"  # Generated from value "001" located at cell 'Data'!C2.,
         hasLatitude Tshwane University of Technology Farm  # Generated from value "Tshwane University of Technology Farm" located at cell 'Data'!D2.,
         hasLongitude -25.89  # Generated from value "-25.89" located at cell 'Data'!E2.,
         hasMinLat 28.16  # Generated from value "28.16" located at cell 'Data'!F2.,
         hasMinLon 28.1635  # Generated from value "28.1635" located at cell 'Data'!H2.,
         hasMaxLat -25.887  # Generated from value "-25.887" located at cell 'Data'!I2.,
         hasMaxLat 28.16  # Generated from value "28.16" located at cell 'Data'!J2.,
         hasFarmSizeInHa 10  # Generated from value "10" located at cell 'Data'!K2.
   Types: Farm
   Annotations: rdfs:label "Farm001"
Individual: Farm001  # Generated from value "Farm001" located at cell 'Data'!A2.
   Facts: hasID "001"  # Generated from value "001" located at cell 'Data'!C2.,
         hasLatitude Tshwane University of Technology Farm  # Generated from value "Tshwane University of Technology Farm" located at cell 'Data'!D2.,
         hasLongitude -25.89  # Generated from value "-25.89" located at cell 'Data'!E2.,
         hasMinLat 28.16  # Generated from value "28.16" located at cell 'Data'!F2.,
         hasMinLon 28.1635  # Generated from value "28.1635" located at cell 'Data'!H2.,
         hasMaxLat -25.887  # Generated from value "-25.887" located at cell 'Data'!I2.,
         hasMaxLat 28.16  # Generated from value "28.16" located at cell 'Data'!J2.,
         hasFarmSizeInHa 10  # Generated from value "10" located at cell 'Data'!K2.
   Types: Farm
   Annotations: rdfs:label "Farm001"
Individual: Farm001  # Generated from value "Farm001" located at cell 'Data'!A2.
   Facts: hasID "001"  # Generated from value "001" located at cell 'Data'!C2.,
         hasLatitude Tshwane University of Technology Farm  # Generated from value "Tshwane University of Technology Farm" located at cell 'Data'!D2.,
         hasLongitude -25.89  # Generated from value "-25.89" located at cell 'Data'!E2.,
         hasMinLat 28.16  # Generated from value "28.16" located at cell 'Data'!F2.,
         hasMinLon 28.1635  # Generated from value "28.1635" located at cell 'Data'!H2.,
         hasMaxLat -25.887  # Generated from value "-25.887" located at cell 'Data'!I2.,
         hasMaxLat 28.16  # Generated from value "28.16" located at cell 'Data'!J2.,
         hasFarmSizeInHa 10  # Generated from value "10" located at cell 'Data'!K2.
   Types: Farm
   Annotations: rdfs:label "Farm001"
Individual: Farm001  # Generated from value "Farm001" located at cell 'Data'!A2.
   Facts: hasID "001"  # Generated from value "001" located at cell 'Data'!C2.,
         hasLatitude Tshwane University of Technology Farm  # Generated from value "Tshwane University of Technology Farm" located at cell 'Data'!D2.,
         hasLongitude -25.89  # Generated from value "-25.89" located at cell 'Data'!E2.,
         hasMinLat 28.16  # Generated from value "28.16" located at cell 'Data'!F2.,
         hasMinLon 28.1635  # Generated from value "28.1635" located at cell 'Data'!H2.,
         hasMaxLat -25.887  # Generated from value "-25.887" located at cell 'Data'!I2.,
         hasMaxLat 28.16  # Generated from value "28.16" located at cell 'Data'!J2.,
         hasFarmSizeInHa 10  # Generated from value "10" located at cell 'Data'!K2.
   Types: Farm
   Annotations: rdfs:label "Farm001"
Individual: Farm001  # Generated from value "Farm001" located at cell 'Data'!A2.
   Facts: hasID "001"  # Generated from value "001" located at cell 'Data'!C2.,
         hasLatitude Tshwane University of Technology Farm  # Generated from value "Tshwane University of Technology Farm" located at cell 'Data'!D2.,
         hasLongitude -25.89  # Generated from value "-25.89" located at cell 'Data'!E2.,
         hasMinLat 28.16  # Generated from value "28.16" located at cell 'Data'!F2.,
         hasMinLon 28.1635  # Generated from value "28.1635" located at cell 'Data'!H2.,
         hasMaxLat -25.887  # Generated from value "-25.887" located at cell 'Data'!I2.,
         hasMaxLat 28.16  # Generated from value "28.16" located at cell 'Data'!J2.,
         hasFarmSizeInHa 10  # Generated from value "10" located at cell 'Data'!K2.
   Types: Farm
   Annotations: rdfs:label "Farm001"
Individual: Farm001  # Generated from value "Farm001" located at cell 'Data'!A2.
   Facts: hasID "001"  # Generated from value "001" located at cell 'Data'!C2.,
         hasLatitude Tshwane University of Technology Farm  # Generated from value "Tshwane University of Technology Farm" located at cell 'Data'!D2.,
         hasLongitude -25.89  # Generated from value "-25.89" located at cell 'Data'!E2.,
         hasMinLat 28.16  # Generated from value "28.16" located at cell 'Data'!F2.,
         hasMinLon 28.1635  # Generated from value "28.1635" located at cell 'Data'!H2.,
         hasMaxLat -25.887  # Generated from value "-25.887" located at cell 'Data'!I2.,
         hasMaxLat 28.16  # Generated from value "28.16" located at cell 'Data'!J2.,
         hasFarmSizeInHa 10  # Generated from value "10" located at cell 'Data'!K2.
   Types: Farm
   Annotations: rdfs:label "Farm001"
Individual: Farm001  # Generated from value "Farm001" located at cell 'Data'!A2.
   Facts: hasID "001"  # Generated from value "001" located at cell 'Data'!C2.,
         hasLatitude Tshwane University of Technology Farm  # Generated from value "Tshwane University of Technology Farm" located at cell 'Data'!D2.,
         hasLongitude -25.89  # Generated from value "-25.89" located at cell 'Data'!E2.,
         hasMinLat 28.16  # Generated from value "28.16" located at cell 'Data'!F2.,
         hasMinLon 28.1635  # Generated from value "28.1635" located at cell 'Data'!H2.,
         hasMaxLat -25.887  # Generated from value "-25.887" located at cell 'Data'!I2.,
         hasMaxLat 28.16  # Generated from value "28.16" located at cell 'Data'!J2.,
         hasFarmSizeInHa 10  # Generated from value "10" located at cell 'Data'!K2.
   Types: Farm
   Annotations: rdfs:label "Farm001"
Individual: Farm001  # Generated from value "Farm001" located at cell 'Data'!A2.
   Facts: hasID "001"  # Generated from value "001" located at cell 'Data'!C2.,
         hasLatitude Tshwane University of Technology Farm  # Generated from value "Tshwane University of Technology Farm" located at cell 'Data'!D2.,
         hasLongitude -25.89  # Generated from value "-25.89" located at cell 'Data'!E2.,
         hasMinLat 28.16  # Generated from value "28.16" located at cell 'Data'!F2.,
         hasMinLon 28.1635  # Generated from value "28.1635" located at cell 'Data'!H2.,
         hasMaxLat -25.887  # Generated from value "-25.887" located at cell 'Data'!I2.,
         hasMaxLat 28.16  # Generated from value "28.16" located at cell 'Data'!J2.,
         hasFarmSizeInHa 10  # Generated from value "10" located at cell 'Data'!K2.
   Types: Farm
   Annotations: rdfs:label "Farm001"
Individual: Farm001  # Generated from value "Farm001" located at cell 'Data'!A2.
   Facts: hasID "001"  # Generated from value "001" located at cell 'Data'!C2.,
         hasLatitude Tshwane University of Technology Farm  # Generated from value "Tshwane University of Technology Farm" located at cell 'Data'!D2.,
         hasLongitude -25.89  # Generated from value "-25.89" located at cell 'Data'!E2.,
         hasMinLat 28.16  # Generated from value "28.16" located at cell 'Data'!F2.,
         hasMinLon 28.1635  # Generated from value "28.1635" located at cell 'Data'!H2.,
         hasMaxLat -25.887  # Generated from value "-25.887" located at cell 'Data'!I2.,
         hasMaxLat 28.16  # Generated from value "28.16" located at cell 'Data'!J2.,
         hasFarmSizeInHa 10  # Generated from value "10" located at cell 'Data'!K2.
   Types: Farm
   Annotations: rdfs:label "Farm001"
Individual: Farm001  # Generated from value "Farm001" located at cell 'Data'!A2.
   Facts: hasID "001"  # Generated from value "001" located at cell 'Data'!C2.,
         hasLatitude Tshwane University of Technology Farm  # Generated from value "Tshwane University of Technology Farm" located at cell 'Data'!D2.,
         hasLongitude -25.89  # Generated from value "-25.89" located at cell 'Data'!E2.,
         hasMinLat 28.16  # Generated from value "28.16" located at cell 'Data'!F2.,
         hasMinLon 28.1635  # Generated from value "28.1635" located at cell 'Data'!H2.,
         hasMaxLat -25.887  # Generated from value "-25.887" located at cell 'Data'!I2.,
         hasMaxLat 28.16  # Generated from value "28.16" located at cell 'Data'!J2.,
         hasFarmSizeInHa 10  # Generated from value "10" located at cell 'Data'!K2.
   Types: Farm
   Annotations: rdfs:label "Farm001"
Individual: Farm001  # Generated from value "Farm001" located at cell 'Data'!A2.
   Facts: hasID "001"  # Generated from value "001" located at cell 'Data'!C2.,
         hasLatitude Tshwane University of Technology Farm  # Generated from value "Tshwane University of Technology Farm" located at cell 'Data'!D2.,
         hasLongitude -25.89  # Generated from value "-25.89" located at cell 'Data'!E2.,
         hasMinLat 28.16  # Generated from value "28.16" located at cell 'Data'!F2.,
         hasMinLon 28.1635  # Generated from value "28.1635" located at cell 'Data'!H2.,
         hasMaxLat -25.887  # Generated from value "-25.887" located at cell 'Data'!I2.,
         hasMaxLat 28.16  # Generated from value "28.16" located at cell 'Data'!J2.,
         hasFarmSizeInHa 10  # Generated from value "10" located at cell 'Data'!K2.
   Types: Farm
   Annotations: rdfs:label "Farm001"
Individual: Farm001  # Generated from value "Farm001" located at cell 'Data'!A2.
   Facts: hasID "001"  # Generated from value "001" located at cell 'Data'!C2.,
         hasLatitude Tshwane University of Technology Farm  # Generated from value "Tshwane University of Technology Farm" located at cell 'Data'!D2.,
         hasLongitude -25.89  # Generated from value "-25.89" located at cell 'Data'!E2.,
         hasMinLat 28.16  # Generated from value "28.16" located at cell 'Data'!F2.,
         hasMinLon 28.1635  # Generated from value "28.1635" located at cell 'Data'!H2.,
         hasMaxLat -25.887  # Generated from value "-25.887" located at cell 'Data'!I2.,
         hasMaxLat 28.16  # Generated from value "28.16" located at cell 'Data'!J2.,
         hasFarmSizeInHa 10  # Generated from value "10" located at cell 'Data'!K2.
   Types: Farm
   Annotations: rdfs:label "Farm001"
Individual: Farm001  # Generated from value "Farm001" located at cell 'Data'!A2.
   Facts: hasID "001"  # Generated from value "001" located at cell 'Data'!C2.,
         hasLatitude Tshwane University of Technology Farm  # Generated from value "Tshwane University of Technology Farm" located at cell 'Data'!D2.,
         hasLongitude -25.89  # Generated from value "-25.89" located at cell 'Data'!E2.,
         hasMinLat 28.16  # Generated from value "28.16" located at cell 'Data'!F2.,
         hasMinLon 28.1635  # Generated from value "28.1635" located at cell 'Data'!H2.,
         hasMaxLat -25.887  # Generated from value "-25.887" located at cell 'Data'!I2.,
         hasMaxLat 28.16  # Generated from value "28.16" located at cell 'Data'!J2.,
         hasFarmSizeInHa 10  # Generated from value "10" located at cell 'Data'!K2.
   Types: Farm
   Annotations: rdfs:label "Farm001"
Individual: Farm001  # Generated from value "Farm001" located at cell 'Data'!A2.
   Facts: hasID "001"  # Generated from value "001" located at cell 'Data'!C2.,
         hasLatitude Tshwane University of Technology Farm  # Generated from value "Tshwane University of Technology Farm" located at cell 'Data'!D2.,
         hasLongitude -25.89  # Generated from value "-25.89" located at cell 'Data'!E2.,
         hasMinLat 28.16  # Generated from value "28.16" located at cell 'Data'!F2.,
         hasMinLon 28.1635  # Generated from value "28.1635" located at cell 'Data'!H2.,
         hasMaxLat -25.887  # Generated from value "-25.887" located at cell 'Data'!I2.,
         hasMaxLat 28.16  # Generated from value "28.16" located at cell 'Data'!J2.,
         hasFarmSizeInHa 10  # Generated from value "10" located at cell 'Data'!K2.
   Types: Farm
   Annotations: rdfs:label "Farm001"
Individual: Farm001  # Generated from value "Farm001" located at cell 'Data'!A2.
   Facts: hasID "001"  # Generated from value "001" located at cell 'Data'!C2.,
         hasLatitude Tshwane University of Technology Farm  # Generated from value "Tshwane University of Technology Farm" located at cell 'Data'!D2.,
         hasLongitude -25.89  # Generated from value "-25.89" located at cell 'Data'!E2.,
         hasMinLat 28.16  # Generated from value "28.16" located at cell 'Data'!F2.,
         hasMinLon 28.1635  # Generated from value "28.1635" located at cell 'Data'!H2.,
         hasMaxLat -25.887  # Generated from value "-25.887" located at cell 'Data'!I2.,
         hasMaxLat 28.16  # Generated from value "28.16" located at cell 'Data'!J2.,
         hasFarmSizeInHa 10  # Generated from value "10" located at cell 'Data'!K2.
   Types: Farm
   Annotations: rdfs:label "Farm001"
Individual: Farm001  # Generated from value "Farm001" located at cell 'Data'!A2.
   Facts: hasID "001"  # Generated from value "001" located at cell 'Data'!C2.,
         hasLatitude Tshwane University of Technology Farm  # Generated from value "Tshwane University of Technology Farm" located at cell 'Data'!D2.,
         hasLongitude -25.89  # Generated from value "-25.89" located at cell 'Data'!E2.,
         hasMinLat 28.16  # Generated from value "28.16" located at cell 'Data'!F2.,
         hasMinLon 28.1635  # Generated from value "28.1635" located at cell 'Data'!H2.,
         hasMaxLat -25.887  # Generated from value "-25.887" located at cell 'Data'!I2.,
         hasMaxLat 28.16  # Generated from value "28.16" located at cell 'Data'!J2.,
         hasFarmSizeInHa 10  # Generated from value "10" located at cell 'Data'!K2.
   Types: Farm
   Annotations: rdfs:label "Farm001"
Individual: Farm001  # Generated from value "Farm001" located at cell 'Data'!A2.
   Facts: hasID "001"  # Generated from value "001" located at cell 'Data'!C2.,
         hasLatitude Tshwane University of Technology Farm  # Generated from value "Tshwane University of Technology Farm" located at cell 'Data'!D2.,
         hasLongitude -25.89  # Generated from value "-25.89" located at cell 'Data'!E2.,
         hasMinLat 28.16  # Generated from value "28.16" located at cell 'Data'!F2.,
         hasMinLon 28.1635  # Generated from value "28.1635" located at cell 'Data'!H2.,
         hasMaxLat -25.887  # Generated from value "-25.887" located at cell 'Data'!I2.,
         hasMaxLat 28.16  # Generated from value "28.16" located at cell 'Data'!J2.,
         hasFarmSizeInHa 10  # Generated from value "10" located at cell 'Data'!K2.
   Types: Farm
   Annotations: rdfs:label "Farm001"
Individual: Farm001  # Generated from value "Farm001" located at cell 'Data'!A2.
   Facts: hasID "001"  # Generated from value "001" located at cell 'Data'!C2.,
         hasLatitude Tshwane University of Technology Farm  # Generated from value "Tshwane University of Technology Farm" located at cell 'Data'!D2.,
         hasLongitude -25.89  # Generated from value "-25.89" located at cell 'Data'!E2.,
         hasMinLat 28.16  # Generated from value "28.16" located at cell 'Data'!F2.,
         hasMinLon 28.1635  # Generated from value "28.1635" located at cell 'Data'!H2.,
         hasMaxLat -25.887  # Generated from value "-25.887" located at cell 'Data'!I2.,
         hasMaxLat 28.16  # Generated from value "28.16" located at cell 'Data'!J2.,
         hasFarmSizeInHa 10  # Generated from value "10" located at cell 'Data'!K2.
   Types: Farm
   Annotations: rdfs:label "Farm001"
Individual: Farm001  # Generated from value "Farm001" located at cell 'Data'!A2.
   Facts: hasID "001"  # Generated from value "001" located at cell 'Data'!C2.,
         hasLatitude Tshwane University of Technology Farm  # Generated from value "Tshwane University of Technology Farm" located at cell 'Data'!D2.,
         hasLongitude -25.89  # Generated from value "-25.89" located at cell 'Data'!E2.,
         hasMinLat 28.16  # Generated from value "28.16" located at cell 'Data'!F2.,
         hasMinLon 28.1635  # Generated from value "28.1635" located at cell 'Data'!H2.,
         hasMaxLat -25.887  # Generated from value "-25.887" located at cell 'Data'!I2.,
         hasMaxLat 28.16  # Generated from value "28.16" located at cell 'Data'!J2.,
         hasFarmSizeInHa 10  # Generated from value "10" located at cell 'Data'!K2.
   Types: Farm
   Annotations: rdfs:label "Farm001"
Individual: Farm001  # Generated from value "Farm001" located at cell 'Data'!A2.
   Facts: hasID "001"  # Generated from value "001" located at cell 'Data'!C2.,
         hasLatitude Tshwane University of Technology Farm  # Generated from value "Tshwane University of Technology Farm" located at cell 'Data'!D2.,
         hasLongitude -25.89  # Generated from value "-25.89" located at cell 'Data'!E2.,
         hasMinLat 28.16  # Generated from value "28.16" located at cell 'Data'!F2.,
         hasMinLon 28.1635  # Generated from value "28.1635" located at cell 'Data'!H2.,
         hasMaxLat -25.887  # Generated from value "-25.887" located at cell 'Data'!I2.,
         hasMaxLat 28.16  # Generated from value "28.16" located at cell 'Data'!J2.,
         hasFarmSizeInHa 10  # Generated from value "10" located at cell 'Data'!K2.
   Types: Farm
   Annotations: rdfs:label "Farm001"
Individual: Farm001  # Generated from value "Farm001" located at cell 'Data'!A2.
   Facts: hasID "001"  # Generated from value "001" located at cell 'Data'!C2.,
         hasLatitude Tshwane University of Technology Farm  # Generated from value "Tshwane University of Technology Farm" located at cell 'Data'!D2.,
         hasLongitude -25.89  # Generated from value "-25.89" located at cell 'Data'!E2.,
         hasMinLat 28.16  # Generated from value "28.16" located at cell 'Data'!F2.,
         hasMinLon 28.1635  # Generated from value "28.1635" located at cell 'Data'!H2.,
         hasMaxLat -25.887  # Generated from value "-25.887" located at cell 'Data'!I2.,
         hasMaxLat 28.16  # Generated from value "28.16" located at cell 'Data'!J2.,
         hasFarmSizeInHa 10  # Generated from value "10" located at cell 'Data'!K2.
   Types: Farm
   Annotations: rdfs:label "Farm001"
Individual: Farm001  # Generated from value "Farm001" located at cell 'Data'!A2.
   Facts: hasID "001"  # Generated from value "001" located at cell 'Data'!C2.,
         hasLatitude Tshwane University of Technology Farm  # Generated from value "Tshwane University of Technology Farm" located at cell 'Data'!D2.,
         hasLongitude -25.89  # Generated from value "-25.89" located at cell 'Data'!E2.,
         hasMinLat 28.16  # Generated from value "28.16" located at cell 'Data'!F2.,
         hasMinLon 28.1635  # Generated from value "28.1635" located at cell 'Data'!H2.,
         hasMaxLat -25.887  # Generated from value "-25.887" located at cell 'Data'!I2.,
         hasMaxLat 28.16  # Generated from value "28.16" located at cell 'Data'!J2.,
         hasFarmSizeInHa 10  # Generated from value "10" located at cell 'Data'!K2.
   Types: Farm
   Annotations: rdfs:label "Farm001"
Individual: Farm001  # Generated from value "Farm001" located at cell 'Data'!A2.
   Facts: hasID "001"  # Generated from value "001" located at cell 'Data'!C2.,
         hasLatitude Tshwane University of Technology Farm  # Generated from value "Tshwane University of Technology Farm" located at cell 'Data'!D2.,
         hasLongitude -25.89  # Generated from value "-25.89" located at cell 'Data'!E2.,
         hasMinLat 28.16  # Generated from value "28.16" located at cell 'Data'!F2.,
         hasMinLon 28.1635  # Generated from value "28.1635" located at cell 'Data'!H2.,
         hasMaxLat -25.887  # Generated from value "-25.887" located at cell 'Data'!I2.,
         hasMaxLat 28.16  # Generated from value "28.16" located at cell 'Data'!J2.,
         hasFarmSizeInHa 10  # Generated from value "10" located at cell 'Data'!K2.
   Types: Farm
   Annotations: rdfs:label "Farm001"
Individual: Farm001  # Generated from value "Farm001" located at cell 'Data'!A2.
   Facts: hasID "001"  # Generated from value "001" located at cell 'Data'!C2.,
         hasLatitude Tshwane University of Technology Farm  # Generated from value "Tshwane University of Technology Farm" located at cell 'Data'!D2.,
         hasLongitude -25.89  # Generated from value "-25.89" located at cell 'Data'!E2.,
         hasMinLat 28.16  # Generated from value "28.16" located at cell 'Data'!F2.,
         hasMinLon 28.1635  # Generated from value "28.1635" located at cell 'Data'!H2.,
         hasMaxLat -25.887  # Generated from value "-25.887" located at cell 'Data'!I2.,
         hasMaxLat 28.16  # Generated from value "28.16" located at cell 'Data'!J2.,
         hasFarmSizeInHa 10  # Generated from value "10" located at cell 'Data'!K2.
   Types: Farm
   Annotations: rdfs:label "Farm001"
Individual: Farm001  # Generated from value "Farm001" located at cell 'Data'!A2.
   Facts: hasID "001"  # Generated from value "001" located at cell 'Data'!C2.,
         hasLatitude Tshwane University of Technology Farm  # Generated from value "Tshwane University of Technology Farm" located at cell 'Data'!D2.,
         hasLongitude -25.89  # Generated from value "-25.89" located at cell 'Data'!E2.,
         hasMinLat 28.16  # Generated from value "28.16" located at cell 'Data'!F2.,
         hasMinLon 28.1635  # Generated from value "28.1635" located at cell 'Data'!H2.,
         hasMaxLat -25.887  # Generated from value "-25.887" located at cell 'Data'!I2.,
         hasMaxLat 28.16  # Generated from value "28.16" located at cell 'Data'!J2.,
         hasFarmSizeInHa 10  # Generated from value "10" located at cell 'Data'!K2.
   Types: Farm
   Annotations: rdfs:label "Farm001"
Individual: Farm001  # Generated from value "Farm001" located at cell 'Data'!A2.
   Facts: hasID "001"  # Generated from value "001" located at cell 'Data'!C2.,
         hasLatitude Tshwane University of Technology Farm  # Generated from value "Tshwane University of Technology Farm" located at cell 'Data'!D2.,
         hasLongitude -25.89  # Generated from value "-25.89" located at cell 'Data'!E2.,
         hasMinLat 28.16  # Generated from value "28.16" located at cell 'Data'!F2.,
         hasMinLon 28.1635  # Generated from value "28.1635" located at cell 'Data'!H2.,
         hasMaxLat -25.887  # Generated from value "-25.887" located at cell 'Data'!I2.,
         hasMaxLat 28.16  # Generated from value "28.16" located at cell 'Data'!J2.,
         hasFarmSizeInHa 10  # Generated from value "10" located at cell 'Data'!K2.
   Types: Farm
   Annotations: rdfs:label "Farm001"
Individual: Farm001  # Generated from value "Farm001" located at cell 'Data'!A2.
   Facts: hasID "001"  # Generated from value "001" located at cell 'Data'!C2.,
         hasLatitude Tshwane University of Technology Farm  # Generated from value "Tshwane University of Technology Farm" located at cell 'Data'!D2.,
         hasLongitude -25.89  # Generated from value "-25.89" located at cell 'Data'!E2.,
         hasMinLat 28.16  # Generated from value "28.16" located at cell 'Data'!F2.,
         hasMinLon 28.1635  # Generated from value "28.1635" located at cell 'Data'!H2.,
         hasMaxLat -25.887  # Generated from value "-25.887" located at cell 'Data'!I2.,
         hasMaxLat 28.16  # Generated from value "28.16" located at cell 'Data'!J2.,
         hasFarmSizeInHa 10  # Generated from value "10" located at cell 'Data'!K2.
   Types: Farm
   Annotations: rdfs:label "Farm001"
Individual: Farm001  # Generated from value "Farm001" located at cell 'Data'!A2.
   Facts: hasID "001"  # Generated from value "001" located at cell 'Data'!C2.,
         hasLatitude Tshwane University of Technology Farm  # Generated from value "Tshwane University of Technology Farm" located at cell 'Data'!D2.,
         hasLongitude -25.89  # Generated from value "-25.89" located at cell 'Data'!E2.,
         hasMinLat 28.16  # Generated from value "28.16" located at cell 'Data'!F2.,
         hasMinLon 28.1635  # Generated from value "28.1635" located at cell 'Data'!H2.,
         hasMaxLat -25.887  # Generated from value "-25.887" located at cell 'Data'!I2.,
         hasMaxLat 28.16  # Generated from value "28.16" located at cell 'Data'!J2.,
         hasFarmSizeInHa 10  # Generated from value "10" located at cell 'Data'!K2.
   Types: Farm
   Annotations: rdfs:label "Farm001"
Individual: Farm001  # Generated from value "Farm001" located at cell 'Data'!A2.
   Facts: hasID "001"  # Generated from value "001" located at cell 'Data'!C2.,
         hasLatitude Tshwane University of Technology Farm  # Generated from value "Tshwane University of Technology Farm" located at cell 'Data'!D2.,
         hasLongitude -25.89  # Generated from value "-25.89" located at cell 'Data'!E2.,
         hasMinLat 28.16  # Generated from value "28.16" located at cell 'Data'!F2.,
         hasMinLon 28.1635  # Generated from value "28.1635" located at cell 'Data'!H2.,
         hasMaxLat -25.887  # Generated from value "-25.887" located at cell 'Data'!I2.,
         hasMaxLat 28.16  # Generated from value "28.16" located at cell 'Data'!J2.,
         hasFarmSizeInHa 10  # Generated from value "10" located at cell 'Data'!K2.
   Types: Farm
   Annotations: rdfs:label "Farm001"
Individual: Farm001  # Generated from value "Farm001" located at cell 'Data'!A2.
   Facts: hasID "001"  # Generated from value "001" located at cell 'Data'!C2.,
         hasLatitude Tshwane University of Technology Farm  # Generated from value "Tshwane University of Technology Farm" located at cell 'Data'!D2.,
         hasLongitude -25.89  # Generated from value "-25.89" located at cell 'Data'!E2.,
         hasMinLat 28.16  # Generated from value "28.16" located at cell 'Data'!F2.,
         hasMinLon 28.1635  # Generated from value "28.1635" located at cell 'Data'!H2.,
         hasMaxLat -25.887  # Generated from value "-25.887" located at cell 'Data'!I2.,
         hasMaxLat 28.16  # Generated from value "28.16" located at cell 'Data'!J2.,
         hasFarmSizeInHa 10  # Generated from value "10" located at cell 'Data'!K2.
   Types: Farm
   Annotations: rdfs:label "Farm001"
Individual: Farm001  # Generated from value "Farm001" located at cell 'Data'!A2.
   Facts: hasID "001"  # Generated from value "001" located at cell 'Data'!C2.,
         hasLatitude Tshwane University of Technology Farm  # Generated from value "Tshwane University of Technology Farm" located at cell 'Data'!D2.,
         hasLongitude -25.89  # Generated from value "-25.89" located at cell 'Data'!E2.,
         hasMinLat 28.16  # Generated from value "28.16" located at cell 'Data'!F2.,
         hasMinLon 28.1635  # Generated from value "28.1635" located at cell 'Data'!H2.,
         hasMaxLat -25.887  # Generated from value "-25.887" located at cell 'Data'!I2.,
         hasMaxLat 28.16  # Generated from value "28.16" located at cell 'Data'!J2.,
         hasFarmSizeInHa 10  # Generated from value "10" located at cell 'Data'!K2.
   Types: Farm
   Annotations: rdfs:label "Farm001"
Individual: Farm001  # Generated from value "Farm001" located at cell 'Data'!A2.
   Facts: hasID "001"  # Generated from value "001" located at cell 'Data'!C2.,
         hasLatitude Tshwane University of Technology Farm  # Generated from value "Tshwane University of Technology Farm" located at cell 'Data'!D2.,
         hasLongitude -25.89  # Generated from value "-25.89" located at cell 'Data'!E2.,
         hasMinLat 28.16  # Generated from value "28.16" located at cell 'Data'!F2.,
         hasMinLon 28.1635  # Generated from value "28.1635" located at cell 'Data'!H2.,
         hasMaxLat -25.887  # Generated from value "-25.887" located at cell 'Data'!I2.,
         hasMaxLat 28.16  # Generated from value "28.16" located at cell 'Data'!J2.,
         hasFarmSizeInHa 10  # Generated from value "10" located at cell 'Data'!K2.
   Types: Farm
   Annotations: rdfs:label "Farm001"
Individual: Farm001  # Generated from value "Farm001" located at cell 'Data'!A2.
   Facts: hasID "001"  # Generated from value "001" located at cell 'Data'!C2.,
         hasLatitude Tshwane University of Technology Farm  # Generated from value "Tshwane University of Technology Farm" located at cell 'Data'!D2.,
         hasLongitude -25.89  # Generated from value "-25.89" located at cell 'Data'!E2.,
         hasMinLat 28.16  # Generated from value "28.16" located at cell 'Data'!F2.,
         hasMinLon 28.1635  # Generated from value "28.1635" located at cell 'Data'!H2.,
         hasMaxLat -25.887  # Generated from value "-25.887" located at cell 'Data'!I2.,
         hasMaxLat 28.16  # Generated from value "28.16" located at cell 'Data'!J2.,
         hasFarmSizeInHa 10  # Generated from value "10" located at cell 'Data'!K2.
   Types: Farm
   Annotations: rdfs:label "Farm001"
Individual: Farm001  # Generated from value "Farm001" located at cell 'Data'!A2.
   Facts: hasID "001"  # Generated from value "001" located at cell 'Data'!C2.,
         hasLatitude Tshwane University of Technology Farm  # Generated from value "Tshwane University of Technology Farm" located at cell 'Data'!D2.,
         hasLongitude -25.89  # Generated from value "-25.89" located at cell 'Data'!E2.,
         hasMinLat 28.16  # Generated from value "28.16" located at cell 'Data'!F2.,
         hasMinLon 28.1635  # Generated from value "28.1635" located at cell 'Data'!H2.,
         hasMaxLat -25.887  # Generated from value "-25.887" located at cell 'Data'!I2.,
         hasMaxLat 28.16  # Generated from value "28.16" located at cell 'Data'!J2.,
         hasFarmSizeInHa 10  # Generated from value "10" located at cell 'Data'!K2.
   Types: Farm
   Annotations: rdfs:label "Farm001"
Individual: Farm001  # Generated from value "Farm001" located at cell 'Data'!A2.
   Facts: hasID "001"  # Generated from value "001" located at cell 'Data'!C2.,
         hasLatitude Tshwane University of Technology Farm  # Generated from value "Tshwane University of Technology Farm" located at cell 'Data'!D2.,
         hasLongitude -25.89  # Generated from value "-25.89" located at cell 'Data'!E2.,
         hasMinLat 28.16  # Generated from value "28.16" located at cell 'Data'!F2.,
         hasMinLon 28.1635  # Generated from value "28.1635" located at cell 'Data'!H2.,
         hasMaxLat -25.887  # Generated from value "-25.887" located at cell 'Data'!I2.,
         hasMaxLat 28.16  # Generated from value "28.16" located at cell 'Data'!J2.,
         hasFarmSizeInHa 10  # Generated from value "10" located at cell 'Data'!K2.
   Types: Farm
   Annotations: rdfs:label "Farm001"
Individual: Farm001  # Generated from value "Farm001" located at cell 'Data'!A2.
   Facts: hasID "001"  # Generated from value "001" located at cell 'Data'!C2.,
         hasLatitude Tshwane University of Technology Farm  # Generated from value "Tshwane University of Technology Farm" located at cell 'Data'!D2.,
         hasLongitude -25.89  # Generated from value "-25.89" located at cell 'Data'!E2.,
         hasMinLat 28.16  # Generated from value "28.16" located at cell 'Data'!F2.,
         hasMinLon 28.1635  # Generated from value "28.1635" located at cell 'Data'!H2.,
         hasMaxLat -25.887  # Generated from value "-25.887" located at cell 'Data'!I2.,
         hasMaxLat 28.16  # Generated from value "28.16" located at cell 'Data'!J2.,
         hasFarmSizeInHa 10  # Generated from value "10" located at cell 'Data'!K2.
   Types: Farm
   Annotations: rdfs:label "Farm001"

===========================================================================================================
Date: 2026-05-24 07:15:22
Ontology source: /C:/Users/s2024165/OneDrive%20-%20SARS/Personal/Personal/Masters%20in%20Computer%20Science/2023/TUT/Dissertation/Chapter%204%20-%20Design%20and%20implementation%20of%20LFTDO%20and%20Architecture/Ontology/209332175_LFTDO_V0.12.owl
Worksheet source: C:\Users\s2024165\OneDrive - SARS\Personal\Personal\Masters in Computer Science\2023\TUT\Dissertation\Chapter 7 - Artefacts Evaluations (Architecture and LFTDO)\Empirical Data\Master Data\3.PartLocation_LoadData.xlsx
Transformation rules: C:\Users\s2024165\OneDrive - SARS\Personal\Personal\Masters in Computer Science\2023\TUT\Dissertation\Chapter 7 - Artefacts Evaluations (Architecture and LFTDO)\Empirical Data\Master Data\3.PartLocation_LoadData_RULE_MAPPING.json

# Cell range: (Data!A1:K+) Comment: ""
# Individual: @A2 Annotations: rdfs:label @A2 Types: @B2  Facts: hasID @C2,hasLocationName @D2(xsd:string),hasLocationDescription @E2(xsd:string),hasLatitude @F2( xsd:decimal),
# hasLongitude @G2( xsd:decimal), hasMaxLat @H2( xsd:decimal),hasMaxLon @I2( xsd:decimal),hasFarmSizeInHa @J2( xsd:decimal),isPartOfLocation @K2

Individual: OpenFieldLocation001  # Generated from value "OpenFieldLocation001" located at cell 'Data'!A2.
   Facts: hasID "001_0001"  # Generated from value "001_0001" located at cell 'Data'!C2.,
         hasLocationName "LargeNorthWestBlock"  # Generated from value "LargeNorthWestBlock" located at cell 'Data'!D2.,
         hasLocationDescription "Large North-West Block"  # Generated from value "Large North-West Block" located at cell 'Data'!E2.,
         hasLatitude 28.16  # Generated from value "28.16" located at cell 'Data'!F2.,
         hasLongitude -25.885  # Generated from value "-25.885" located at cell 'Data'!G2.,
         hasMaxLat 28.1617  # Generated from value "28.1617" located at cell 'Data'!H2.,
         hasMaxLon -25.887  # Generated from value "-25.887" located at cell 'Data'!I2.,
         hasFarmSizeInHa 2.9  # Generated from value "2.9" located at cell 'Data'!J2.,
         isPartOfLocation "Farm001"  # Generated from value "Farm001" located at cell 'Data'!K2.
   Types: Location
   Annotations: rdfs:label "OpenFieldLocation001"
Individual: OpenFieldLocation001  # Generated from value "OpenFieldLocation001" located at cell 'Data'!A2.
   Facts: hasID "001_0001"  # Generated from value "001_0001" located at cell 'Data'!C2.,
         hasLocationName "LargeNorthWestBlock"  # Generated from value "LargeNorthWestBlock" located at cell 'Data'!D2.,
         hasLocationDescription "Large North-West Block"  # Generated from value "Large North-West Block" located at cell 'Data'!E2.,
         hasLatitude 28.16  # Generated from value "28.16" located at cell 'Data'!F2.,
         hasLongitude -25.885  # Generated from value "-25.885" located at cell 'Data'!G2.,
         hasMaxLat 28.1617  # Generated from value "28.1617" located at cell 'Data'!H2.,
         hasMaxLon -25.887  # Generated from value "-25.887" located at cell 'Data'!I2.,
         hasFarmSizeInHa 2.9  # Generated from value "2.9" located at cell 'Data'!J2.,
         isPartOfLocation "Farm001"  # Generated from value "Farm001" located at cell 'Data'!K2.
   Types: Location
   Annotations: rdfs:label "OpenFieldLocation001"
Individual: OpenFieldLocation001  # Generated from value "OpenFieldLocation001" located at cell 'Data'!A2.
   Facts: hasID "001_0001"  # Generated from value "001_0001" located at cell 'Data'!C2.,
         hasLocationName "LargeNorthWestBlock"  # Generated from value "LargeNorthWestBlock" located at cell 'Data'!D2.,
         hasLocationDescription "Large North-West Block"  # Generated from value "Large North-West Block" located at cell 'Data'!E2.,
         hasLatitude 28.16  # Generated from value "28.16" located at cell 'Data'!F2.,
         hasLongitude -25.885  # Generated from value "-25.885" located at cell 'Data'!G2.,
         hasMaxLat 28.1617  # Generated from value "28.1617" located at cell 'Data'!H2.,
         hasMaxLon -25.887  # Generated from value "-25.887" located at cell 'Data'!I2.,
         hasFarmSizeInHa 2.9  # Generated from value "2.9" located at cell 'Data'!J2.,
         isPartOfLocation "Farm001"  # Generated from value "Farm001" located at cell 'Data'!K2.
   Types: Location
   Annotations: rdfs:label "OpenFieldLocation001"
Individual: OpenFieldLocation001  # Generated from value "OpenFieldLocation001" located at cell 'Data'!A2.
   Facts: hasID "001_0001"  # Generated from value "001_0001" located at cell 'Data'!C2.,
         hasLocationName "LargeNorthWestBlock"  # Generated from value "LargeNorthWestBlock" located at cell 'Data'!D2.,
         hasLocationDescription "Large North-West Block"  # Generated from value "Large North-West Block" located at cell 'Data'!E2.,
         hasLatitude 28.16  # Generated from value "28.16" located at cell 'Data'!F2.,
         hasLongitude -25.885  # Generated from value "-25.885" located at cell 'Data'!G2.,
         hasMaxLat 28.1617  # Generated from value "28.1617" located at cell 'Data'!H2.,
         hasMaxLon -25.887  # Generated from value "-25.887" located at cell 'Data'!I2.,
         hasFarmSizeInHa 2.9  # Generated from value "2.9" located at cell 'Data'!J2.,
         isPartOfLocation "Farm001"  # Generated from value "Farm001" located at cell 'Data'!K2.
   Types: Location
   Annotations: rdfs:label "OpenFieldLocation001"
Individual: OpenFieldLocation001  # Generated from value "OpenFieldLocation001" located at cell 'Data'!A2.
   Facts: hasID "001_0001"  # Generated from value "001_0001" located at cell 'Data'!C2.,
         hasLocationName "LargeNorthWestBlock"  # Generated from value "LargeNorthWestBlock" located at cell 'Data'!D2.,
         hasLocationDescription "Large North-West Block"  # Generated from value "Large North-West Block" located at cell 'Data'!E2.,
         hasLatitude 28.16  # Generated from value "28.16" located at cell 'Data'!F2.,
         hasLongitude -25.885  # Generated from value "-25.885" located at cell 'Data'!G2.,
         hasMaxLat 28.1617  # Generated from value "28.1617" located at cell 'Data'!H2.,
         hasMaxLon -25.887  # Generated from value "-25.887" located at cell 'Data'!I2.,
         hasFarmSizeInHa 2.9  # Generated from value "2.9" located at cell 'Data'!J2.,
         isPartOfLocation "Farm001"  # Generated from value "Farm001" located at cell 'Data'!K2.
   Types: Location
   Annotations: rdfs:label "OpenFieldLocation001"
Individual: OpenFieldLocation001  # Generated from value "OpenFieldLocation001" located at cell 'Data'!A2.
   Facts: hasID "001_0001"  # Generated from value "001_0001" located at cell 'Data'!C2.,
         hasLocationName "LargeNorthWestBlock"  # Generated from value "LargeNorthWestBlock" located at cell 'Data'!D2.,
         hasLocationDescription "Large North-West Block"  # Generated from value "Large North-West Block" located at cell 'Data'!E2.,
         hasLatitude 28.16  # Generated from value "28.16" located at cell 'Data'!F2.,
         hasLongitude -25.885  # Generated from value "-25.885" located at cell 'Data'!G2.,
         hasMaxLat 28.1617  # Generated from value "28.1617" located at cell 'Data'!H2.,
         hasMaxLon -25.887  # Generated from value "-25.887" located at cell 'Data'!I2.,
         hasFarmSizeInHa 2.9  # Generated from value "2.9" located at cell 'Data'!J2.,
         isPartOfLocation "Farm001"  # Generated from value "Farm001" located at cell 'Data'!K2.
   Types: Location
   Annotations: rdfs:label "OpenFieldLocation001"
Individual: OpenFieldLocation001  # Generated from value "OpenFieldLocation001" located at cell 'Data'!A2.
   Facts: hasID "001_0001"  # Generated from value "001_0001" located at cell 'Data'!C2.,
         hasLocationName "LargeNorthWestBlock"  # Generated from value "LargeNorthWestBlock" located at cell 'Data'!D2.,
         hasLocationDescription "Large North-West Block"  # Generated from value "Large North-West Block" located at cell 'Data'!E2.,
         hasLatitude 28.16  # Generated from value "28.16" located at cell 'Data'!F2.,
         hasLongitude -25.885  # Generated from value "-25.885" located at cell 'Data'!G2.,
         hasMaxLat 28.1617  # Generated from value "28.1617" located at cell 'Data'!H2.,
         hasMaxLon -25.887  # Generated from value "-25.887" located at cell 'Data'!I2.,
         hasFarmSizeInHa 2.9  # Generated from value "2.9" located at cell 'Data'!J2.,
         isPartOfLocation "Farm001"  # Generated from value "Farm001" located at cell 'Data'!K2.
   Types: Location
   Annotations: rdfs:label "OpenFieldLocation001"
Individual: OpenFieldLocation001  # Generated from value "OpenFieldLocation001" located at cell 'Data'!A2.
   Facts: hasID "001_0001"  # Generated from value "001_0001" located at cell 'Data'!C2.,
         hasLocationName "LargeNorthWestBlock"  # Generated from value "LargeNorthWestBlock" located at cell 'Data'!D2.,
         hasLocationDescription "Large North-West Block"  # Generated from value "Large North-West Block" located at cell 'Data'!E2.,
         hasLatitude 28.16  # Generated from value "28.16" located at cell 'Data'!F2.,
         hasLongitude -25.885  # Generated from value "-25.885" located at cell 'Data'!G2.,
         hasMaxLat 28.1617  # Generated from value "28.1617" located at cell 'Data'!H2.,
         hasMaxLon -25.887  # Generated from value "-25.887" located at cell 'Data'!I2.,
         hasFarmSizeInHa 2.9  # Generated from value "2.9" located at cell 'Data'!J2.,
         isPartOfLocation "Farm001"  # Generated from value "Farm001" located at cell 'Data'!K2.
   Types: Location
   Annotations: rdfs:label "OpenFieldLocation001"
Individual: OpenFieldLocation001  # Generated from value "OpenFieldLocation001" located at cell 'Data'!A2.
   Facts: hasID "001_0001"  # Generated from value "001_0001" located at cell 'Data'!C2.,
         hasLocationName "LargeNorthWestBlock"  # Generated from value "LargeNorthWestBlock" located at cell 'Data'!D2.,
         hasLocationDescription "Large North-West Block"  # Generated from value "Large North-West Block" located at cell 'Data'!E2.,
         hasLatitude 28.16  # Generated from value "28.16" located at cell 'Data'!F2.,
         hasLongitude -25.885  # Generated from value "-25.885" located at cell 'Data'!G2.,
         hasMaxLat 28.1617  # Generated from value "28.1617" located at cell 'Data'!H2.,
         hasMaxLon -25.887  # Generated from value "-25.887" located at cell 'Data'!I2.,
         hasFarmSizeInHa 2.9  # Generated from value "2.9" located at cell 'Data'!J2.,
         isPartOfLocation "Farm001"  # Generated from value "Farm001" located at cell 'Data'!K2.
   Types: Location
   Annotations: rdfs:label "OpenFieldLocation001"
Individual: OpenFieldLocation001  # Generated from value "OpenFieldLocation001" located at cell 'Data'!A2.
   Facts: hasID "001_0001"  # Generated from value "001_0001" located at cell 'Data'!C2.,
         hasLocationName "LargeNorthWestBlock"  # Generated from value "LargeNorthWestBlock" located at cell 'Data'!D2.,
         hasLocationDescription "Large North-West Block"  # Generated from value "Large North-West Block" located at cell 'Data'!E2.,
         hasLatitude 28.16  # Generated from value "28.16" located at cell 'Data'!F2.,
         hasLongitude -25.885  # Generated from value "-25.885" located at cell 'Data'!G2.,
         hasMaxLat 28.1617  # Generated from value "28.1617" located at cell 'Data'!H2.,
         hasMaxLon -25.887  # Generated from value "-25.887" located at cell 'Data'!I2.,
         hasFarmSizeInHa 2.9  # Generated from value "2.9" located at cell 'Data'!J2.,
         isPartOfLocation "Farm001"  # Generated from value "Farm001" located at cell 'Data'!K2.
   Types: Location
   Annotations: rdfs:label "OpenFieldLocation001"
Individual: OpenFieldLocation001  # Generated from value "OpenFieldLocation001" located at cell 'Data'!A2.
   Facts: hasID "001_0001"  # Generated from value "001_0001" located at cell 'Data'!C2.,
         hasLocationName "LargeNorthWestBlock"  # Generated from value "LargeNorthWestBlock" located at cell 'Data'!D2.,
         hasLocationDescription "Large North-West Block"  # Generated from value "Large North-West Block" located at cell 'Data'!E2.,
         hasLatitude 28.16  # Generated from value "28.16" located at cell 'Data'!F2.,
         hasLongitude -25.885  # Generated from value "-25.885" located at cell 'Data'!G2.,
         hasMaxLat 28.1617  # Generated from value "28.1617" located at cell 'Data'!H2.,
         hasMaxLon -25.887  # Generated from value "-25.887" located at cell 'Data'!I2.,
         hasFarmSizeInHa 2.9  # Generated from value "2.9" located at cell 'Data'!J2.,
         isPartOfLocation "Farm001"  # Generated from value "Farm001" located at cell 'Data'!K2.
   Types: Location
   Annotations: rdfs:label "OpenFieldLocation001"
Individual: OpenFieldLocation001  # Generated from value "OpenFieldLocation001" located at cell 'Data'!A2.
   Facts: hasID "001_0001"  # Generated from value "001_0001" located at cell 'Data'!C2.,
         hasLocationName "LargeNorthWestBlock"  # Generated from value "LargeNorthWestBlock" located at cell 'Data'!D2.,
         hasLocationDescription "Large North-West Block"  # Generated from value "Large North-West Block" located at cell 'Data'!E2.,
         hasLatitude 28.16  # Generated from value "28.16" located at cell 'Data'!F2.,
         hasLongitude -25.885  # Generated from value "-25.885" located at cell 'Data'!G2.,
         hasMaxLat 28.1617  # Generated from value "28.1617" located at cell 'Data'!H2.,
         hasMaxLon -25.887  # Generated from value "-25.887" located at cell 'Data'!I2.,
         hasFarmSizeInHa 2.9  # Generated from value "2.9" located at cell 'Data'!J2.,
         isPartOfLocation "Farm001"  # Generated from value "Farm001" located at cell 'Data'!K2.
   Types: Location
   Annotations: rdfs:label "OpenFieldLocation001"
Individual: OpenFieldLocation001  # Generated from value "OpenFieldLocation001" located at cell 'Data'!A2.
   Facts: hasID "001_0001"  # Generated from value "001_0001" located at cell 'Data'!C2.,
         hasLocationName "LargeNorthWestBlock"  # Generated from value "LargeNorthWestBlock" located at cell 'Data'!D2.,
         hasLocationDescription "Large North-West Block"  # Generated from value "Large North-West Block" located at cell 'Data'!E2.,
         hasLatitude 28.16  # Generated from value "28.16" located at cell 'Data'!F2.,
         hasLongitude -25.885  # Generated from value "-25.885" located at cell 'Data'!G2.,
         hasMaxLat 28.1617  # Generated from value "28.1617" located at cell 'Data'!H2.,
         hasMaxLon -25.887  # Generated from value "-25.887" located at cell 'Data'!I2.,
         hasFarmSizeInHa 2.9  # Generated from value "2.9" located at cell 'Data'!J2.,
         isPartOfLocation "Farm001"  # Generated from value "Farm001" located at cell 'Data'!K2.
   Types: Location
   Annotations: rdfs:label "OpenFieldLocation001"
Individual: OpenFieldLocation001  # Generated from value "OpenFieldLocation001" located at cell 'Data'!A2.
   Facts: hasID "001_0001"  # Generated from value "001_0001" located at cell 'Data'!C2.,
         hasLocationName "LargeNorthWestBlock"  # Generated from value "LargeNorthWestBlock" located at cell 'Data'!D2.,
         hasLocationDescription "Large North-West Block"  # Generated from value "Large North-West Block" located at cell 'Data'!E2.,
         hasLatitude 28.16  # Generated from value "28.16" located at cell 'Data'!F2.,
         hasLongitude -25.885  # Generated from value "-25.885" located at cell 'Data'!G2.,
         hasMaxLat 28.1617  # Generated from value "28.1617" located at cell 'Data'!H2.,
         hasMaxLon -25.887  # Generated from value "-25.887" located at cell 'Data'!I2.,
         hasFarmSizeInHa 2.9  # Generated from value "2.9" located at cell 'Data'!J2.,
         isPartOfLocation "Farm001"  # Generated from value "Farm001" located at cell 'Data'!K2.
   Types: Location
   Annotations: rdfs:label "OpenFieldLocation001"
Individual: OpenFieldLocation001  # Generated from value "OpenFieldLocation001" located at cell 'Data'!A2.
   Facts: hasID "001_0001"  # Generated from value "001_0001" located at cell 'Data'!C2.,
         hasLocationName "LargeNorthWestBlock"  # Generated from value "LargeNorthWestBlock" located at cell 'Data'!D2.,
         hasLocationDescription "Large North-West Block"  # Generated from value "Large North-West Block" located at cell 'Data'!E2.,
         hasLatitude 28.16  # Generated from value "28.16" located at cell 'Data'!F2.,
         hasLongitude -25.885  # Generated from value "-25.885" located at cell 'Data'!G2.,
         hasMaxLat 28.1617  # Generated from value "28.1617" located at cell 'Data'!H2.,
         hasMaxLon -25.887  # Generated from value "-25.887" located at cell 'Data'!I2.,
         hasFarmSizeInHa 2.9  # Generated from value "2.9" located at cell 'Data'!J2.,
         isPartOfLocation "Farm001"  # Generated from value "Farm001" located at cell 'Data'!K2.
   Types: Location
   Annotations: rdfs:label "OpenFieldLocation001"
Individual: OpenFieldLocation001  # Generated from value "OpenFieldLocation001" located at cell 'Data'!A2.
   Facts: hasID "001_0001"  # Generated from value "001_0001" located at cell 'Data'!C2.,
         hasLocationName "LargeNorthWestBlock"  # Generated from value "LargeNorthWestBlock" located at cell 'Data'!D2.,
         hasLocationDescription "Large North-West Block"  # Generated from value "Large North-West Block" located at cell 'Data'!E2.,
         hasLatitude 28.16  # Generated from value "28.16" located at cell 'Data'!F2.,
         hasLongitude -25.885  # Generated from value "-25.885" located at cell 'Data'!G2.,
         hasMaxLat 28.1617  # Generated from value "28.1617" located at cell 'Data'!H2.,
         hasMaxLon -25.887  # Generated from value "-25.887" located at cell 'Data'!I2.,
         hasFarmSizeInHa 2.9  # Generated from value "2.9" located at cell 'Data'!J2.,
         isPartOfLocation "Farm001"  # Generated from value "Farm001" located at cell 'Data'!K2.
   Types: Location
   Annotations: rdfs:label "OpenFieldLocation001"
Individual: OpenFieldLocation001  # Generated from value "OpenFieldLocation001" located at cell 'Data'!A2.
   Facts: hasID "001_0001"  # Generated from value "001_0001" located at cell 'Data'!C2.,
         hasLocationName "LargeNorthWestBlock"  # Generated from value "LargeNorthWestBlock" located at cell 'Data'!D2.,
         hasLocationDescription "Large North-West Block"  # Generated from value "Large North-West Block" located at cell 'Data'!E2.,
         hasLatitude 28.16  # Generated from value "28.16" located at cell 'Data'!F2.,
         hasLongitude -25.885  # Generated from value "-25.885" located at cell 'Data'!G2.,
         hasMaxLat 28.1617  # Generated from value "28.1617" located at cell 'Data'!H2.,
         hasMaxLon -25.887  # Generated from value "-25.887" located at cell 'Data'!I2.,
         hasFarmSizeInHa 2.9  # Generated from value "2.9" located at cell 'Data'!J2.,
         isPartOfLocation "Farm001"  # Generated from value "Farm001" located at cell 'Data'!K2.
   Types: Location
   Annotations: rdfs:label "OpenFieldLocation001"
Individual: OpenFieldLocation001  # Generated from value "OpenFieldLocation001" located at cell 'Data'!A2.
   Facts: hasID "001_0001"  # Generated from value "001_0001" located at cell 'Data'!C2.,
         hasLocationName "LargeNorthWestBlock"  # Generated from value "LargeNorthWestBlock" located at cell 'Data'!D2.,
         hasLocationDescription "Large North-West Block"  # Generated from value "Large North-West Block" located at cell 'Data'!E2.,
         hasLatitude 28.16  # Generated from value "28.16" located at cell 'Data'!F2.,
         hasLongitude -25.885  # Generated from value "-25.885" located at cell 'Data'!G2.,
         hasMaxLat 28.1617  # Generated from value "28.1617" located at cell 'Data'!H2.,
         hasMaxLon -25.887  # Generated from value "-25.887" located at cell 'Data'!I2.,
         hasFarmSizeInHa 2.9  # Generated from value "2.9" located at cell 'Data'!J2.,
         isPartOfLocation "Farm001"  # Generated from value "Farm001" located at cell 'Data'!K2.
   Types: Location
   Annotations: rdfs:label "OpenFieldLocation001"
Individual: OpenFieldLocation001  # Generated from value "OpenFieldLocation001" located at cell 'Data'!A2.
   Facts: hasID "001_0001"  # Generated from value "001_0001" located at cell 'Data'!C2.,
         hasLocationName "LargeNorthWestBlock"  # Generated from value "LargeNorthWestBlock" located at cell 'Data'!D2.,
         hasLocationDescription "Large North-West Block"  # Generated from value "Large North-West Block" located at cell 'Data'!E2.,
         hasLatitude 28.16  # Generated from value "28.16" located at cell 'Data'!F2.,
         hasLongitude -25.885  # Generated from value "-25.885" located at cell 'Data'!G2.,
         hasMaxLat 28.1617  # Generated from value "28.1617" located at cell 'Data'!H2.,
         hasMaxLon -25.887  # Generated from value "-25.887" located at cell 'Data'!I2.,
         hasFarmSizeInHa 2.9  # Generated from value "2.9" located at cell 'Data'!J2.,
         isPartOfLocation "Farm001"  # Generated from value "Farm001" located at cell 'Data'!K2.
   Types: Location
   Annotations: rdfs:label "OpenFieldLocation001"
Individual: OpenFieldLocation001  # Generated from value "OpenFieldLocation001" located at cell 'Data'!A2.
   Facts: hasID "001_0001"  # Generated from value "001_0001" located at cell 'Data'!C2.,
         hasLocationName "LargeNorthWestBlock"  # Generated from value "LargeNorthWestBlock" located at cell 'Data'!D2.,
         hasLocationDescription "Large North-West Block"  # Generated from value "Large North-West Block" located at cell 'Data'!E2.,
         hasLatitude 28.16  # Generated from value "28.16" located at cell 'Data'!F2.,
         hasLongitude -25.885  # Generated from value "-25.885" located at cell 'Data'!G2.,
         hasMaxLat 28.1617  # Generated from value "28.1617" located at cell 'Data'!H2.,
         hasMaxLon -25.887  # Generated from value "-25.887" located at cell 'Data'!I2.,
         hasFarmSizeInHa 2.9  # Generated from value "2.9" located at cell 'Data'!J2.,
         isPartOfLocation "Farm001"  # Generated from value "Farm001" located at cell 'Data'!K2.
   Types: Location
   Annotations: rdfs:label "OpenFieldLocation001"
Individual: OpenFieldLocation001  # Generated from value "OpenFieldLocation001" located at cell 'Data'!A2.
   Facts: hasID "001_0001"  # Generated from value "001_0001" located at cell 'Data'!C2.,
         hasLocationName "LargeNorthWestBlock"  # Generated from value "LargeNorthWestBlock" located at cell 'Data'!D2.,
         hasLocationDescription "Large North-West Block"  # Generated from value "Large North-West Block" located at cell 'Data'!E2.,
         hasLatitude 28.16  # Generated from value "28.16" located at cell 'Data'!F2.,
         hasLongitude -25.885  # Generated from value "-25.885" located at cell 'Data'!G2.,
         hasMaxLat 28.1617  # Generated from value "28.1617" located at cell 'Data'!H2.,
         hasMaxLon -25.887  # Generated from value "-25.887" located at cell 'Data'!I2.,
         hasFarmSizeInHa 2.9  # Generated from value "2.9" located at cell 'Data'!J2.,
         isPartOfLocation "Farm001"  # Generated from value "Farm001" located at cell 'Data'!K2.
   Types: Location
   Annotations: rdfs:label "OpenFieldLocation001"
Individual: OpenFieldLocation001  # Generated from value "OpenFieldLocation001" located at cell 'Data'!A2.
   Facts: hasID "001_0001"  # Generated from value "001_0001" located at cell 'Data'!C2.,
         hasLocationName "LargeNorthWestBlock"  # Generated from value "LargeNorthWestBlock" located at cell 'Data'!D2.,
         hasLocationDescription "Large North-West Block"  # Generated from value "Large North-West Block" located at cell 'Data'!E2.,
         hasLatitude 28.16  # Generated from value "28.16" located at cell 'Data'!F2.,
         hasLongitude -25.885  # Generated from value "-25.885" located at cell 'Data'!G2.,
         hasMaxLat 28.1617  # Generated from value "28.1617" located at cell 'Data'!H2.,
         hasMaxLon -25.887  # Generated from value "-25.887" located at cell 'Data'!I2.,
         hasFarmSizeInHa 2.9  # Generated from value "2.9" located at cell 'Data'!J2.,
         isPartOfLocation "Farm001"  # Generated from value "Farm001" located at cell 'Data'!K2.
   Types: Location
   Annotations: rdfs:label "OpenFieldLocation001"
Individual: OpenFieldLocation001  # Generated from value "OpenFieldLocation001" located at cell 'Data'!A2.
   Facts: hasID "001_0001"  # Generated from value "001_0001" located at cell 'Data'!C2.,
         hasLocationName "LargeNorthWestBlock"  # Generated from value "LargeNorthWestBlock" located at cell 'Data'!D2.,
         hasLocationDescription "Large North-West Block"  # Generated from value "Large North-West Block" located at cell 'Data'!E2.,
         hasLatitude 28.16  # Generated from value "28.16" located at cell 'Data'!F2.,
         hasLongitude -25.885  # Generated from value "-25.885" located at cell 'Data'!G2.,
         hasMaxLat 28.1617  # Generated from value "28.1617" located at cell 'Data'!H2.,
         hasMaxLon -25.887  # Generated from value "-25.887" located at cell 'Data'!I2.,
         hasFarmSizeInHa 2.9  # Generated from value "2.9" located at cell 'Data'!J2.,
         isPartOfLocation "Farm001"  # Generated from value "Farm001" located at cell 'Data'!K2.
   Types: Location
   Annotations: rdfs:label "OpenFieldLocation001"
Individual: OpenFieldLocation001  # Generated from value "OpenFieldLocation001" located at cell 'Data'!A2.
   Facts: hasID "001_0001"  # Generated from value "001_0001" located at cell 'Data'!C2.,
         hasLocationName "LargeNorthWestBlock"  # Generated from value "LargeNorthWestBlock" located at cell 'Data'!D2.,
         hasLocationDescription "Large North-West Block"  # Generated from value "Large North-West Block" located at cell 'Data'!E2.,
         hasLatitude 28.16  # Generated from value "28.16" located at cell 'Data'!F2.,
         hasLongitude -25.885  # Generated from value "-25.885" located at cell 'Data'!G2.,
         hasMaxLat 28.1617  # Generated from value "28.1617" located at cell 'Data'!H2.,
         hasMaxLon -25.887  # Generated from value "-25.887" located at cell 'Data'!I2.,
         hasFarmSizeInHa 2.9  # Generated from value "2.9" located at cell 'Data'!J2.,
         isPartOfLocation "Farm001"  # Generated from value "Farm001" located at cell 'Data'!K2.
   Types: Location
   Annotations: rdfs:label "OpenFieldLocation001"
Individual: OpenFieldLocation001  # Generated from value "OpenFieldLocation001" located at cell 'Data'!A2.
   Facts: hasID "001_0001"  # Generated from value "001_0001" located at cell 'Data'!C2.,
         hasLocationName "LargeNorthWestBlock"  # Generated from value "LargeNorthWestBlock" located at cell 'Data'!D2.,
         hasLocationDescription "Large North-West Block"  # Generated from value "Large North-West Block" located at cell 'Data'!E2.,
         hasLatitude 28.16  # Generated from value "28.16" located at cell 'Data'!F2.,
         hasLongitude -25.885  # Generated from value "-25.885" located at cell 'Data'!G2.,
         hasMaxLat 28.1617  # Generated from value "28.1617" located at cell 'Data'!H2.,
         hasMaxLon -25.887  # Generated from value "-25.887" located at cell 'Data'!I2.,
         hasFarmSizeInHa 2.9  # Generated from value "2.9" located at cell 'Data'!J2.,
         isPartOfLocation "Farm001"  # Generated from value "Farm001" located at cell 'Data'!K2.
   Types: Location
   Annotations: rdfs:label "OpenFieldLocation001"
Individual: OpenFieldLocation001  # Generated from value "OpenFieldLocation001" located at cell 'Data'!A2.
   Facts: hasID "001_0001"  # Generated from value "001_0001" located at cell 'Data'!C2.,
         hasLocationName "LargeNorthWestBlock"  # Generated from value "LargeNorthWestBlock" located at cell 'Data'!D2.,
         hasLocationDescription "Large North-West Block"  # Generated from value "Large North-West Block" located at cell 'Data'!E2.,
         hasLatitude 28.16  # Generated from value "28.16" located at cell 'Data'!F2.,
         hasLongitude -25.885  # Generated from value "-25.885" located at cell 'Data'!G2.,
         hasMaxLat 28.1617  # Generated from value "28.1617" located at cell 'Data'!H2.,
         hasMaxLon -25.887  # Generated from value "-25.887" located at cell 'Data'!I2.,
         hasFarmSizeInHa 2.9  # Generated from value "2.9" located at cell 'Data'!J2.,
         isPartOfLocation "Farm001"  # Generated from value "Farm001" located at cell 'Data'!K2.
   Types: Location
   Annotations: rdfs:label "OpenFieldLocation001"
Individual: OpenFieldLocation001  # Generated from value "OpenFieldLocation001" located at cell 'Data'!A2.
   Facts: hasID "001_0001"  # Generated from value "001_0001" located at cell 'Data'!C2.,
         hasLocationName "LargeNorthWestBlock"  # Generated from value "LargeNorthWestBlock" located at cell 'Data'!D2.,
         hasLocationDescription "Large North-West Block"  # Generated from value "Large North-West Block" located at cell 'Data'!E2.,
         hasLatitude 28.16  # Generated from value "28.16" located at cell 'Data'!F2.,
         hasLongitude -25.885  # Generated from value "-25.885" located at cell 'Data'!G2.,
         hasMaxLat 28.1617  # Generated from value "28.1617" located at cell 'Data'!H2.,
         hasMaxLon -25.887  # Generated from value "-25.887" located at cell 'Data'!I2.,
         hasFarmSizeInHa 2.9  # Generated from value "2.9" located at cell 'Data'!J2.,
         isPartOfLocation "Farm001"  # Generated from value "Farm001" located at cell 'Data'!K2.
   Types: Location
   Annotations: rdfs:label "OpenFieldLocation001"
Individual: OpenFieldLocation001  # Generated from value "OpenFieldLocation001" located at cell 'Data'!A2.
   Facts: hasID "001_0001"  # Generated from value "001_0001" located at cell 'Data'!C2.,
         hasLocationName "LargeNorthWestBlock"  # Generated from value "LargeNorthWestBlock" located at cell 'Data'!D2.,
         hasLocationDescription "Large North-West Block"  # Generated from value "Large North-West Block" located at cell 'Data'!E2.,
         hasLatitude 28.16  # Generated from value "28.16" located at cell 'Data'!F2.,
         hasLongitude -25.885  # Generated from value "-25.885" located at cell 'Data'!G2.,
         hasMaxLat 28.1617  # Generated from value "28.1617" located at cell 'Data'!H2.,
         hasMaxLon -25.887  # Generated from value "-25.887" located at cell 'Data'!I2.,
         hasFarmSizeInHa 2.9  # Generated from value "2.9" located at cell 'Data'!J2.,
         isPartOfLocation "Farm001"  # Generated from value "Farm001" located at cell 'Data'!K2.
   Types: Location
   Annotations: rdfs:label "OpenFieldLocation001"
Individual: OpenFieldLocation001  # Generated from value "OpenFieldLocation001" located at cell 'Data'!A2.
   Facts: hasID "001_0001"  # Generated from value "001_0001" located at cell 'Data'!C2.,
         hasLocationName "LargeNorthWestBlock"  # Generated from value "LargeNorthWestBlock" located at cell 'Data'!D2.,
         hasLocationDescription "Large North-West Block"  # Generated from value "Large North-West Block" located at cell 'Data'!E2.,
         hasLatitude 28.16  # Generated from value "28.16" located at cell 'Data'!F2.,
         hasLongitude -25.885  # Generated from value "-25.885" located at cell 'Data'!G2.,
         hasMaxLat 28.1617  # Generated from value "28.1617" located at cell 'Data'!H2.,
         hasMaxLon -25.887  # Generated from value "-25.887" located at cell 'Data'!I2.,
         hasFarmSizeInHa 2.9  # Generated from value "2.9" located at cell 'Data'!J2.,
         isPartOfLocation "Farm001"  # Generated from value "Farm001" located at cell 'Data'!K2.
   Types: Location
   Annotations: rdfs:label "OpenFieldLocation001"
Individual: OpenFieldLocation001  # Generated from value "OpenFieldLocation001" located at cell 'Data'!A2.
   Facts: hasID "001_0001"  # Generated from value "001_0001" located at cell 'Data'!C2.,
         hasLocationName "LargeNorthWestBlock"  # Generated from value "LargeNorthWestBlock" located at cell 'Data'!D2.,
         hasLocationDescription "Large North-West Block"  # Generated from value "Large North-West Block" located at cell 'Data'!E2.,
         hasLatitude 28.16  # Generated from value "28.16" located at cell 'Data'!F2.,
         hasLongitude -25.885  # Generated from value "-25.885" located at cell 'Data'!G2.,
         hasMaxLat 28.1617  # Generated from value "28.1617" located at cell 'Data'!H2.,
         hasMaxLon -25.887  # Generated from value "-25.887" located at cell 'Data'!I2.,
         hasFarmSizeInHa 2.9  # Generated from value "2.9" located at cell 'Data'!J2.,
         isPartOfLocation "Farm001"  # Generated from value "Farm001" located at cell 'Data'!K2.
   Types: Location
   Annotations: rdfs:label "OpenFieldLocation001"
Individual: OpenFieldLocation001  # Generated from value "OpenFieldLocation001" located at cell 'Data'!A2.
   Facts: hasID "001_0001"  # Generated from value "001_0001" located at cell 'Data'!C2.,
         hasLocationName "LargeNorthWestBlock"  # Generated from value "LargeNorthWestBlock" located at cell 'Data'!D2.,
         hasLocationDescription "Large North-West Block"  # Generated from value "Large North-West Block" located at cell 'Data'!E2.,
         hasLatitude 28.16  # Generated from value "28.16" located at cell 'Data'!F2.,
         hasLongitude -25.885  # Generated from value "-25.885" located at cell 'Data'!G2.,
         hasMaxLat 28.1617  # Generated from value "28.1617" located at cell 'Data'!H2.,
         hasMaxLon -25.887  # Generated from value "-25.887" located at cell 'Data'!I2.,
         hasFarmSizeInHa 2.9  # Generated from value "2.9" located at cell 'Data'!J2.,
         isPartOfLocation "Farm001"  # Generated from value "Farm001" located at cell 'Data'!K2.
   Types: Location
   Annotations: rdfs:label "OpenFieldLocation001"
Individual: OpenFieldLocation001  # Generated from value "OpenFieldLocation001" located at cell 'Data'!A2.
   Facts: hasID "001_0001"  # Generated from value "001_0001" located at cell 'Data'!C2.,
         hasLocationName "LargeNorthWestBlock"  # Generated from value "LargeNorthWestBlock" located at cell 'Data'!D2.,
         hasLocationDescription "Large North-West Block"  # Generated from value "Large North-West Block" located at cell 'Data'!E2.,
         hasLatitude 28.16  # Generated from value "28.16" located at cell 'Data'!F2.,
         hasLongitude -25.885  # Generated from value "-25.885" located at cell 'Data'!G2.,
         hasMaxLat 28.1617  # Generated from value "28.1617" located at cell 'Data'!H2.,
         hasMaxLon -25.887  # Generated from value "-25.887" located at cell 'Data'!I2.,
         hasFarmSizeInHa 2.9  # Generated from value "2.9" located at cell 'Data'!J2.,
         isPartOfLocation "Farm001"  # Generated from value "Farm001" located at cell 'Data'!K2.
   Types: Location
   Annotations: rdfs:label "OpenFieldLocation001"
Individual: OpenFieldLocation001  # Generated from value "OpenFieldLocation001" located at cell 'Data'!A2.
   Facts: hasID "001_0001"  # Generated from value "001_0001" located at cell 'Data'!C2.,
         hasLocationName "LargeNorthWestBlock"  # Generated from value "LargeNorthWestBlock" located at cell 'Data'!D2.,
         hasLocationDescription "Large North-West Block"  # Generated from value "Large North-West Block" located at cell 'Data'!E2.,
         hasLatitude 28.16  # Generated from value "28.16" located at cell 'Data'!F2.,
         hasLongitude -25.885  # Generated from value "-25.885" located at cell 'Data'!G2.,
         hasMaxLat 28.1617  # Generated from value "28.1617" located at cell 'Data'!H2.,
         hasMaxLon -25.887  # Generated from value "-25.887" located at cell 'Data'!I2.,
         hasFarmSizeInHa 2.9  # Generated from value "2.9" located at cell 'Data'!J2.,
         isPartOfLocation "Farm001"  # Generated from value "Farm001" located at cell 'Data'!K2.
   Types: Location
   Annotations: rdfs:label "OpenFieldLocation001"
Individual: OpenFieldLocation001  # Generated from value "OpenFieldLocation001" located at cell 'Data'!A2.
   Facts: hasID "001_0001"  # Generated from value "001_0001" located at cell 'Data'!C2.,
         hasLocationName "LargeNorthWestBlock"  # Generated from value "LargeNorthWestBlock" located at cell 'Data'!D2.,
         hasLocationDescription "Large North-West Block"  # Generated from value "Large North-West Block" located at cell 'Data'!E2.,
         hasLatitude 28.16  # Generated from value "28.16" located at cell 'Data'!F2.,
         hasLongitude -25.885  # Generated from value "-25.885" located at cell 'Data'!G2.,
         hasMaxLat 28.1617  # Generated from value "28.1617" located at cell 'Data'!H2.,
         hasMaxLon -25.887  # Generated from value "-25.887" located at cell 'Data'!I2.,
         hasFarmSizeInHa 2.9  # Generated from value "2.9" located at cell 'Data'!J2.,
         isPartOfLocation "Farm001"  # Generated from value "Farm001" located at cell 'Data'!K2.
   Types: Location
   Annotations: rdfs:label "OpenFieldLocation001"
Individual: OpenFieldLocation001  # Generated from value "OpenFieldLocation001" located at cell 'Data'!A2.
   Facts: hasID "001_0001"  # Generated from value "001_0001" located at cell 'Data'!C2.,
         hasLocationName "LargeNorthWestBlock"  # Generated from value "LargeNorthWestBlock" located at cell 'Data'!D2.,
         hasLocationDescription "Large North-West Block"  # Generated from value "Large North-West Block" located at cell 'Data'!E2.,
         hasLatitude 28.16  # Generated from value "28.16" located at cell 'Data'!F2.,
         hasLongitude -25.885  # Generated from value "-25.885" located at cell 'Data'!G2.,
         hasMaxLat 28.1617  # Generated from value "28.1617" located at cell 'Data'!H2.,
         hasMaxLon -25.887  # Generated from value "-25.887" located at cell 'Data'!I2.,
         hasFarmSizeInHa 2.9  # Generated from value "2.9" located at cell 'Data'!J2.,
         isPartOfLocation "Farm001"  # Generated from value "Farm001" located at cell 'Data'!K2.
   Types: Location
   Annotations: rdfs:label "OpenFieldLocation001"
Individual: OpenFieldLocation001  # Generated from value "OpenFieldLocation001" located at cell 'Data'!A2.
   Facts: hasID "001_0001"  # Generated from value "001_0001" located at cell 'Data'!C2.,
         hasLocationName "LargeNorthWestBlock"  # Generated from value "LargeNorthWestBlock" located at cell 'Data'!D2.,
         hasLocationDescription "Large North-West Block"  # Generated from value "Large North-West Block" located at cell 'Data'!E2.,
         hasLatitude 28.16  # Generated from value "28.16" located at cell 'Data'!F2.,
         hasLongitude -25.885  # Generated from value "-25.885" located at cell 'Data'!G2.,
         hasMaxLat 28.1617  # Generated from value "28.1617" located at cell 'Data'!H2.,
         hasMaxLon -25.887  # Generated from value "-25.887" located at cell 'Data'!I2.,
         hasFarmSizeInHa 2.9  # Generated from value "2.9" located at cell 'Data'!J2.,
         isPartOfLocation "Farm001"  # Generated from value "Farm001" located at cell 'Data'!K2.
   Types: Location
   Annotations: rdfs:label "OpenFieldLocation001"
Individual: OpenFieldLocation001  # Generated from value "OpenFieldLocation001" located at cell 'Data'!A2.
   Facts: hasID "001_0001"  # Generated from value "001_0001" located at cell 'Data'!C2.,
         hasLocationName "LargeNorthWestBlock"  # Generated from value "LargeNorthWestBlock" located at cell 'Data'!D2.,
         hasLocationDescription "Large North-West Block"  # Generated from value "Large North-West Block" located at cell 'Data'!E2.,
         hasLatitude 28.16  # Generated from value "28.16" located at cell 'Data'!F2.,
         hasLongitude -25.885  # Generated from value "-25.885" located at cell 'Data'!G2.,
         hasMaxLat 28.1617  # Generated from value "28.1617" located at cell 'Data'!H2.,
         hasMaxLon -25.887  # Generated from value "-25.887" located at cell 'Data'!I2.,
         hasFarmSizeInHa 2.9  # Generated from value "2.9" located at cell 'Data'!J2.,
         isPartOfLocation "Farm001"  # Generated from value "Farm001" located at cell 'Data'!K2.
   Types: Location
   Annotations: rdfs:label "OpenFieldLocation001"
Individual: OpenFieldLocation001  # Generated from value "OpenFieldLocation001" located at cell 'Data'!A2.
   Facts: hasID "001_0001"  # Generated from value "001_0001" located at cell 'Data'!C2.,
         hasLocationName "LargeNorthWestBlock"  # Generated from value "LargeNorthWestBlock" located at cell 'Data'!D2.,
         hasLocationDescription "Large North-West Block"  # Generated from value "Large North-West Block" located at cell 'Data'!E2.,
         hasLatitude 28.16  # Generated from value "28.16" located at cell 'Data'!F2.,
         hasLongitude -25.885  # Generated from value "-25.885" located at cell 'Data'!G2.,
         hasMaxLat 28.1617  # Generated from value "28.1617" located at cell 'Data'!H2.,
         hasMaxLon -25.887  # Generated from value "-25.887" located at cell 'Data'!I2.,
         hasFarmSizeInHa 2.9  # Generated from value "2.9" located at cell 'Data'!J2.,
         isPartOfLocation "Farm001"  # Generated from value "Farm001" located at cell 'Data'!K2.
   Types: Location
   Annotations: rdfs:label "OpenFieldLocation001"
Individual: OpenFieldLocation001  # Generated from value "OpenFieldLocation001" located at cell 'Data'!A2.
   Facts: hasID "001_0001"  # Generated from value "001_0001" located at cell 'Data'!C2.,
         hasLocationName "LargeNorthWestBlock"  # Generated from value "LargeNorthWestBlock" located at cell 'Data'!D2.,
         hasLocationDescription "Large North-West Block"  # Generated from value "Large North-West Block" located at cell 'Data'!E2.,
         hasLatitude 28.16  # Generated from value "28.16" located at cell 'Data'!F2.,
         hasLongitude -25.885  # Generated from value "-25.885" located at cell 'Data'!G2.,
         hasMaxLat 28.1617  # Generated from value "28.1617" located at cell 'Data'!H2.,
         hasMaxLon -25.887  # Generated from value "-25.887" located at cell 'Data'!I2.,
         hasFarmSizeInHa 2.9  # Generated from value "2.9" located at cell 'Data'!J2.,
         isPartOfLocation "Farm001"  # Generated from value "Farm001" located at cell 'Data'!K2.
   Types: Location
   Annotations: rdfs:label "OpenFieldLocation001"
Individual: OpenFieldLocation001  # Generated from value "OpenFieldLocation001" located at cell 'Data'!A2.
   Facts: hasID "001_0001"  # Generated from value "001_0001" located at cell 'Data'!C2.,
         hasLocationName "LargeNorthWestBlock"  # Generated from value "LargeNorthWestBlock" located at cell 'Data'!D2.,
         hasLocationDescription "Large North-West Block"  # Generated from value "Large North-West Block" located at cell 'Data'!E2.,
         hasLatitude 28.16  # Generated from value "28.16" located at cell 'Data'!F2.,
         hasLongitude -25.885  # Generated from value "-25.885" located at cell 'Data'!G2.,
         hasMaxLat 28.1617  # Generated from value "28.1617" located at cell 'Data'!H2.,
         hasMaxLon -25.887  # Generated from value "-25.887" located at cell 'Data'!I2.,
         hasFarmSizeInHa 2.9  # Generated from value "2.9" located at cell 'Data'!J2.,
         isPartOfLocation "Farm001"  # Generated from value "Farm001" located at cell 'Data'!K2.
   Types: Location
   Annotations: rdfs:label "OpenFieldLocation001"
Individual: OpenFieldLocation001  # Generated from value "OpenFieldLocation001" located at cell 'Data'!A2.
   Facts: hasID "001_0001"  # Generated from value "001_0001" located at cell 'Data'!C2.,
         hasLocationName "LargeNorthWestBlock"  # Generated from value "LargeNorthWestBlock" located at cell 'Data'!D2.,
         hasLocationDescription "Large North-West Block"  # Generated from value "Large North-West Block" located at cell 'Data'!E2.,
         hasLatitude 28.16  # Generated from value "28.16" located at cell 'Data'!F2.,
         hasLongitude -25.885  # Generated from value "-25.885" located at cell 'Data'!G2.,
         hasMaxLat 28.1617  # Generated from value "28.1617" located at cell 'Data'!H2.,
         hasMaxLon -25.887  # Generated from value "-25.887" located at cell 'Data'!I2.,
         hasFarmSizeInHa 2.9  # Generated from value "2.9" located at cell 'Data'!J2.,
         isPartOfLocation "Farm001"  # Generated from value "Farm001" located at cell 'Data'!K2.
   Types: Location
   Annotations: rdfs:label "OpenFieldLocation001"
Individual: OpenFieldLocation001  # Generated from value "OpenFieldLocation001" located at cell 'Data'!A2.
   Facts: hasID "001_0001"  # Generated from value "001_0001" located at cell 'Data'!C2.,
         hasLocationName "LargeNorthWestBlock"  # Generated from value "LargeNorthWestBlock" located at cell 'Data'!D2.,
         hasLocationDescription "Large North-West Block"  # Generated from value "Large North-West Block" located at cell 'Data'!E2.,
         hasLatitude 28.16  # Generated from value "28.16" located at cell 'Data'!F2.,
         hasLongitude -25.885  # Generated from value "-25.885" located at cell 'Data'!G2.,
         hasMaxLat 28.1617  # Generated from value "28.1617" located at cell 'Data'!H2.,
         hasMaxLon -25.887  # Generated from value "-25.887" located at cell 'Data'!I2.,
         hasFarmSizeInHa 2.9  # Generated from value "2.9" located at cell 'Data'!J2.,
         isPartOfLocation "Farm001"  # Generated from value "Farm001" located at cell 'Data'!K2.
   Types: Location
   Annotations: rdfs:label "OpenFieldLocation001"
Individual: OpenFieldLocation001  # Generated from value "OpenFieldLocation001" located at cell 'Data'!A2.
   Facts: hasID "001_0001"  # Generated from value "001_0001" located at cell 'Data'!C2.,
         hasLocationName "LargeNorthWestBlock"  # Generated from value "LargeNorthWestBlock" located at cell 'Data'!D2.,
         hasLocationDescription "Large North-West Block"  # Generated from value "Large North-West Block" located at cell 'Data'!E2.,
         hasLatitude 28.16  # Generated from value "28.16" located at cell 'Data'!F2.,
         hasLongitude -25.885  # Generated from value "-25.885" located at cell 'Data'!G2.,
         hasMaxLat 28.1617  # Generated from value "28.1617" located at cell 'Data'!H2.,
         hasMaxLon -25.887  # Generated from value "-25.887" located at cell 'Data'!I2.,
         hasFarmSizeInHa 2.9  # Generated from value "2.9" located at cell 'Data'!J2.,
         isPartOfLocation "Farm001"  # Generated from value "Farm001" located at cell 'Data'!K2.
   Types: Location
   Annotations: rdfs:label "OpenFieldLocation001"
Individual: OpenFieldLocation001  # Generated from value "OpenFieldLocation001" located at cell 'Data'!A2.
   Facts: hasID "001_0001"  # Generated from value "001_0001" located at cell 'Data'!C2.,
         hasLocationName "LargeNorthWestBlock"  # Generated from value "LargeNorthWestBlock" located at cell 'Data'!D2.,
         hasLocationDescription "Large North-West Block"  # Generated from value "Large North-West Block" located at cell 'Data'!E2.,
         hasLatitude 28.16  # Generated from value "28.16" located at cell 'Data'!F2.,
         hasLongitude -25.885  # Generated from value "-25.885" located at cell 'Data'!G2.,
         hasMaxLat 28.1617  # Generated from value "28.1617" located at cell 'Data'!H2.,
         hasMaxLon -25.887  # Generated from value "-25.887" located at cell 'Data'!I2.,
         hasFarmSizeInHa 2.9  # Generated from value "2.9" located at cell 'Data'!J2.,
         isPartOfLocation "Farm001"  # Generated from value "Farm001" located at cell 'Data'!K2.
   Types: Location
   Annotations: rdfs:label "OpenFieldLocation001"

===========================================================================================================
Date: 2026-05-24 07:17:53
Ontology source: /C:/Users/s2024165/OneDrive%20-%20SARS/Personal/Personal/Masters%20in%20Computer%20Science/2023/TUT/Dissertation/Chapter%204%20-%20Design%20and%20implementation%20of%20LFTDO%20and%20Architecture/Ontology/209332175_LFTDO_V0.12.owl
Worksheet source: C:\Users\s2024165\OneDrive - SARS\Personal\Personal\Masters in Computer Science\2023\TUT\Dissertation\Chapter 7 - Artefacts Evaluations (Architecture and LFTDO)\Empirical Data\Master Data\2.Location_LoadData.xlsx
Transformation rules: C:\Users\s2024165\OneDrive - SARS\Personal\Personal\Masters in Computer Science\2023\TUT\Dissertation\Chapter 7 - Artefacts Evaluations (Architecture and LFTDO)\Empirical Data\Master Data\2.Location_LoadData_RULE_MAPPING.json

# Cell range: (Data!A1:K+) Comment: ""
# Individual: @A2 Annotations: rdfs:label @A2 Types: @B2  Facts: hasID @C2,hasLatitude @D2( xsd:decimal),hasLongitude @E2( xsd:decimal),
# hasMinLat @F2(xsd:decimal),hasMinLon @H2( xsd:decimal), hasMaxLat @I2( xsd:decimal),hasMaxLon @J2( xsd:decimal),hasFarmSizeInHa @K2( xsd:decimal)

Individual: Farm001  # Generated from value "Farm001" located at cell 'Data'!A2.
   Facts: hasID "001"  # Generated from value "001" located at cell 'Data'!C2.,
         hasLatitude Tshwane University of Technology Farm  # Generated from value "Tshwane University of Technology Farm" located at cell 'Data'!D2.,
         hasLongitude -25.89  # Generated from value "-25.89" located at cell 'Data'!E2.,
         hasMinLat 28.16  # Generated from value "28.16" located at cell 'Data'!F2.,
         hasMinLon 28.1635  # Generated from value "28.1635" located at cell 'Data'!H2.,
         hasMaxLat -25.887  # Generated from value "-25.887" located at cell 'Data'!I2.,
         hasMaxLon 28.16  # Generated from value "28.16" located at cell 'Data'!J2.,
         hasFarmSizeInHa 10  # Generated from value "10" located at cell 'Data'!K2.
   Types: Farm
   Annotations: rdfs:label "Farm001"
Individual: Farm001  # Generated from value "Farm001" located at cell 'Data'!A2.
   Facts: hasID "001"  # Generated from value "001" located at cell 'Data'!C2.,
         hasLatitude Tshwane University of Technology Farm  # Generated from value "Tshwane University of Technology Farm" located at cell 'Data'!D2.,
         hasLongitude -25.89  # Generated from value "-25.89" located at cell 'Data'!E2.,
         hasMinLat 28.16  # Generated from value "28.16" located at cell 'Data'!F2.,
         hasMinLon 28.1635  # Generated from value "28.1635" located at cell 'Data'!H2.,
         hasMaxLat -25.887  # Generated from value "-25.887" located at cell 'Data'!I2.,
         hasMaxLon 28.16  # Generated from value "28.16" located at cell 'Data'!J2.,
         hasFarmSizeInHa 10  # Generated from value "10" located at cell 'Data'!K2.
   Types: Farm
   Annotations: rdfs:label "Farm001"
Individual: Farm001  # Generated from value "Farm001" located at cell 'Data'!A2.
   Facts: hasID "001"  # Generated from value "001" located at cell 'Data'!C2.,
         hasLatitude Tshwane University of Technology Farm  # Generated from value "Tshwane University of Technology Farm" located at cell 'Data'!D2.,
         hasLongitude -25.89  # Generated from value "-25.89" located at cell 'Data'!E2.,
         hasMinLat 28.16  # Generated from value "28.16" located at cell 'Data'!F2.,
         hasMinLon 28.1635  # Generated from value "28.1635" located at cell 'Data'!H2.,
         hasMaxLat -25.887  # Generated from value "-25.887" located at cell 'Data'!I2.,
         hasMaxLon 28.16  # Generated from value "28.16" located at cell 'Data'!J2.,
         hasFarmSizeInHa 10  # Generated from value "10" located at cell 'Data'!K2.
   Types: Farm
   Annotations: rdfs:label "Farm001"
Individual: Farm001  # Generated from value "Farm001" located at cell 'Data'!A2.
   Facts: hasID "001"  # Generated from value "001" located at cell 'Data'!C2.,
         hasLatitude Tshwane University of Technology Farm  # Generated from value "Tshwane University of Technology Farm" located at cell 'Data'!D2.,
         hasLongitude -25.89  # Generated from value "-25.89" located at cell 'Data'!E2.,
         hasMinLat 28.16  # Generated from value "28.16" located at cell 'Data'!F2.,
         hasMinLon 28.1635  # Generated from value "28.1635" located at cell 'Data'!H2.,
         hasMaxLat -25.887  # Generated from value "-25.887" located at cell 'Data'!I2.,
         hasMaxLon 28.16  # Generated from value "28.16" located at cell 'Data'!J2.,
         hasFarmSizeInHa 10  # Generated from value "10" located at cell 'Data'!K2.
   Types: Farm
   Annotations: rdfs:label "Farm001"
Individual: Farm001  # Generated from value "Farm001" located at cell 'Data'!A2.
   Facts: hasID "001"  # Generated from value "001" located at cell 'Data'!C2.,
         hasLatitude Tshwane University of Technology Farm  # Generated from value "Tshwane University of Technology Farm" located at cell 'Data'!D2.,
         hasLongitude -25.89  # Generated from value "-25.89" located at cell 'Data'!E2.,
         hasMinLat 28.16  # Generated from value "28.16" located at cell 'Data'!F2.,
         hasMinLon 28.1635  # Generated from value "28.1635" located at cell 'Data'!H2.,
         hasMaxLat -25.887  # Generated from value "-25.887" located at cell 'Data'!I2.,
         hasMaxLon 28.16  # Generated from value "28.16" located at cell 'Data'!J2.,
         hasFarmSizeInHa 10  # Generated from value "10" located at cell 'Data'!K2.
   Types: Farm
   Annotations: rdfs:label "Farm001"
Individual: Farm001  # Generated from value "Farm001" located at cell 'Data'!A2.
   Facts: hasID "001"  # Generated from value "001" located at cell 'Data'!C2.,
         hasLatitude Tshwane University of Technology Farm  # Generated from value "Tshwane University of Technology Farm" located at cell 'Data'!D2.,
         hasLongitude -25.89  # Generated from value "-25.89" located at cell 'Data'!E2.,
         hasMinLat 28.16  # Generated from value "28.16" located at cell 'Data'!F2.,
         hasMinLon 28.1635  # Generated from value "28.1635" located at cell 'Data'!H2.,
         hasMaxLat -25.887  # Generated from value "-25.887" located at cell 'Data'!I2.,
         hasMaxLon 28.16  # Generated from value "28.16" located at cell 'Data'!J2.,
         hasFarmSizeInHa 10  # Generated from value "10" located at cell 'Data'!K2.
   Types: Farm
   Annotations: rdfs:label "Farm001"
Individual: Farm001  # Generated from value "Farm001" located at cell 'Data'!A2.
   Facts: hasID "001"  # Generated from value "001" located at cell 'Data'!C2.,
         hasLatitude Tshwane University of Technology Farm  # Generated from value "Tshwane University of Technology Farm" located at cell 'Data'!D2.,
         hasLongitude -25.89  # Generated from value "-25.89" located at cell 'Data'!E2.,
         hasMinLat 28.16  # Generated from value "28.16" located at cell 'Data'!F2.,
         hasMinLon 28.1635  # Generated from value "28.1635" located at cell 'Data'!H2.,
         hasMaxLat -25.887  # Generated from value "-25.887" located at cell 'Data'!I2.,
         hasMaxLon 28.16  # Generated from value "28.16" located at cell 'Data'!J2.,
         hasFarmSizeInHa 10  # Generated from value "10" located at cell 'Data'!K2.
   Types: Farm
   Annotations: rdfs:label "Farm001"
Individual: Farm001  # Generated from value "Farm001" located at cell 'Data'!A2.
   Facts: hasID "001"  # Generated from value "001" located at cell 'Data'!C2.,
         hasLatitude Tshwane University of Technology Farm  # Generated from value "Tshwane University of Technology Farm" located at cell 'Data'!D2.,
         hasLongitude -25.89  # Generated from value "-25.89" located at cell 'Data'!E2.,
         hasMinLat 28.16  # Generated from value "28.16" located at cell 'Data'!F2.,
         hasMinLon 28.1635  # Generated from value "28.1635" located at cell 'Data'!H2.,
         hasMaxLat -25.887  # Generated from value "-25.887" located at cell 'Data'!I2.,
         hasMaxLon 28.16  # Generated from value "28.16" located at cell 'Data'!J2.,
         hasFarmSizeInHa 10  # Generated from value "10" located at cell 'Data'!K2.
   Types: Farm
   Annotations: rdfs:label "Farm001"
Individual: Farm001  # Generated from value "Farm001" located at cell 'Data'!A2.
   Facts: hasID "001"  # Generated from value "001" located at cell 'Data'!C2.,
         hasLatitude Tshwane University of Technology Farm  # Generated from value "Tshwane University of Technology Farm" located at cell 'Data'!D2.,
         hasLongitude -25.89  # Generated from value "-25.89" located at cell 'Data'!E2.,
         hasMinLat 28.16  # Generated from value "28.16" located at cell 'Data'!F2.,
         hasMinLon 28.1635  # Generated from value "28.1635" located at cell 'Data'!H2.,
         hasMaxLat -25.887  # Generated from value "-25.887" located at cell 'Data'!I2.,
         hasMaxLon 28.16  # Generated from value "28.16" located at cell 'Data'!J2.,
         hasFarmSizeInHa 10  # Generated from value "10" located at cell 'Data'!K2.
   Types: Farm
   Annotations: rdfs:label "Farm001"
Individual: Farm001  # Generated from value "Farm001" located at cell 'Data'!A2.
   Facts: hasID "001"  # Generated from value "001" located at cell 'Data'!C2.,
         hasLatitude Tshwane University of Technology Farm  # Generated from value "Tshwane University of Technology Farm" located at cell 'Data'!D2.,
         hasLongitude -25.89  # Generated from value "-25.89" located at cell 'Data'!E2.,
         hasMinLat 28.16  # Generated from value "28.16" located at cell 'Data'!F2.,
         hasMinLon 28.1635  # Generated from value "28.1635" located at cell 'Data'!H2.,
         hasMaxLat -25.887  # Generated from value "-25.887" located at cell 'Data'!I2.,
         hasMaxLon 28.16  # Generated from value "28.16" located at cell 'Data'!J2.,
         hasFarmSizeInHa 10  # Generated from value "10" located at cell 'Data'!K2.
   Types: Farm
   Annotations: rdfs:label "Farm001"
Individual: Farm001  # Generated from value "Farm001" located at cell 'Data'!A2.
   Facts: hasID "001"  # Generated from value "001" located at cell 'Data'!C2.,
         hasLatitude Tshwane University of Technology Farm  # Generated from value "Tshwane University of Technology Farm" located at cell 'Data'!D2.,
         hasLongitude -25.89  # Generated from value "-25.89" located at cell 'Data'!E2.,
         hasMinLat 28.16  # Generated from value "28.16" located at cell 'Data'!F2.,
         hasMinLon 28.1635  # Generated from value "28.1635" located at cell 'Data'!H2.,
         hasMaxLat -25.887  # Generated from value "-25.887" located at cell 'Data'!I2.,
         hasMaxLon 28.16  # Generated from value "28.16" located at cell 'Data'!J2.,
         hasFarmSizeInHa 10  # Generated from value "10" located at cell 'Data'!K2.
   Types: Farm
   Annotations: rdfs:label "Farm001"
Individual: Farm001  # Generated from value "Farm001" located at cell 'Data'!A2.
   Facts: hasID "001"  # Generated from value "001" located at cell 'Data'!C2.,
         hasLatitude Tshwane University of Technology Farm  # Generated from value "Tshwane University of Technology Farm" located at cell 'Data'!D2.,
         hasLongitude -25.89  # Generated from value "-25.89" located at cell 'Data'!E2.,
         hasMinLat 28.16  # Generated from value "28.16" located at cell 'Data'!F2.,
         hasMinLon 28.1635  # Generated from value "28.1635" located at cell 'Data'!H2.,
         hasMaxLat -25.887  # Generated from value "-25.887" located at cell 'Data'!I2.,
         hasMaxLon 28.16  # Generated from value "28.16" located at cell 'Data'!J2.,
         hasFarmSizeInHa 10  # Generated from value "10" located at cell 'Data'!K2.
   Types: Farm
   Annotations: rdfs:label "Farm001"
Individual: Farm001  # Generated from value "Farm001" located at cell 'Data'!A2.
   Facts: hasID "001"  # Generated from value "001" located at cell 'Data'!C2.,
         hasLatitude Tshwane University of Technology Farm  # Generated from value "Tshwane University of Technology Farm" located at cell 'Data'!D2.,
         hasLongitude -25.89  # Generated from value "-25.89" located at cell 'Data'!E2.,
         hasMinLat 28.16  # Generated from value "28.16" located at cell 'Data'!F2.,
         hasMinLon 28.1635  # Generated from value "28.1635" located at cell 'Data'!H2.,
         hasMaxLat -25.887  # Generated from value "-25.887" located at cell 'Data'!I2.,
         hasMaxLon 28.16  # Generated from value "28.16" located at cell 'Data'!J2.,
         hasFarmSizeInHa 10  # Generated from value "10" located at cell 'Data'!K2.
   Types: Farm
   Annotations: rdfs:label "Farm001"
Individual: Farm001  # Generated from value "Farm001" located at cell 'Data'!A2.
   Facts: hasID "001"  # Generated from value "001" located at cell 'Data'!C2.,
         hasLatitude Tshwane University of Technology Farm  # Generated from value "Tshwane University of Technology Farm" located at cell 'Data'!D2.,
         hasLongitude -25.89  # Generated from value "-25.89" located at cell 'Data'!E2.,
         hasMinLat 28.16  # Generated from value "28.16" located at cell 'Data'!F2.,
         hasMinLon 28.1635  # Generated from value "28.1635" located at cell 'Data'!H2.,
         hasMaxLat -25.887  # Generated from value "-25.887" located at cell 'Data'!I2.,
         hasMaxLon 28.16  # Generated from value "28.16" located at cell 'Data'!J2.,
         hasFarmSizeInHa 10  # Generated from value "10" located at cell 'Data'!K2.
   Types: Farm
   Annotations: rdfs:label "Farm001"
Individual: Farm001  # Generated from value "Farm001" located at cell 'Data'!A2.
   Facts: hasID "001"  # Generated from value "001" located at cell 'Data'!C2.,
         hasLatitude Tshwane University of Technology Farm  # Generated from value "Tshwane University of Technology Farm" located at cell 'Data'!D2.,
         hasLongitude -25.89  # Generated from value "-25.89" located at cell 'Data'!E2.,
         hasMinLat 28.16  # Generated from value "28.16" located at cell 'Data'!F2.,
         hasMinLon 28.1635  # Generated from value "28.1635" located at cell 'Data'!H2.,
         hasMaxLat -25.887  # Generated from value "-25.887" located at cell 'Data'!I2.,
         hasMaxLon 28.16  # Generated from value "28.16" located at cell 'Data'!J2.,
         hasFarmSizeInHa 10  # Generated from value "10" located at cell 'Data'!K2.
   Types: Farm
   Annotations: rdfs:label "Farm001"
Individual: Farm001  # Generated from value "Farm001" located at cell 'Data'!A2.
   Facts: hasID "001"  # Generated from value "001" located at cell 'Data'!C2.,
         hasLatitude Tshwane University of Technology Farm  # Generated from value "Tshwane University of Technology Farm" located at cell 'Data'!D2.,
         hasLongitude -25.89  # Generated from value "-25.89" located at cell 'Data'!E2.,
         hasMinLat 28.16  # Generated from value "28.16" located at cell 'Data'!F2.,
         hasMinLon 28.1635  # Generated from value "28.1635" located at cell 'Data'!H2.,
         hasMaxLat -25.887  # Generated from value "-25.887" located at cell 'Data'!I2.,
         hasMaxLon 28.16  # Generated from value "28.16" located at cell 'Data'!J2.,
         hasFarmSizeInHa 10  # Generated from value "10" located at cell 'Data'!K2.
   Types: Farm
   Annotations: rdfs:label "Farm001"
Individual: Farm001  # Generated from value "Farm001" located at cell 'Data'!A2.
   Facts: hasID "001"  # Generated from value "001" located at cell 'Data'!C2.,
         hasLatitude Tshwane University of Technology Farm  # Generated from value "Tshwane University of Technology Farm" located at cell 'Data'!D2.,
         hasLongitude -25.89  # Generated from value "-25.89" located at cell 'Data'!E2.,
         hasMinLat 28.16  # Generated from value "28.16" located at cell 'Data'!F2.,
         hasMinLon 28.1635  # Generated from value "28.1635" located at cell 'Data'!H2.,
         hasMaxLat -25.887  # Generated from value "-25.887" located at cell 'Data'!I2.,
         hasMaxLon 28.16  # Generated from value "28.16" located at cell 'Data'!J2.,
         hasFarmSizeInHa 10  # Generated from value "10" located at cell 'Data'!K2.
   Types: Farm
   Annotations: rdfs:label "Farm001"
Individual: Farm001  # Generated from value "Farm001" located at cell 'Data'!A2.
   Facts: hasID "001"  # Generated from value "001" located at cell 'Data'!C2.,
         hasLatitude Tshwane University of Technology Farm  # Generated from value "Tshwane University of Technology Farm" located at cell 'Data'!D2.,
         hasLongitude -25.89  # Generated from value "-25.89" located at cell 'Data'!E2.,
         hasMinLat 28.16  # Generated from value "28.16" located at cell 'Data'!F2.,
         hasMinLon 28.1635  # Generated from value "28.1635" located at cell 'Data'!H2.,
         hasMaxLat -25.887  # Generated from value "-25.887" located at cell 'Data'!I2.,
         hasMaxLon 28.16  # Generated from value "28.16" located at cell 'Data'!J2.,
         hasFarmSizeInHa 10  # Generated from value "10" located at cell 'Data'!K2.
   Types: Farm
   Annotations: rdfs:label "Farm001"
Individual: Farm001  # Generated from value "Farm001" located at cell 'Data'!A2.
   Facts: hasID "001"  # Generated from value "001" located at cell 'Data'!C2.,
         hasLatitude Tshwane University of Technology Farm  # Generated from value "Tshwane University of Technology Farm" located at cell 'Data'!D2.,
         hasLongitude -25.89  # Generated from value "-25.89" located at cell 'Data'!E2.,
         hasMinLat 28.16  # Generated from value "28.16" located at cell 'Data'!F2.,
         hasMinLon 28.1635  # Generated from value "28.1635" located at cell 'Data'!H2.,
         hasMaxLat -25.887  # Generated from value "-25.887" located at cell 'Data'!I2.,
         hasMaxLon 28.16  # Generated from value "28.16" located at cell 'Data'!J2.,
         hasFarmSizeInHa 10  # Generated from value "10" located at cell 'Data'!K2.
   Types: Farm
   Annotations: rdfs:label "Farm001"
Individual: Farm001  # Generated from value "Farm001" located at cell 'Data'!A2.
   Facts: hasID "001"  # Generated from value "001" located at cell 'Data'!C2.,
         hasLatitude Tshwane University of Technology Farm  # Generated from value "Tshwane University of Technology Farm" located at cell 'Data'!D2.,
         hasLongitude -25.89  # Generated from value "-25.89" located at cell 'Data'!E2.,
         hasMinLat 28.16  # Generated from value "28.16" located at cell 'Data'!F2.,
         hasMinLon 28.1635  # Generated from value "28.1635" located at cell 'Data'!H2.,
         hasMaxLat -25.887  # Generated from value "-25.887" located at cell 'Data'!I2.,
         hasMaxLon 28.16  # Generated from value "28.16" located at cell 'Data'!J2.,
         hasFarmSizeInHa 10  # Generated from value "10" located at cell 'Data'!K2.
   Types: Farm
   Annotations: rdfs:label "Farm001"
Individual: Farm001  # Generated from value "Farm001" located at cell 'Data'!A2.
   Facts: hasID "001"  # Generated from value "001" located at cell 'Data'!C2.,
         hasLatitude Tshwane University of Technology Farm  # Generated from value "Tshwane University of Technology Farm" located at cell 'Data'!D2.,
         hasLongitude -25.89  # Generated from value "-25.89" located at cell 'Data'!E2.,
         hasMinLat 28.16  # Generated from value "28.16" located at cell 'Data'!F2.,
         hasMinLon 28.1635  # Generated from value "28.1635" located at cell 'Data'!H2.,
         hasMaxLat -25.887  # Generated from value "-25.887" located at cell 'Data'!I2.,
         hasMaxLon 28.16  # Generated from value "28.16" located at cell 'Data'!J2.,
         hasFarmSizeInHa 10  # Generated from value "10" located at cell 'Data'!K2.
   Types: Farm
   Annotations: rdfs:label "Farm001"
Individual: Farm001  # Generated from value "Farm001" located at cell 'Data'!A2.
   Facts: hasID "001"  # Generated from value "001" located at cell 'Data'!C2.,
         hasLatitude Tshwane University of Technology Farm  # Generated from value "Tshwane University of Technology Farm" located at cell 'Data'!D2.,
         hasLongitude -25.89  # Generated from value "-25.89" located at cell 'Data'!E2.,
         hasMinLat 28.16  # Generated from value "28.16" located at cell 'Data'!F2.,
         hasMinLon 28.1635  # Generated from value "28.1635" located at cell 'Data'!H2.,
         hasMaxLat -25.887  # Generated from value "-25.887" located at cell 'Data'!I2.,
         hasMaxLon 28.16  # Generated from value "28.16" located at cell 'Data'!J2.,
         hasFarmSizeInHa 10  # Generated from value "10" located at cell 'Data'!K2.
   Types: Farm
   Annotations: rdfs:label "Farm001"
Individual: Farm001  # Generated from value "Farm001" located at cell 'Data'!A2.
   Facts: hasID "001"  # Generated from value "001" located at cell 'Data'!C2.,
         hasLatitude Tshwane University of Technology Farm  # Generated from value "Tshwane University of Technology Farm" located at cell 'Data'!D2.,
         hasLongitude -25.89  # Generated from value "-25.89" located at cell 'Data'!E2.,
         hasMinLat 28.16  # Generated from value "28.16" located at cell 'Data'!F2.,
         hasMinLon 28.1635  # Generated from value "28.1635" located at cell 'Data'!H2.,
         hasMaxLat -25.887  # Generated from value "-25.887" located at cell 'Data'!I2.,
         hasMaxLon 28.16  # Generated from value "28.16" located at cell 'Data'!J2.,
         hasFarmSizeInHa 10  # Generated from value "10" located at cell 'Data'!K2.
   Types: Farm
   Annotations: rdfs:label "Farm001"
Individual: Farm001  # Generated from value "Farm001" located at cell 'Data'!A2.
   Facts: hasID "001"  # Generated from value "001" located at cell 'Data'!C2.,
         hasLatitude Tshwane University of Technology Farm  # Generated from value "Tshwane University of Technology Farm" located at cell 'Data'!D2.,
         hasLongitude -25.89  # Generated from value "-25.89" located at cell 'Data'!E2.,
         hasMinLat 28.16  # Generated from value "28.16" located at cell 'Data'!F2.,
         hasMinLon 28.1635  # Generated from value "28.1635" located at cell 'Data'!H2.,
         hasMaxLat -25.887  # Generated from value "-25.887" located at cell 'Data'!I2.,
         hasMaxLon 28.16  # Generated from value "28.16" located at cell 'Data'!J2.,
         hasFarmSizeInHa 10  # Generated from value "10" located at cell 'Data'!K2.
   Types: Farm
   Annotations: rdfs:label "Farm001"
Individual: Farm001  # Generated from value "Farm001" located at cell 'Data'!A2.
   Facts: hasID "001"  # Generated from value "001" located at cell 'Data'!C2.,
         hasLatitude Tshwane University of Technology Farm  # Generated from value "Tshwane University of Technology Farm" located at cell 'Data'!D2.,
         hasLongitude -25.89  # Generated from value "-25.89" located at cell 'Data'!E2.,
         hasMinLat 28.16  # Generated from value "28.16" located at cell 'Data'!F2.,
         hasMinLon 28.1635  # Generated from value "28.1635" located at cell 'Data'!H2.,
         hasMaxLat -25.887  # Generated from value "-25.887" located at cell 'Data'!I2.,
         hasMaxLon 28.16  # Generated from value "28.16" located at cell 'Data'!J2.,
         hasFarmSizeInHa 10  # Generated from value "10" located at cell 'Data'!K2.
   Types: Farm
   Annotations: rdfs:label "Farm001"
Individual: Farm001  # Generated from value "Farm001" located at cell 'Data'!A2.
   Facts: hasID "001"  # Generated from value "001" located at cell 'Data'!C2.,
         hasLatitude Tshwane University of Technology Farm  # Generated from value "Tshwane University of Technology Farm" located at cell 'Data'!D2.,
         hasLongitude -25.89  # Generated from value "-25.89" located at cell 'Data'!E2.,
         hasMinLat 28.16  # Generated from value "28.16" located at cell 'Data'!F2.,
         hasMinLon 28.1635  # Generated from value "28.1635" located at cell 'Data'!H2.,
         hasMaxLat -25.887  # Generated from value "-25.887" located at cell 'Data'!I2.,
         hasMaxLon 28.16  # Generated from value "28.16" located at cell 'Data'!J2.,
         hasFarmSizeInHa 10  # Generated from value "10" located at cell 'Data'!K2.
   Types: Farm
   Annotations: rdfs:label "Farm001"
Individual: Farm001  # Generated from value "Farm001" located at cell 'Data'!A2.
   Facts: hasID "001"  # Generated from value "001" located at cell 'Data'!C2.,
         hasLatitude Tshwane University of Technology Farm  # Generated from value "Tshwane University of Technology Farm" located at cell 'Data'!D2.,
         hasLongitude -25.89  # Generated from value "-25.89" located at cell 'Data'!E2.,
         hasMinLat 28.16  # Generated from value "28.16" located at cell 'Data'!F2.,
         hasMinLon 28.1635  # Generated from value "28.1635" located at cell 'Data'!H2.,
         hasMaxLat -25.887  # Generated from value "-25.887" located at cell 'Data'!I2.,
         hasMaxLon 28.16  # Generated from value "28.16" located at cell 'Data'!J2.,
         hasFarmSizeInHa 10  # Generated from value "10" located at cell 'Data'!K2.
   Types: Farm
   Annotations: rdfs:label "Farm001"
Individual: Farm001  # Generated from value "Farm001" located at cell 'Data'!A2.
   Facts: hasID "001"  # Generated from value "001" located at cell 'Data'!C2.,
         hasLatitude Tshwane University of Technology Farm  # Generated from value "Tshwane University of Technology Farm" located at cell 'Data'!D2.,
         hasLongitude -25.89  # Generated from value "-25.89" located at cell 'Data'!E2.,
         hasMinLat 28.16  # Generated from value "28.16" located at cell 'Data'!F2.,
         hasMinLon 28.1635  # Generated from value "28.1635" located at cell 'Data'!H2.,
         hasMaxLat -25.887  # Generated from value "-25.887" located at cell 'Data'!I2.,
         hasMaxLon 28.16  # Generated from value "28.16" located at cell 'Data'!J2.,
         hasFarmSizeInHa 10  # Generated from value "10" located at cell 'Data'!K2.
   Types: Farm
   Annotations: rdfs:label "Farm001"
Individual: Farm001  # Generated from value "Farm001" located at cell 'Data'!A2.
   Facts: hasID "001"  # Generated from value "001" located at cell 'Data'!C2.,
         hasLatitude Tshwane University of Technology Farm  # Generated from value "Tshwane University of Technology Farm" located at cell 'Data'!D2.,
         hasLongitude -25.89  # Generated from value "-25.89" located at cell 'Data'!E2.,
         hasMinLat 28.16  # Generated from value "28.16" located at cell 'Data'!F2.,
         hasMinLon 28.1635  # Generated from value "28.1635" located at cell 'Data'!H2.,
         hasMaxLat -25.887  # Generated from value "-25.887" located at cell 'Data'!I2.,
         hasMaxLon 28.16  # Generated from value "28.16" located at cell 'Data'!J2.,
         hasFarmSizeInHa 10  # Generated from value "10" located at cell 'Data'!K2.
   Types: Farm
   Annotations: rdfs:label "Farm001"
Individual: Farm001  # Generated from value "Farm001" located at cell 'Data'!A2.
   Facts: hasID "001"  # Generated from value "001" located at cell 'Data'!C2.,
         hasLatitude Tshwane University of Technology Farm  # Generated from value "Tshwane University of Technology Farm" located at cell 'Data'!D2.,
         hasLongitude -25.89  # Generated from value "-25.89" located at cell 'Data'!E2.,
         hasMinLat 28.16  # Generated from value "28.16" located at cell 'Data'!F2.,
         hasMinLon 28.1635  # Generated from value "28.1635" located at cell 'Data'!H2.,
         hasMaxLat -25.887  # Generated from value "-25.887" located at cell 'Data'!I2.,
         hasMaxLon 28.16  # Generated from value "28.16" located at cell 'Data'!J2.,
         hasFarmSizeInHa 10  # Generated from value "10" located at cell 'Data'!K2.
   Types: Farm
   Annotations: rdfs:label "Farm001"
Individual: Farm001  # Generated from value "Farm001" located at cell 'Data'!A2.
   Facts: hasID "001"  # Generated from value "001" located at cell 'Data'!C2.,
         hasLatitude Tshwane University of Technology Farm  # Generated from value "Tshwane University of Technology Farm" located at cell 'Data'!D2.,
         hasLongitude -25.89  # Generated from value "-25.89" located at cell 'Data'!E2.,
         hasMinLat 28.16  # Generated from value "28.16" located at cell 'Data'!F2.,
         hasMinLon 28.1635  # Generated from value "28.1635" located at cell 'Data'!H2.,
         hasMaxLat -25.887  # Generated from value "-25.887" located at cell 'Data'!I2.,
         hasMaxLon 28.16  # Generated from value "28.16" located at cell 'Data'!J2.,
         hasFarmSizeInHa 10  # Generated from value "10" located at cell 'Data'!K2.
   Types: Farm
   Annotations: rdfs:label "Farm001"
Individual: Farm001  # Generated from value "Farm001" located at cell 'Data'!A2.
   Facts: hasID "001"  # Generated from value "001" located at cell 'Data'!C2.,
         hasLatitude Tshwane University of Technology Farm  # Generated from value "Tshwane University of Technology Farm" located at cell 'Data'!D2.,
         hasLongitude -25.89  # Generated from value "-25.89" located at cell 'Data'!E2.,
         hasMinLat 28.16  # Generated from value "28.16" located at cell 'Data'!F2.,
         hasMinLon 28.1635  # Generated from value "28.1635" located at cell 'Data'!H2.,
         hasMaxLat -25.887  # Generated from value "-25.887" located at cell 'Data'!I2.,
         hasMaxLon 28.16  # Generated from value "28.16" located at cell 'Data'!J2.,
         hasFarmSizeInHa 10  # Generated from value "10" located at cell 'Data'!K2.
   Types: Farm
   Annotations: rdfs:label "Farm001"
Individual: Farm001  # Generated from value "Farm001" located at cell 'Data'!A2.
   Facts: hasID "001"  # Generated from value "001" located at cell 'Data'!C2.,
         hasLatitude Tshwane University of Technology Farm  # Generated from value "Tshwane University of Technology Farm" located at cell 'Data'!D2.,
         hasLongitude -25.89  # Generated from value "-25.89" located at cell 'Data'!E2.,
         hasMinLat 28.16  # Generated from value "28.16" located at cell 'Data'!F2.,
         hasMinLon 28.1635  # Generated from value "28.1635" located at cell 'Data'!H2.,
         hasMaxLat -25.887  # Generated from value "-25.887" located at cell 'Data'!I2.,
         hasMaxLon 28.16  # Generated from value "28.16" located at cell 'Data'!J2.,
         hasFarmSizeInHa 10  # Generated from value "10" located at cell 'Data'!K2.
   Types: Farm
   Annotations: rdfs:label "Farm001"
Individual: Farm001  # Generated from value "Farm001" located at cell 'Data'!A2.
   Facts: hasID "001"  # Generated from value "001" located at cell 'Data'!C2.,
         hasLatitude Tshwane University of Technology Farm  # Generated from value "Tshwane University of Technology Farm" located at cell 'Data'!D2.,
         hasLongitude -25.89  # Generated from value "-25.89" located at cell 'Data'!E2.,
         hasMinLat 28.16  # Generated from value "28.16" located at cell 'Data'!F2.,
         hasMinLon 28.1635  # Generated from value "28.1635" located at cell 'Data'!H2.,
         hasMaxLat -25.887  # Generated from value "-25.887" located at cell 'Data'!I2.,
         hasMaxLon 28.16  # Generated from value "28.16" located at cell 'Data'!J2.,
         hasFarmSizeInHa 10  # Generated from value "10" located at cell 'Data'!K2.
   Types: Farm
   Annotations: rdfs:label "Farm001"
Individual: Farm001  # Generated from value "Farm001" located at cell 'Data'!A2.
   Facts: hasID "001"  # Generated from value "001" located at cell 'Data'!C2.,
         hasLatitude Tshwane University of Technology Farm  # Generated from value "Tshwane University of Technology Farm" located at cell 'Data'!D2.,
         hasLongitude -25.89  # Generated from value "-25.89" located at cell 'Data'!E2.,
         hasMinLat 28.16  # Generated from value "28.16" located at cell 'Data'!F2.,
         hasMinLon 28.1635  # Generated from value "28.1635" located at cell 'Data'!H2.,
         hasMaxLat -25.887  # Generated from value "-25.887" located at cell 'Data'!I2.,
         hasMaxLon 28.16  # Generated from value "28.16" located at cell 'Data'!J2.,
         hasFarmSizeInHa 10  # Generated from value "10" located at cell 'Data'!K2.
   Types: Farm
   Annotations: rdfs:label "Farm001"
Individual: Farm001  # Generated from value "Farm001" located at cell 'Data'!A2.
   Facts: hasID "001"  # Generated from value "001" located at cell 'Data'!C2.,
         hasLatitude Tshwane University of Technology Farm  # Generated from value "Tshwane University of Technology Farm" located at cell 'Data'!D2.,
         hasLongitude -25.89  # Generated from value "-25.89" located at cell 'Data'!E2.,
         hasMinLat 28.16  # Generated from value "28.16" located at cell 'Data'!F2.,
         hasMinLon 28.1635  # Generated from value "28.1635" located at cell 'Data'!H2.,
         hasMaxLat -25.887  # Generated from value "-25.887" located at cell 'Data'!I2.,
         hasMaxLon 28.16  # Generated from value "28.16" located at cell 'Data'!J2.,
         hasFarmSizeInHa 10  # Generated from value "10" located at cell 'Data'!K2.
   Types: Farm
   Annotations: rdfs:label "Farm001"
Individual: Farm001  # Generated from value "Farm001" located at cell 'Data'!A2.
   Facts: hasID "001"  # Generated from value "001" located at cell 'Data'!C2.,
         hasLatitude Tshwane University of Technology Farm  # Generated from value "Tshwane University of Technology Farm" located at cell 'Data'!D2.,
         hasLongitude -25.89  # Generated from value "-25.89" located at cell 'Data'!E2.,
         hasMinLat 28.16  # Generated from value "28.16" located at cell 'Data'!F2.,
         hasMinLon 28.1635  # Generated from value "28.1635" located at cell 'Data'!H2.,
         hasMaxLat -25.887  # Generated from value "-25.887" located at cell 'Data'!I2.,
         hasMaxLon 28.16  # Generated from value "28.16" located at cell 'Data'!J2.,
         hasFarmSizeInHa 10  # Generated from value "10" located at cell 'Data'!K2.
   Types: Farm
   Annotations: rdfs:label "Farm001"
Individual: Farm001  # Generated from value "Farm001" located at cell 'Data'!A2.
   Facts: hasID "001"  # Generated from value "001" located at cell 'Data'!C2.,
         hasLatitude Tshwane University of Technology Farm  # Generated from value "Tshwane University of Technology Farm" located at cell 'Data'!D2.,
         hasLongitude -25.89  # Generated from value "-25.89" located at cell 'Data'!E2.,
         hasMinLat 28.16  # Generated from value "28.16" located at cell 'Data'!F2.,
         hasMinLon 28.1635  # Generated from value "28.1635" located at cell 'Data'!H2.,
         hasMaxLat -25.887  # Generated from value "-25.887" located at cell 'Data'!I2.,
         hasMaxLon 28.16  # Generated from value "28.16" located at cell 'Data'!J2.,
         hasFarmSizeInHa 10  # Generated from value "10" located at cell 'Data'!K2.
   Types: Farm
   Annotations: rdfs:label "Farm001"
Individual: Farm001  # Generated from value "Farm001" located at cell 'Data'!A2.
   Facts: hasID "001"  # Generated from value "001" located at cell 'Data'!C2.,
         hasLatitude Tshwane University of Technology Farm  # Generated from value "Tshwane University of Technology Farm" located at cell 'Data'!D2.,
         hasLongitude -25.89  # Generated from value "-25.89" located at cell 'Data'!E2.,
         hasMinLat 28.16  # Generated from value "28.16" located at cell 'Data'!F2.,
         hasMinLon 28.1635  # Generated from value "28.1635" located at cell 'Data'!H2.,
         hasMaxLat -25.887  # Generated from value "-25.887" located at cell 'Data'!I2.,
         hasMaxLon 28.16  # Generated from value "28.16" located at cell 'Data'!J2.,
         hasFarmSizeInHa 10  # Generated from value "10" located at cell 'Data'!K2.
   Types: Farm
   Annotations: rdfs:label "Farm001"
Individual: Farm001  # Generated from value "Farm001" located at cell 'Data'!A2.
   Facts: hasID "001"  # Generated from value "001" located at cell 'Data'!C2.,
         hasLatitude Tshwane University of Technology Farm  # Generated from value "Tshwane University of Technology Farm" located at cell 'Data'!D2.,
         hasLongitude -25.89  # Generated from value "-25.89" located at cell 'Data'!E2.,
         hasMinLat 28.16  # Generated from value "28.16" located at cell 'Data'!F2.,
         hasMinLon 28.1635  # Generated from value "28.1635" located at cell 'Data'!H2.,
         hasMaxLat -25.887  # Generated from value "-25.887" located at cell 'Data'!I2.,
         hasMaxLon 28.16  # Generated from value "28.16" located at cell 'Data'!J2.,
         hasFarmSizeInHa 10  # Generated from value "10" located at cell 'Data'!K2.
   Types: Farm
   Annotations: rdfs:label "Farm001"
Individual: Farm001  # Generated from value "Farm001" located at cell 'Data'!A2.
   Facts: hasID "001"  # Generated from value "001" located at cell 'Data'!C2.,
         hasLatitude Tshwane University of Technology Farm  # Generated from value "Tshwane University of Technology Farm" located at cell 'Data'!D2.,
         hasLongitude -25.89  # Generated from value "-25.89" located at cell 'Data'!E2.,
         hasMinLat 28.16  # Generated from value "28.16" located at cell 'Data'!F2.,
         hasMinLon 28.1635  # Generated from value "28.1635" located at cell 'Data'!H2.,
         hasMaxLat -25.887  # Generated from value "-25.887" located at cell 'Data'!I2.,
         hasMaxLon 28.16  # Generated from value "28.16" located at cell 'Data'!J2.,
         hasFarmSizeInHa 10  # Generated from value "10" located at cell 'Data'!K2.
   Types: Farm
   Annotations: rdfs:label "Farm001"
Individual: Farm001  # Generated from value "Farm001" located at cell 'Data'!A2.
   Facts: hasID "001"  # Generated from value "001" located at cell 'Data'!C2.,
         hasLatitude Tshwane University of Technology Farm  # Generated from value "Tshwane University of Technology Farm" located at cell 'Data'!D2.,
         hasLongitude -25.89  # Generated from value "-25.89" located at cell 'Data'!E2.,
         hasMinLat 28.16  # Generated from value "28.16" located at cell 'Data'!F2.,
         hasMinLon 28.1635  # Generated from value "28.1635" located at cell 'Data'!H2.,
         hasMaxLat -25.887  # Generated from value "-25.887" located at cell 'Data'!I2.,
         hasMaxLon 28.16  # Generated from value "28.16" located at cell 'Data'!J2.,
         hasFarmSizeInHa 10  # Generated from value "10" located at cell 'Data'!K2.
   Types: Farm
   Annotations: rdfs:label "Farm001"
Individual: Farm001  # Generated from value "Farm001" located at cell 'Data'!A2.
   Facts: hasID "001"  # Generated from value "001" located at cell 'Data'!C2.,
         hasLatitude Tshwane University of Technology Farm  # Generated from value "Tshwane University of Technology Farm" located at cell 'Data'!D2.,
         hasLongitude -25.89  # Generated from value "-25.89" located at cell 'Data'!E2.,
         hasMinLat 28.16  # Generated from value "28.16" located at cell 'Data'!F2.,
         hasMinLon 28.1635  # Generated from value "28.1635" located at cell 'Data'!H2.,
         hasMaxLat -25.887  # Generated from value "-25.887" located at cell 'Data'!I2.,
         hasMaxLon 28.16  # Generated from value "28.16" located at cell 'Data'!J2.,
         hasFarmSizeInHa 10  # Generated from value "10" located at cell 'Data'!K2.
   Types: Farm
   Annotations: rdfs:label "Farm001"
Individual: Farm001  # Generated from value "Farm001" located at cell 'Data'!A2.
   Facts: hasID "001"  # Generated from value "001" located at cell 'Data'!C2.,
         hasLatitude Tshwane University of Technology Farm  # Generated from value "Tshwane University of Technology Farm" located at cell 'Data'!D2.,
         hasLongitude -25.89  # Generated from value "-25.89" located at cell 'Data'!E2.,
         hasMinLat 28.16  # Generated from value "28.16" located at cell 'Data'!F2.,
         hasMinLon 28.1635  # Generated from value "28.1635" located at cell 'Data'!H2.,
         hasMaxLat -25.887  # Generated from value "-25.887" located at cell 'Data'!I2.,
         hasMaxLon 28.16  # Generated from value "28.16" located at cell 'Data'!J2.,
         hasFarmSizeInHa 10  # Generated from value "10" located at cell 'Data'!K2.
   Types: Farm
   Annotations: rdfs:label "Farm001"

===========================================================================================================
Date: 2026-05-24 17:29:31
Ontology source: /C:/Users/s2024165/OneDrive%20-%20SARS/Personal/Personal/Masters%20in%20Computer%20Science/2023/TUT/Dissertation/Chapter%204%20-%20Design%20and%20implementation%20of%20LFTDO%20and%20Architecture/Ontology/209332175_LFTDO_V0.12.owl
Worksheet source: C:\Users\s2024165\OneDrive - SARS\Personal\Personal\Masters in Computer Science\2023\TUT\Dissertation\Chapter 7 - Artefacts Evaluations (Architecture and LFTDO)\Empirical Data\Master Data\4.Database_LoadData.xlsx
Transformation rules: C:\Users\s2024165\OneDrive - SARS\Personal\Personal\Masters in Computer Science\2023\TUT\Dissertation\Chapter 7 - Artefacts Evaluations (Architecture and LFTDO)\Empirical Data\Master Data\4.Database_loadData_RULE_MAPPING.json

# Cell range: (Data!A1:J+) Comment: ""
# Individual: @A2 Annotations: rdfs:label @A2 Types: @B2  Facts: hasDatabaseType @C2,hasLastBackup @D2( xsd:dateTime),
# hasEncryptionStandard @E2( xsd:string),hasDatabaseStorageCapacity @F2( xsd:string),isStoredOn @G2,hasDatabaseAccessControl @H2(xsd:boolean),
# hasDatabaseBackupAndRecovery @I2( xsd:boolean),hasDatabaseSchema @J2( xsd:string)

Individual: Database001  # Generated from value "Database001" located at cell 'Data'!A2.
   Facts: hasDatabaseType "Graph (TripleStore)"  # Generated from value "Graph (TripleStore)" located at cell 'Data'!C2.,
         hasLastBackup "2024-02-15T13:05:00"  # Generated from value "2024-02-15T13:05:00" located at cell 'Data'!D2.,
         hasEncryptionStandard "AES-256"  # Generated from value "AES-256" located at cell 'Data'!E2.,
         hasDatabaseStorageCapacity "100GB"  # Generated from value "100GB" located at cell 'Data'!F2.,
         isStoredOn "CloudeService001"  # Generated from value "CloudeService001" located at cell 'Data'!G2.,
         hasDatabaseAccessControl true  # Generated from value "true" located at cell 'Data'!H2.,
         hasDatabaseBackupAndRecovery true  # Generated from value "true" located at cell 'Data'!I2.
   Types: Database
   Annotations: rdfs:label "Database001"
Individual: Database001  # Generated from value "Database001" located at cell 'Data'!A2.
   Facts: hasDatabaseType "Graph (TripleStore)"  # Generated from value "Graph (TripleStore)" located at cell 'Data'!C2.,
         hasLastBackup "2024-02-15T13:05:00"  # Generated from value "2024-02-15T13:05:00" located at cell 'Data'!D2.,
         hasEncryptionStandard "AES-256"  # Generated from value "AES-256" located at cell 'Data'!E2.,
         hasDatabaseStorageCapacity "100GB"  # Generated from value "100GB" located at cell 'Data'!F2.,
         isStoredOn "CloudeService001"  # Generated from value "CloudeService001" located at cell 'Data'!G2.,
         hasDatabaseAccessControl true  # Generated from value "true" located at cell 'Data'!H2.,
         hasDatabaseBackupAndRecovery true  # Generated from value "true" located at cell 'Data'!I2.
   Types: Database
   Annotations: rdfs:label "Database001"
Individual: Database001  # Generated from value "Database001" located at cell 'Data'!A2.
   Facts: hasDatabaseType "Graph (TripleStore)"  # Generated from value "Graph (TripleStore)" located at cell 'Data'!C2.,
         hasLastBackup "2024-02-15T13:05:00"  # Generated from value "2024-02-15T13:05:00" located at cell 'Data'!D2.,
         hasEncryptionStandard "AES-256"  # Generated from value "AES-256" located at cell 'Data'!E2.,
         hasDatabaseStorageCapacity "100GB"  # Generated from value "100GB" located at cell 'Data'!F2.,
         isStoredOn "CloudeService001"  # Generated from value "CloudeService001" located at cell 'Data'!G2.,
         hasDatabaseAccessControl true  # Generated from value "true" located at cell 'Data'!H2.,
         hasDatabaseBackupAndRecovery true  # Generated from value "true" located at cell 'Data'!I2.
   Types: Database
   Annotations: rdfs:label "Database001"
Individual: Database001  # Generated from value "Database001" located at cell 'Data'!A2.
   Facts: hasDatabaseType "Graph (TripleStore)"  # Generated from value "Graph (TripleStore)" located at cell 'Data'!C2.,
         hasLastBackup "2024-02-15T13:05:00"  # Generated from value "2024-02-15T13:05:00" located at cell 'Data'!D2.,
         hasEncryptionStandard "AES-256"  # Generated from value "AES-256" located at cell 'Data'!E2.,
         hasDatabaseStorageCapacity "100GB"  # Generated from value "100GB" located at cell 'Data'!F2.,
         isStoredOn "CloudeService001"  # Generated from value "CloudeService001" located at cell 'Data'!G2.,
         hasDatabaseAccessControl true  # Generated from value "true" located at cell 'Data'!H2.,
         hasDatabaseBackupAndRecovery true  # Generated from value "true" located at cell 'Data'!I2.
   Types: Database
   Annotations: rdfs:label "Database001"
Individual: Database001  # Generated from value "Database001" located at cell 'Data'!A2.
   Facts: hasDatabaseType "Graph (TripleStore)"  # Generated from value "Graph (TripleStore)" located at cell 'Data'!C2.,
         hasLastBackup "2024-02-15T13:05:00"  # Generated from value "2024-02-15T13:05:00" located at cell 'Data'!D2.,
         hasEncryptionStandard "AES-256"  # Generated from value "AES-256" located at cell 'Data'!E2.,
         hasDatabaseStorageCapacity "100GB"  # Generated from value "100GB" located at cell 'Data'!F2.,
         isStoredOn "CloudeService001"  # Generated from value "CloudeService001" located at cell 'Data'!G2.,
         hasDatabaseAccessControl true  # Generated from value "true" located at cell 'Data'!H2.,
         hasDatabaseBackupAndRecovery true  # Generated from value "true" located at cell 'Data'!I2.
   Types: Database
   Annotations: rdfs:label "Database001"
Individual: Database001  # Generated from value "Database001" located at cell 'Data'!A2.
   Facts: hasDatabaseType "Graph (TripleStore)"  # Generated from value "Graph (TripleStore)" located at cell 'Data'!C2.,
         hasLastBackup "2024-02-15T13:05:00"  # Generated from value "2024-02-15T13:05:00" located at cell 'Data'!D2.,
         hasEncryptionStandard "AES-256"  # Generated from value "AES-256" located at cell 'Data'!E2.,
         hasDatabaseStorageCapacity "100GB"  # Generated from value "100GB" located at cell 'Data'!F2.,
         isStoredOn "CloudeService001"  # Generated from value "CloudeService001" located at cell 'Data'!G2.,
         hasDatabaseAccessControl true  # Generated from value "true" located at cell 'Data'!H2.,
         hasDatabaseBackupAndRecovery true  # Generated from value "true" located at cell 'Data'!I2.
   Types: Database
   Annotations: rdfs:label "Database001"
Individual: Database001  # Generated from value "Database001" located at cell 'Data'!A2.
   Facts: hasDatabaseType "Graph (TripleStore)"  # Generated from value "Graph (TripleStore)" located at cell 'Data'!C2.,
         hasLastBackup "2024-02-15T13:05:00"  # Generated from value "2024-02-15T13:05:00" located at cell 'Data'!D2.,
         hasEncryptionStandard "AES-256"  # Generated from value "AES-256" located at cell 'Data'!E2.,
         hasDatabaseStorageCapacity "100GB"  # Generated from value "100GB" located at cell 'Data'!F2.,
         isStoredOn "CloudeService001"  # Generated from value "CloudeService001" located at cell 'Data'!G2.,
         hasDatabaseAccessControl true  # Generated from value "true" located at cell 'Data'!H2.,
         hasDatabaseBackupAndRecovery true  # Generated from value "true" located at cell 'Data'!I2.
   Types: Database
   Annotations: rdfs:label "Database001"
Individual: Database001  # Generated from value "Database001" located at cell 'Data'!A2.
   Facts: hasDatabaseType "Graph (TripleStore)"  # Generated from value "Graph (TripleStore)" located at cell 'Data'!C2.,
         hasLastBackup "2024-02-15T13:05:00"  # Generated from value "2024-02-15T13:05:00" located at cell 'Data'!D2.,
         hasEncryptionStandard "AES-256"  # Generated from value "AES-256" located at cell 'Data'!E2.,
         hasDatabaseStorageCapacity "100GB"  # Generated from value "100GB" located at cell 'Data'!F2.,
         isStoredOn "CloudeService001"  # Generated from value "CloudeService001" located at cell 'Data'!G2.,
         hasDatabaseAccessControl true  # Generated from value "true" located at cell 'Data'!H2.,
         hasDatabaseBackupAndRecovery true  # Generated from value "true" located at cell 'Data'!I2.
   Types: Database
   Annotations: rdfs:label "Database001"
Individual: Database001  # Generated from value "Database001" located at cell 'Data'!A2.
   Facts: hasDatabaseType "Graph (TripleStore)"  # Generated from value "Graph (TripleStore)" located at cell 'Data'!C2.,
         hasLastBackup "2024-02-15T13:05:00"  # Generated from value "2024-02-15T13:05:00" located at cell 'Data'!D2.,
         hasEncryptionStandard "AES-256"  # Generated from value "AES-256" located at cell 'Data'!E2.,
         hasDatabaseStorageCapacity "100GB"  # Generated from value "100GB" located at cell 'Data'!F2.,
         isStoredOn "CloudeService001"  # Generated from value "CloudeService001" located at cell 'Data'!G2.,
         hasDatabaseAccessControl true  # Generated from value "true" located at cell 'Data'!H2.,
         hasDatabaseBackupAndRecovery true  # Generated from value "true" located at cell 'Data'!I2.
   Types: Database
   Annotations: rdfs:label "Database001"
Individual: Database001  # Generated from value "Database001" located at cell 'Data'!A2.
   Facts: hasDatabaseType "Graph (TripleStore)"  # Generated from value "Graph (TripleStore)" located at cell 'Data'!C2.,
         hasLastBackup "2024-02-15T13:05:00"  # Generated from value "2024-02-15T13:05:00" located at cell 'Data'!D2.,
         hasEncryptionStandard "AES-256"  # Generated from value "AES-256" located at cell 'Data'!E2.,
         hasDatabaseStorageCapacity "100GB"  # Generated from value "100GB" located at cell 'Data'!F2.,
         isStoredOn "CloudeService001"  # Generated from value "CloudeService001" located at cell 'Data'!G2.,
         hasDatabaseAccessControl true  # Generated from value "true" located at cell 'Data'!H2.,
         hasDatabaseBackupAndRecovery true  # Generated from value "true" located at cell 'Data'!I2.
   Types: Database
   Annotations: rdfs:label "Database001"
Individual: Database001  # Generated from value "Database001" located at cell 'Data'!A2.
   Facts: hasDatabaseType "Graph (TripleStore)"  # Generated from value "Graph (TripleStore)" located at cell 'Data'!C2.,
         hasLastBackup "2024-02-15T13:05:00"  # Generated from value "2024-02-15T13:05:00" located at cell 'Data'!D2.,
         hasEncryptionStandard "AES-256"  # Generated from value "AES-256" located at cell 'Data'!E2.,
         hasDatabaseStorageCapacity "100GB"  # Generated from value "100GB" located at cell 'Data'!F2.,
         isStoredOn "CloudeService001"  # Generated from value "CloudeService001" located at cell 'Data'!G2.,
         hasDatabaseAccessControl true  # Generated from value "true" located at cell 'Data'!H2.,
         hasDatabaseBackupAndRecovery true  # Generated from value "true" located at cell 'Data'!I2.
   Types: Database
   Annotations: rdfs:label "Database001"
Individual: Database001  # Generated from value "Database001" located at cell 'Data'!A2.
   Facts: hasDatabaseType "Graph (TripleStore)"  # Generated from value "Graph (TripleStore)" located at cell 'Data'!C2.,
         hasLastBackup "2024-02-15T13:05:00"  # Generated from value "2024-02-15T13:05:00" located at cell 'Data'!D2.,
         hasEncryptionStandard "AES-256"  # Generated from value "AES-256" located at cell 'Data'!E2.,
         hasDatabaseStorageCapacity "100GB"  # Generated from value "100GB" located at cell 'Data'!F2.,
         isStoredOn "CloudeService001"  # Generated from value "CloudeService001" located at cell 'Data'!G2.,
         hasDatabaseAccessControl true  # Generated from value "true" located at cell 'Data'!H2.,
         hasDatabaseBackupAndRecovery true  # Generated from value "true" located at cell 'Data'!I2.
   Types: Database
   Annotations: rdfs:label "Database001"
Individual: Database001  # Generated from value "Database001" located at cell 'Data'!A2.
   Facts: hasDatabaseType "Graph (TripleStore)"  # Generated from value "Graph (TripleStore)" located at cell 'Data'!C2.,
         hasLastBackup "2024-02-15T13:05:00"  # Generated from value "2024-02-15T13:05:00" located at cell 'Data'!D2.,
         hasEncryptionStandard "AES-256"  # Generated from value "AES-256" located at cell 'Data'!E2.,
         hasDatabaseStorageCapacity "100GB"  # Generated from value "100GB" located at cell 'Data'!F2.,
         isStoredOn "CloudeService001"  # Generated from value "CloudeService001" located at cell 'Data'!G2.,
         hasDatabaseAccessControl true  # Generated from value "true" located at cell 'Data'!H2.,
         hasDatabaseBackupAndRecovery true  # Generated from value "true" located at cell 'Data'!I2.
   Types: Database
   Annotations: rdfs:label "Database001"
Individual: Database001  # Generated from value "Database001" located at cell 'Data'!A2.
   Facts: hasDatabaseType "Graph (TripleStore)"  # Generated from value "Graph (TripleStore)" located at cell 'Data'!C2.,
         hasLastBackup "2024-02-15T13:05:00"  # Generated from value "2024-02-15T13:05:00" located at cell 'Data'!D2.,
         hasEncryptionStandard "AES-256"  # Generated from value "AES-256" located at cell 'Data'!E2.,
         hasDatabaseStorageCapacity "100GB"  # Generated from value "100GB" located at cell 'Data'!F2.,
         isStoredOn "CloudeService001"  # Generated from value "CloudeService001" located at cell 'Data'!G2.,
         hasDatabaseAccessControl true  # Generated from value "true" located at cell 'Data'!H2.,
         hasDatabaseBackupAndRecovery true  # Generated from value "true" located at cell 'Data'!I2.
   Types: Database
   Annotations: rdfs:label "Database001"
Individual: Database001  # Generated from value "Database001" located at cell 'Data'!A2.
   Facts: hasDatabaseType "Graph (TripleStore)"  # Generated from value "Graph (TripleStore)" located at cell 'Data'!C2.,
         hasLastBackup "2024-02-15T13:05:00"  # Generated from value "2024-02-15T13:05:00" located at cell 'Data'!D2.,
         hasEncryptionStandard "AES-256"  # Generated from value "AES-256" located at cell 'Data'!E2.,
         hasDatabaseStorageCapacity "100GB"  # Generated from value "100GB" located at cell 'Data'!F2.,
         isStoredOn "CloudeService001"  # Generated from value "CloudeService001" located at cell 'Data'!G2.,
         hasDatabaseAccessControl true  # Generated from value "true" located at cell 'Data'!H2.,
         hasDatabaseBackupAndRecovery true  # Generated from value "true" located at cell 'Data'!I2.
   Types: Database
   Annotations: rdfs:label "Database001"
Individual: Database001  # Generated from value "Database001" located at cell 'Data'!A2.
   Facts: hasDatabaseType "Graph (TripleStore)"  # Generated from value "Graph (TripleStore)" located at cell 'Data'!C2.,
         hasLastBackup "2024-02-15T13:05:00"  # Generated from value "2024-02-15T13:05:00" located at cell 'Data'!D2.,
         hasEncryptionStandard "AES-256"  # Generated from value "AES-256" located at cell 'Data'!E2.,
         hasDatabaseStorageCapacity "100GB"  # Generated from value "100GB" located at cell 'Data'!F2.,
         isStoredOn "CloudeService001"  # Generated from value "CloudeService001" located at cell 'Data'!G2.,
         hasDatabaseAccessControl true  # Generated from value "true" located at cell 'Data'!H2.,
         hasDatabaseBackupAndRecovery true  # Generated from value "true" located at cell 'Data'!I2.
   Types: Database
   Annotations: rdfs:label "Database001"
Individual: Database001  # Generated from value "Database001" located at cell 'Data'!A2.
   Facts: hasDatabaseType "Graph (TripleStore)"  # Generated from value "Graph (TripleStore)" located at cell 'Data'!C2.,
         hasLastBackup "2024-02-15T13:05:00"  # Generated from value "2024-02-15T13:05:00" located at cell 'Data'!D2.,
         hasEncryptionStandard "AES-256"  # Generated from value "AES-256" located at cell 'Data'!E2.,
         hasDatabaseStorageCapacity "100GB"  # Generated from value "100GB" located at cell 'Data'!F2.,
         isStoredOn "CloudeService001"  # Generated from value "CloudeService001" located at cell 'Data'!G2.,
         hasDatabaseAccessControl true  # Generated from value "true" located at cell 'Data'!H2.,
         hasDatabaseBackupAndRecovery true  # Generated from value "true" located at cell 'Data'!I2.
   Types: Database
   Annotations: rdfs:label "Database001"
Individual: Database001  # Generated from value "Database001" located at cell 'Data'!A2.
   Facts: hasDatabaseType "Graph (TripleStore)"  # Generated from value "Graph (TripleStore)" located at cell 'Data'!C2.,
         hasLastBackup "2024-02-15T13:05:00"  # Generated from value "2024-02-15T13:05:00" located at cell 'Data'!D2.,
         hasEncryptionStandard "AES-256"  # Generated from value "AES-256" located at cell 'Data'!E2.,
         hasDatabaseStorageCapacity "100GB"  # Generated from value "100GB" located at cell 'Data'!F2.,
         isStoredOn "CloudeService001"  # Generated from value "CloudeService001" located at cell 'Data'!G2.,
         hasDatabaseAccessControl true  # Generated from value "true" located at cell 'Data'!H2.,
         hasDatabaseBackupAndRecovery true  # Generated from value "true" located at cell 'Data'!I2.
   Types: Database
   Annotations: rdfs:label "Database001"
Individual: Database001  # Generated from value "Database001" located at cell 'Data'!A2.
   Facts: hasDatabaseType "Graph (TripleStore)"  # Generated from value "Graph (TripleStore)" located at cell 'Data'!C2.,
         hasLastBackup "2024-02-15T13:05:00"  # Generated from value "2024-02-15T13:05:00" located at cell 'Data'!D2.,
         hasEncryptionStandard "AES-256"  # Generated from value "AES-256" located at cell 'Data'!E2.,
         hasDatabaseStorageCapacity "100GB"  # Generated from value "100GB" located at cell 'Data'!F2.,
         isStoredOn "CloudeService001"  # Generated from value "CloudeService001" located at cell 'Data'!G2.,
         hasDatabaseAccessControl true  # Generated from value "true" located at cell 'Data'!H2.,
         hasDatabaseBackupAndRecovery true  # Generated from value "true" located at cell 'Data'!I2.
   Types: Database
   Annotations: rdfs:label "Database001"
Individual: Database001  # Generated from value "Database001" located at cell 'Data'!A2.
   Facts: hasDatabaseType "Graph (TripleStore)"  # Generated from value "Graph (TripleStore)" located at cell 'Data'!C2.,
         hasLastBackup "2024-02-15T13:05:00"  # Generated from value "2024-02-15T13:05:00" located at cell 'Data'!D2.,
         hasEncryptionStandard "AES-256"  # Generated from value "AES-256" located at cell 'Data'!E2.,
         hasDatabaseStorageCapacity "100GB"  # Generated from value "100GB" located at cell 'Data'!F2.,
         isStoredOn "CloudeService001"  # Generated from value "CloudeService001" located at cell 'Data'!G2.,
         hasDatabaseAccessControl true  # Generated from value "true" located at cell 'Data'!H2.,
         hasDatabaseBackupAndRecovery true  # Generated from value "true" located at cell 'Data'!I2.
   Types: Database
   Annotations: rdfs:label "Database001"
Individual: Database001  # Generated from value "Database001" located at cell 'Data'!A2.
   Facts: hasDatabaseType "Graph (TripleStore)"  # Generated from value "Graph (TripleStore)" located at cell 'Data'!C2.,
         hasLastBackup "2024-02-15T13:05:00"  # Generated from value "2024-02-15T13:05:00" located at cell 'Data'!D2.,
         hasEncryptionStandard "AES-256"  # Generated from value "AES-256" located at cell 'Data'!E2.,
         hasDatabaseStorageCapacity "100GB"  # Generated from value "100GB" located at cell 'Data'!F2.,
         isStoredOn "CloudeService001"  # Generated from value "CloudeService001" located at cell 'Data'!G2.,
         hasDatabaseAccessControl true  # Generated from value "true" located at cell 'Data'!H2.,
         hasDatabaseBackupAndRecovery true  # Generated from value "true" located at cell 'Data'!I2.
   Types: Database
   Annotations: rdfs:label "Database001"
Individual: Database001  # Generated from value "Database001" located at cell 'Data'!A2.
   Facts: hasDatabaseType "Graph (TripleStore)"  # Generated from value "Graph (TripleStore)" located at cell 'Data'!C2.,
         hasLastBackup "2024-02-15T13:05:00"  # Generated from value "2024-02-15T13:05:00" located at cell 'Data'!D2.,
         hasEncryptionStandard "AES-256"  # Generated from value "AES-256" located at cell 'Data'!E2.,
         hasDatabaseStorageCapacity "100GB"  # Generated from value "100GB" located at cell 'Data'!F2.,
         isStoredOn "CloudeService001"  # Generated from value "CloudeService001" located at cell 'Data'!G2.,
         hasDatabaseAccessControl true  # Generated from value "true" located at cell 'Data'!H2.,
         hasDatabaseBackupAndRecovery true  # Generated from value "true" located at cell 'Data'!I2.
   Types: Database
   Annotations: rdfs:label "Database001"
Individual: Database001  # Generated from value "Database001" located at cell 'Data'!A2.
   Facts: hasDatabaseType "Graph (TripleStore)"  # Generated from value "Graph (TripleStore)" located at cell 'Data'!C2.,
         hasLastBackup "2024-02-15T13:05:00"  # Generated from value "2024-02-15T13:05:00" located at cell 'Data'!D2.,
         hasEncryptionStandard "AES-256"  # Generated from value "AES-256" located at cell 'Data'!E2.,
         hasDatabaseStorageCapacity "100GB"  # Generated from value "100GB" located at cell 'Data'!F2.,
         isStoredOn "CloudeService001"  # Generated from value "CloudeService001" located at cell 'Data'!G2.,
         hasDatabaseAccessControl true  # Generated from value "true" located at cell 'Data'!H2.,
         hasDatabaseBackupAndRecovery true  # Generated from value "true" located at cell 'Data'!I2.
   Types: Database
   Annotations: rdfs:label "Database001"
Individual: Database001  # Generated from value "Database001" located at cell 'Data'!A2.
   Facts: hasDatabaseType "Graph (TripleStore)"  # Generated from value "Graph (TripleStore)" located at cell 'Data'!C2.,
         hasLastBackup "2024-02-15T13:05:00"  # Generated from value "2024-02-15T13:05:00" located at cell 'Data'!D2.,
         hasEncryptionStandard "AES-256"  # Generated from value "AES-256" located at cell 'Data'!E2.,
         hasDatabaseStorageCapacity "100GB"  # Generated from value "100GB" located at cell 'Data'!F2.,
         isStoredOn "CloudeService001"  # Generated from value "CloudeService001" located at cell 'Data'!G2.,
         hasDatabaseAccessControl true  # Generated from value "true" located at cell 'Data'!H2.,
         hasDatabaseBackupAndRecovery true  # Generated from value "true" located at cell 'Data'!I2.
   Types: Database
   Annotations: rdfs:label "Database001"
Individual: Database001  # Generated from value "Database001" located at cell 'Data'!A2.
   Facts: hasDatabaseType "Graph (TripleStore)"  # Generated from value "Graph (TripleStore)" located at cell 'Data'!C2.,
         hasLastBackup "2024-02-15T13:05:00"  # Generated from value "2024-02-15T13:05:00" located at cell 'Data'!D2.,
         hasEncryptionStandard "AES-256"  # Generated from value "AES-256" located at cell 'Data'!E2.,
         hasDatabaseStorageCapacity "100GB"  # Generated from value "100GB" located at cell 'Data'!F2.,
         isStoredOn "CloudeService001"  # Generated from value "CloudeService001" located at cell 'Data'!G2.,
         hasDatabaseAccessControl true  # Generated from value "true" located at cell 'Data'!H2.,
         hasDatabaseBackupAndRecovery true  # Generated from value "true" located at cell 'Data'!I2.
   Types: Database
   Annotations: rdfs:label "Database001"
Individual: Database001  # Generated from value "Database001" located at cell 'Data'!A2.
   Facts: hasDatabaseType "Graph (TripleStore)"  # Generated from value "Graph (TripleStore)" located at cell 'Data'!C2.,
         hasLastBackup "2024-02-15T13:05:00"  # Generated from value "2024-02-15T13:05:00" located at cell 'Data'!D2.,
         hasEncryptionStandard "AES-256"  # Generated from value "AES-256" located at cell 'Data'!E2.,
         hasDatabaseStorageCapacity "100GB"  # Generated from value "100GB" located at cell 'Data'!F2.,
         isStoredOn "CloudeService001"  # Generated from value "CloudeService001" located at cell 'Data'!G2.,
         hasDatabaseAccessControl true  # Generated from value "true" located at cell 'Data'!H2.,
         hasDatabaseBackupAndRecovery true  # Generated from value "true" located at cell 'Data'!I2.
   Types: Database
   Annotations: rdfs:label "Database001"
Individual: Database001  # Generated from value "Database001" located at cell 'Data'!A2.
   Facts: hasDatabaseType "Graph (TripleStore)"  # Generated from value "Graph (TripleStore)" located at cell 'Data'!C2.,
         hasLastBackup "2024-02-15T13:05:00"  # Generated from value "2024-02-15T13:05:00" located at cell 'Data'!D2.,
         hasEncryptionStandard "AES-256"  # Generated from value "AES-256" located at cell 'Data'!E2.,
         hasDatabaseStorageCapacity "100GB"  # Generated from value "100GB" located at cell 'Data'!F2.,
         isStoredOn "CloudeService001"  # Generated from value "CloudeService001" located at cell 'Data'!G2.,
         hasDatabaseAccessControl true  # Generated from value "true" located at cell 'Data'!H2.,
         hasDatabaseBackupAndRecovery true  # Generated from value "true" located at cell 'Data'!I2.
   Types: Database
   Annotations: rdfs:label "Database001"
Individual: Database001  # Generated from value "Database001" located at cell 'Data'!A2.
   Facts: hasDatabaseType "Graph (TripleStore)"  # Generated from value "Graph (TripleStore)" located at cell 'Data'!C2.,
         hasLastBackup "2024-02-15T13:05:00"  # Generated from value "2024-02-15T13:05:00" located at cell 'Data'!D2.,
         hasEncryptionStandard "AES-256"  # Generated from value "AES-256" located at cell 'Data'!E2.,
         hasDatabaseStorageCapacity "100GB"  # Generated from value "100GB" located at cell 'Data'!F2.,
         isStoredOn "CloudeService001"  # Generated from value "CloudeService001" located at cell 'Data'!G2.,
         hasDatabaseAccessControl true  # Generated from value "true" located at cell 'Data'!H2.,
         hasDatabaseBackupAndRecovery true  # Generated from value "true" located at cell 'Data'!I2.
   Types: Database
   Annotations: rdfs:label "Database001"
Individual: Database001  # Generated from value "Database001" located at cell 'Data'!A2.
   Facts: hasDatabaseType "Graph (TripleStore)"  # Generated from value "Graph (TripleStore)" located at cell 'Data'!C2.,
         hasLastBackup "2024-02-15T13:05:00"  # Generated from value "2024-02-15T13:05:00" located at cell 'Data'!D2.,
         hasEncryptionStandard "AES-256"  # Generated from value "AES-256" located at cell 'Data'!E2.,
         hasDatabaseStorageCapacity "100GB"  # Generated from value "100GB" located at cell 'Data'!F2.,
         isStoredOn "CloudeService001"  # Generated from value "CloudeService001" located at cell 'Data'!G2.,
         hasDatabaseAccessControl true  # Generated from value "true" located at cell 'Data'!H2.,
         hasDatabaseBackupAndRecovery true  # Generated from value "true" located at cell 'Data'!I2.
   Types: Database
   Annotations: rdfs:label "Database001"
Individual: Database001  # Generated from value "Database001" located at cell 'Data'!A2.
   Facts: hasDatabaseType "Graph (TripleStore)"  # Generated from value "Graph (TripleStore)" located at cell 'Data'!C2.,
         hasLastBackup "2024-02-15T13:05:00"  # Generated from value "2024-02-15T13:05:00" located at cell 'Data'!D2.,
         hasEncryptionStandard "AES-256"  # Generated from value "AES-256" located at cell 'Data'!E2.,
         hasDatabaseStorageCapacity "100GB"  # Generated from value "100GB" located at cell 'Data'!F2.,
         isStoredOn "CloudeService001"  # Generated from value "CloudeService001" located at cell 'Data'!G2.,
         hasDatabaseAccessControl true  # Generated from value "true" located at cell 'Data'!H2.,
         hasDatabaseBackupAndRecovery true  # Generated from value "true" located at cell 'Data'!I2.
   Types: Database
   Annotations: rdfs:label "Database001"

===========================================================================================================
Date: 2026-05-24 17:29:49
Ontology source: /C:/Users/s2024165/OneDrive%20-%20SARS/Personal/Personal/Masters%20in%20Computer%20Science/2023/TUT/Dissertation/Chapter%204%20-%20Design%20and%20implementation%20of%20LFTDO%20and%20Architecture/Ontology/209332175_LFTDO_V0.12.owl
Worksheet source: C:\Users\s2024165\OneDrive - SARS\Personal\Personal\Masters in Computer Science\2023\TUT\Dissertation\Chapter 7 - Artefacts Evaluations (Architecture and LFTDO)\Empirical Data\Master Data\4.Database_LoadData.xlsx
Transformation rules: C:\Users\s2024165\OneDrive - SARS\Personal\Personal\Masters in Computer Science\2023\TUT\Dissertation\Chapter 7 - Artefacts Evaluations (Architecture and LFTDO)\Empirical Data\Master Data\4.Database_loadData_RULE_MAPPING.json

# Cell range: (Data!A1:J+) Comment: ""
# Individual: @A2 Annotations: rdfs:label @A2 Types: @B2  Facts: hasDatabaseType @C2,hasLastBackup @D2( xsd:dateTime),
# hasEncryptionStandard @E2( xsd:string),hasDatabaseStorageCapacity @F2( xsd:string),isStoredOn @G2,hasDatabaseAccessControl @H2(xsd:boolean),
# hasDatabaseBackupAndRecovery @I2( xsd:boolean),hasDatabaseSchema @J2( xsd:string)

Individual: Database001  # Generated from value "Database001" located at cell 'Data'!A2.
   Facts: hasDatabaseType "Graph (TripleStore)"  # Generated from value "Graph (TripleStore)" located at cell 'Data'!C2.,
         hasLastBackup "2024-02-15T13:05:00"  # Generated from value "2024-02-15T13:05:00" located at cell 'Data'!D2.,
         hasEncryptionStandard "AES-256"  # Generated from value "AES-256" located at cell 'Data'!E2.,
         hasDatabaseStorageCapacity "100GB"  # Generated from value "100GB" located at cell 'Data'!F2.,
         isStoredOn "CloudeService001"  # Generated from value "CloudeService001" located at cell 'Data'!G2.,
         hasDatabaseAccessControl true  # Generated from value "true" located at cell 'Data'!H2.,
         hasDatabaseBackupAndRecovery true  # Generated from value "true" located at cell 'Data'!I2.
   Types: Database
   Annotations: rdfs:label "Database001"
Individual: Database001  # Generated from value "Database001" located at cell 'Data'!A2.
   Facts: hasDatabaseType "Graph (TripleStore)"  # Generated from value "Graph (TripleStore)" located at cell 'Data'!C2.,
         hasLastBackup "2024-02-15T13:05:00"  # Generated from value "2024-02-15T13:05:00" located at cell 'Data'!D2.,
         hasEncryptionStandard "AES-256"  # Generated from value "AES-256" located at cell 'Data'!E2.,
         hasDatabaseStorageCapacity "100GB"  # Generated from value "100GB" located at cell 'Data'!F2.,
         isStoredOn "CloudeService001"  # Generated from value "CloudeService001" located at cell 'Data'!G2.,
         hasDatabaseAccessControl true  # Generated from value "true" located at cell 'Data'!H2.,
         hasDatabaseBackupAndRecovery true  # Generated from value "true" located at cell 'Data'!I2.
   Types: Database
   Annotations: rdfs:label "Database001"
Individual: Database001  # Generated from value "Database001" located at cell 'Data'!A2.
   Facts: hasDatabaseType "Graph (TripleStore)"  # Generated from value "Graph (TripleStore)" located at cell 'Data'!C2.,
         hasLastBackup "2024-02-15T13:05:00"  # Generated from value "2024-02-15T13:05:00" located at cell 'Data'!D2.,
         hasEncryptionStandard "AES-256"  # Generated from value "AES-256" located at cell 'Data'!E2.,
         hasDatabaseStorageCapacity "100GB"  # Generated from value "100GB" located at cell 'Data'!F2.,
         isStoredOn "CloudeService001"  # Generated from value "CloudeService001" located at cell 'Data'!G2.,
         hasDatabaseAccessControl true  # Generated from value "true" located at cell 'Data'!H2.,
         hasDatabaseBackupAndRecovery true  # Generated from value "true" located at cell 'Data'!I2.
   Types: Database
   Annotations: rdfs:label "Database001"
Individual: Database001  # Generated from value "Database001" located at cell 'Data'!A2.
   Facts: hasDatabaseType "Graph (TripleStore)"  # Generated from value "Graph (TripleStore)" located at cell 'Data'!C2.,
         hasLastBackup "2024-02-15T13:05:00"  # Generated from value "2024-02-15T13:05:00" located at cell 'Data'!D2.,
         hasEncryptionStandard "AES-256"  # Generated from value "AES-256" located at cell 'Data'!E2.,
         hasDatabaseStorageCapacity "100GB"  # Generated from value "100GB" located at cell 'Data'!F2.,
         isStoredOn "CloudeService001"  # Generated from value "CloudeService001" located at cell 'Data'!G2.,
         hasDatabaseAccessControl true  # Generated from value "true" located at cell 'Data'!H2.,
         hasDatabaseBackupAndRecovery true  # Generated from value "true" located at cell 'Data'!I2.
   Types: Database
   Annotations: rdfs:label "Database001"
Individual: Database001  # Generated from value "Database001" located at cell 'Data'!A2.
   Facts: hasDatabaseType "Graph (TripleStore)"  # Generated from value "Graph (TripleStore)" located at cell 'Data'!C2.,
         hasLastBackup "2024-02-15T13:05:00"  # Generated from value "2024-02-15T13:05:00" located at cell 'Data'!D2.,
         hasEncryptionStandard "AES-256"  # Generated from value "AES-256" located at cell 'Data'!E2.,
         hasDatabaseStorageCapacity "100GB"  # Generated from value "100GB" located at cell 'Data'!F2.,
         isStoredOn "CloudeService001"  # Generated from value "CloudeService001" located at cell 'Data'!G2.,
         hasDatabaseAccessControl true  # Generated from value "true" located at cell 'Data'!H2.,
         hasDatabaseBackupAndRecovery true  # Generated from value "true" located at cell 'Data'!I2.
   Types: Database
   Annotations: rdfs:label "Database001"
Individual: Database001  # Generated from value "Database001" located at cell 'Data'!A2.
   Facts: hasDatabaseType "Graph (TripleStore)"  # Generated from value "Graph (TripleStore)" located at cell 'Data'!C2.,
         hasLastBackup "2024-02-15T13:05:00"  # Generated from value "2024-02-15T13:05:00" located at cell 'Data'!D2.,
         hasEncryptionStandard "AES-256"  # Generated from value "AES-256" located at cell 'Data'!E2.,
         hasDatabaseStorageCapacity "100GB"  # Generated from value "100GB" located at cell 'Data'!F2.,
         isStoredOn "CloudeService001"  # Generated from value "CloudeService001" located at cell 'Data'!G2.,
         hasDatabaseAccessControl true  # Generated from value "true" located at cell 'Data'!H2.,
         hasDatabaseBackupAndRecovery true  # Generated from value "true" located at cell 'Data'!I2.
   Types: Database
   Annotations: rdfs:label "Database001"
Individual: Database001  # Generated from value "Database001" located at cell 'Data'!A2.
   Facts: hasDatabaseType "Graph (TripleStore)"  # Generated from value "Graph (TripleStore)" located at cell 'Data'!C2.,
         hasLastBackup "2024-02-15T13:05:00"  # Generated from value "2024-02-15T13:05:00" located at cell 'Data'!D2.,
         hasEncryptionStandard "AES-256"  # Generated from value "AES-256" located at cell 'Data'!E2.,
         hasDatabaseStorageCapacity "100GB"  # Generated from value "100GB" located at cell 'Data'!F2.,
         isStoredOn "CloudeService001"  # Generated from value "CloudeService001" located at cell 'Data'!G2.,
         hasDatabaseAccessControl true  # Generated from value "true" located at cell 'Data'!H2.,
         hasDatabaseBackupAndRecovery true  # Generated from value "true" located at cell 'Data'!I2.
   Types: Database
   Annotations: rdfs:label "Database001"
Individual: Database001  # Generated from value "Database001" located at cell 'Data'!A2.
   Facts: hasDatabaseType "Graph (TripleStore)"  # Generated from value "Graph (TripleStore)" located at cell 'Data'!C2.,
         hasLastBackup "2024-02-15T13:05:00"  # Generated from value "2024-02-15T13:05:00" located at cell 'Data'!D2.,
         hasEncryptionStandard "AES-256"  # Generated from value "AES-256" located at cell 'Data'!E2.,
         hasDatabaseStorageCapacity "100GB"  # Generated from value "100GB" located at cell 'Data'!F2.,
         isStoredOn "CloudeService001"  # Generated from value "CloudeService001" located at cell 'Data'!G2.,
         hasDatabaseAccessControl true  # Generated from value "true" located at cell 'Data'!H2.,
         hasDatabaseBackupAndRecovery true  # Generated from value "true" located at cell 'Data'!I2.
   Types: Database
   Annotations: rdfs:label "Database001"
Individual: Database001  # Generated from value "Database001" located at cell 'Data'!A2.
   Facts: hasDatabaseType "Graph (TripleStore)"  # Generated from value "Graph (TripleStore)" located at cell 'Data'!C2.,
         hasLastBackup "2024-02-15T13:05:00"  # Generated from value "2024-02-15T13:05:00" located at cell 'Data'!D2.,
         hasEncryptionStandard "AES-256"  # Generated from value "AES-256" located at cell 'Data'!E2.,
         hasDatabaseStorageCapacity "100GB"  # Generated from value "100GB" located at cell 'Data'!F2.,
         isStoredOn "CloudeService001"  # Generated from value "CloudeService001" located at cell 'Data'!G2.,
         hasDatabaseAccessControl true  # Generated from value "true" located at cell 'Data'!H2.,
         hasDatabaseBackupAndRecovery true  # Generated from value "true" located at cell 'Data'!I2.
   Types: Database
   Annotations: rdfs:label "Database001"
Individual: Database001  # Generated from value "Database001" located at cell 'Data'!A2.
   Facts: hasDatabaseType "Graph (TripleStore)"  # Generated from value "Graph (TripleStore)" located at cell 'Data'!C2.,
         hasLastBackup "2024-02-15T13:05:00"  # Generated from value "2024-02-15T13:05:00" located at cell 'Data'!D2.,
         hasEncryptionStandard "AES-256"  # Generated from value "AES-256" located at cell 'Data'!E2.,
         hasDatabaseStorageCapacity "100GB"  # Generated from value "100GB" located at cell 'Data'!F2.,
         isStoredOn "CloudeService001"  # Generated from value "CloudeService001" located at cell 'Data'!G2.,
         hasDatabaseAccessControl true  # Generated from value "true" located at cell 'Data'!H2.,
         hasDatabaseBackupAndRecovery true  # Generated from value "true" located at cell 'Data'!I2.
   Types: Database
   Annotations: rdfs:label "Database001"
Individual: Database001  # Generated from value "Database001" located at cell 'Data'!A2.
   Facts: hasDatabaseType "Graph (TripleStore)"  # Generated from value "Graph (TripleStore)" located at cell 'Data'!C2.,
         hasLastBackup "2024-02-15T13:05:00"  # Generated from value "2024-02-15T13:05:00" located at cell 'Data'!D2.,
         hasEncryptionStandard "AES-256"  # Generated from value "AES-256" located at cell 'Data'!E2.,
         hasDatabaseStorageCapacity "100GB"  # Generated from value "100GB" located at cell 'Data'!F2.,
         isStoredOn "CloudeService001"  # Generated from value "CloudeService001" located at cell 'Data'!G2.,
         hasDatabaseAccessControl true  # Generated from value "true" located at cell 'Data'!H2.,
         hasDatabaseBackupAndRecovery true  # Generated from value "true" located at cell 'Data'!I2.
   Types: Database
   Annotations: rdfs:label "Database001"
Individual: Database001  # Generated from value "Database001" located at cell 'Data'!A2.
   Facts: hasDatabaseType "Graph (TripleStore)"  # Generated from value "Graph (TripleStore)" located at cell 'Data'!C2.,
         hasLastBackup "2024-02-15T13:05:00"  # Generated from value "2024-02-15T13:05:00" located at cell 'Data'!D2.,
         hasEncryptionStandard "AES-256"  # Generated from value "AES-256" located at cell 'Data'!E2.,
         hasDatabaseStorageCapacity "100GB"  # Generated from value "100GB" located at cell 'Data'!F2.,
         isStoredOn "CloudeService001"  # Generated from value "CloudeService001" located at cell 'Data'!G2.,
         hasDatabaseAccessControl true  # Generated from value "true" located at cell 'Data'!H2.,
         hasDatabaseBackupAndRecovery true  # Generated from value "true" located at cell 'Data'!I2.
   Types: Database
   Annotations: rdfs:label "Database001"
Individual: Database001  # Generated from value "Database001" located at cell 'Data'!A2.
   Facts: hasDatabaseType "Graph (TripleStore)"  # Generated from value "Graph (TripleStore)" located at cell 'Data'!C2.,
         hasLastBackup "2024-02-15T13:05:00"  # Generated from value "2024-02-15T13:05:00" located at cell 'Data'!D2.,
         hasEncryptionStandard "AES-256"  # Generated from value "AES-256" located at cell 'Data'!E2.,
         hasDatabaseStorageCapacity "100GB"  # Generated from value "100GB" located at cell 'Data'!F2.,
         isStoredOn "CloudeService001"  # Generated from value "CloudeService001" located at cell 'Data'!G2.,
         hasDatabaseAccessControl true  # Generated from value "true" located at cell 'Data'!H2.,
         hasDatabaseBackupAndRecovery true  # Generated from value "true" located at cell 'Data'!I2.
   Types: Database
   Annotations: rdfs:label "Database001"
Individual: Database001  # Generated from value "Database001" located at cell 'Data'!A2.
   Facts: hasDatabaseType "Graph (TripleStore)"  # Generated from value "Graph (TripleStore)" located at cell 'Data'!C2.,
         hasLastBackup "2024-02-15T13:05:00"  # Generated from value "2024-02-15T13:05:00" located at cell 'Data'!D2.,
         hasEncryptionStandard "AES-256"  # Generated from value "AES-256" located at cell 'Data'!E2.,
         hasDatabaseStorageCapacity "100GB"  # Generated from value "100GB" located at cell 'Data'!F2.,
         isStoredOn "CloudeService001"  # Generated from value "CloudeService001" located at cell 'Data'!G2.,
         hasDatabaseAccessControl true  # Generated from value "true" located at cell 'Data'!H2.,
         hasDatabaseBackupAndRecovery true  # Generated from value "true" located at cell 'Data'!I2.
   Types: Database
   Annotations: rdfs:label "Database001"
Individual: Database001  # Generated from value "Database001" located at cell 'Data'!A2.
   Facts: hasDatabaseType "Graph (TripleStore)"  # Generated from value "Graph (TripleStore)" located at cell 'Data'!C2.,
         hasLastBackup "2024-02-15T13:05:00"  # Generated from value "2024-02-15T13:05:00" located at cell 'Data'!D2.,
         hasEncryptionStandard "AES-256"  # Generated from value "AES-256" located at cell 'Data'!E2.,
         hasDatabaseStorageCapacity "100GB"  # Generated from value "100GB" located at cell 'Data'!F2.,
         isStoredOn "CloudeService001"  # Generated from value "CloudeService001" located at cell 'Data'!G2.,
         hasDatabaseAccessControl true  # Generated from value "true" located at cell 'Data'!H2.,
         hasDatabaseBackupAndRecovery true  # Generated from value "true" located at cell 'Data'!I2.
   Types: Database
   Annotations: rdfs:label "Database001"
Individual: Database001  # Generated from value "Database001" located at cell 'Data'!A2.
   Facts: hasDatabaseType "Graph (TripleStore)"  # Generated from value "Graph (TripleStore)" located at cell 'Data'!C2.,
         hasLastBackup "2024-02-15T13:05:00"  # Generated from value "2024-02-15T13:05:00" located at cell 'Data'!D2.,
         hasEncryptionStandard "AES-256"  # Generated from value "AES-256" located at cell 'Data'!E2.,
         hasDatabaseStorageCapacity "100GB"  # Generated from value "100GB" located at cell 'Data'!F2.,
         isStoredOn "CloudeService001"  # Generated from value "CloudeService001" located at cell 'Data'!G2.,
         hasDatabaseAccessControl true  # Generated from value "true" located at cell 'Data'!H2.,
         hasDatabaseBackupAndRecovery true  # Generated from value "true" located at cell 'Data'!I2.
   Types: Database
   Annotations: rdfs:label "Database001"
Individual: Database001  # Generated from value "Database001" located at cell 'Data'!A2.
   Facts: hasDatabaseType "Graph (TripleStore)"  # Generated from value "Graph (TripleStore)" located at cell 'Data'!C2.,
         hasLastBackup "2024-02-15T13:05:00"  # Generated from value "2024-02-15T13:05:00" located at cell 'Data'!D2.,
         hasEncryptionStandard "AES-256"  # Generated from value "AES-256" located at cell 'Data'!E2.,
         hasDatabaseStorageCapacity "100GB"  # Generated from value "100GB" located at cell 'Data'!F2.,
         isStoredOn "CloudeService001"  # Generated from value "CloudeService001" located at cell 'Data'!G2.,
         hasDatabaseAccessControl true  # Generated from value "true" located at cell 'Data'!H2.,
         hasDatabaseBackupAndRecovery true  # Generated from value "true" located at cell 'Data'!I2.
   Types: Database
   Annotations: rdfs:label "Database001"
Individual: Database001  # Generated from value "Database001" located at cell 'Data'!A2.
   Facts: hasDatabaseType "Graph (TripleStore)"  # Generated from value "Graph (TripleStore)" located at cell 'Data'!C2.,
         hasLastBackup "2024-02-15T13:05:00"  # Generated from value "2024-02-15T13:05:00" located at cell 'Data'!D2.,
         hasEncryptionStandard "AES-256"  # Generated from value "AES-256" located at cell 'Data'!E2.,
         hasDatabaseStorageCapacity "100GB"  # Generated from value "100GB" located at cell 'Data'!F2.,
         isStoredOn "CloudeService001"  # Generated from value "CloudeService001" located at cell 'Data'!G2.,
         hasDatabaseAccessControl true  # Generated from value "true" located at cell 'Data'!H2.,
         hasDatabaseBackupAndRecovery true  # Generated from value "true" located at cell 'Data'!I2.
   Types: Database
   Annotations: rdfs:label "Database001"
Individual: Database001  # Generated from value "Database001" located at cell 'Data'!A2.
   Facts: hasDatabaseType "Graph (TripleStore)"  # Generated from value "Graph (TripleStore)" located at cell 'Data'!C2.,
         hasLastBackup "2024-02-15T13:05:00"  # Generated from value "2024-02-15T13:05:00" located at cell 'Data'!D2.,
         hasEncryptionStandard "AES-256"  # Generated from value "AES-256" located at cell 'Data'!E2.,
         hasDatabaseStorageCapacity "100GB"  # Generated from value "100GB" located at cell 'Data'!F2.,
         isStoredOn "CloudeService001"  # Generated from value "CloudeService001" located at cell 'Data'!G2.,
         hasDatabaseAccessControl true  # Generated from value "true" located at cell 'Data'!H2.,
         hasDatabaseBackupAndRecovery true  # Generated from value "true" located at cell 'Data'!I2.
   Types: Database
   Annotations: rdfs:label "Database001"
Individual: Database001  # Generated from value "Database001" located at cell 'Data'!A2.
   Facts: hasDatabaseType "Graph (TripleStore)"  # Generated from value "Graph (TripleStore)" located at cell 'Data'!C2.,
         hasLastBackup "2024-02-15T13:05:00"  # Generated from value "2024-02-15T13:05:00" located at cell 'Data'!D2.,
         hasEncryptionStandard "AES-256"  # Generated from value "AES-256" located at cell 'Data'!E2.,
         hasDatabaseStorageCapacity "100GB"  # Generated from value "100GB" located at cell 'Data'!F2.,
         isStoredOn "CloudeService001"  # Generated from value "CloudeService001" located at cell 'Data'!G2.,
         hasDatabaseAccessControl true  # Generated from value "true" located at cell 'Data'!H2.,
         hasDatabaseBackupAndRecovery true  # Generated from value "true" located at cell 'Data'!I2.
   Types: Database
   Annotations: rdfs:label "Database001"
Individual: Database001  # Generated from value "Database001" located at cell 'Data'!A2.
   Facts: hasDatabaseType "Graph (TripleStore)"  # Generated from value "Graph (TripleStore)" located at cell 'Data'!C2.,
         hasLastBackup "2024-02-15T13:05:00"  # Generated from value "2024-02-15T13:05:00" located at cell 'Data'!D2.,
         hasEncryptionStandard "AES-256"  # Generated from value "AES-256" located at cell 'Data'!E2.,
         hasDatabaseStorageCapacity "100GB"  # Generated from value "100GB" located at cell 'Data'!F2.,
         isStoredOn "CloudeService001"  # Generated from value "CloudeService001" located at cell 'Data'!G2.,
         hasDatabaseAccessControl true  # Generated from value "true" located at cell 'Data'!H2.,
         hasDatabaseBackupAndRecovery true  # Generated from value "true" located at cell 'Data'!I2.
   Types: Database
   Annotations: rdfs:label "Database001"
Individual: Database001  # Generated from value "Database001" located at cell 'Data'!A2.
   Facts: hasDatabaseType "Graph (TripleStore)"  # Generated from value "Graph (TripleStore)" located at cell 'Data'!C2.,
         hasLastBackup "2024-02-15T13:05:00"  # Generated from value "2024-02-15T13:05:00" located at cell 'Data'!D2.,
         hasEncryptionStandard "AES-256"  # Generated from value "AES-256" located at cell 'Data'!E2.,
         hasDatabaseStorageCapacity "100GB"  # Generated from value "100GB" located at cell 'Data'!F2.,
         isStoredOn "CloudeService001"  # Generated from value "CloudeService001" located at cell 'Data'!G2.,
         hasDatabaseAccessControl true  # Generated from value "true" located at cell 'Data'!H2.,
         hasDatabaseBackupAndRecovery true  # Generated from value "true" located at cell 'Data'!I2.
   Types: Database
   Annotations: rdfs:label "Database001"
Individual: Database001  # Generated from value "Database001" located at cell 'Data'!A2.
   Facts: hasDatabaseType "Graph (TripleStore)"  # Generated from value "Graph (TripleStore)" located at cell 'Data'!C2.,
         hasLastBackup "2024-02-15T13:05:00"  # Generated from value "2024-02-15T13:05:00" located at cell 'Data'!D2.,
         hasEncryptionStandard "AES-256"  # Generated from value "AES-256" located at cell 'Data'!E2.,
         hasDatabaseStorageCapacity "100GB"  # Generated from value "100GB" located at cell 'Data'!F2.,
         isStoredOn "CloudeService001"  # Generated from value "CloudeService001" located at cell 'Data'!G2.,
         hasDatabaseAccessControl true  # Generated from value "true" located at cell 'Data'!H2.,
         hasDatabaseBackupAndRecovery true  # Generated from value "true" located at cell 'Data'!I2.
   Types: Database
   Annotations: rdfs:label "Database001"
Individual: Database001  # Generated from value "Database001" located at cell 'Data'!A2.
   Facts: hasDatabaseType "Graph (TripleStore)"  # Generated from value "Graph (TripleStore)" located at cell 'Data'!C2.,
         hasLastBackup "2024-02-15T13:05:00"  # Generated from value "2024-02-15T13:05:00" located at cell 'Data'!D2.,
         hasEncryptionStandard "AES-256"  # Generated from value "AES-256" located at cell 'Data'!E2.,
         hasDatabaseStorageCapacity "100GB"  # Generated from value "100GB" located at cell 'Data'!F2.,
         isStoredOn "CloudeService001"  # Generated from value "CloudeService001" located at cell 'Data'!G2.,
         hasDatabaseAccessControl true  # Generated from value "true" located at cell 'Data'!H2.,
         hasDatabaseBackupAndRecovery true  # Generated from value "true" located at cell 'Data'!I2.
   Types: Database
   Annotations: rdfs:label "Database001"
Individual: Database001  # Generated from value "Database001" located at cell 'Data'!A2.
   Facts: hasDatabaseType "Graph (TripleStore)"  # Generated from value "Graph (TripleStore)" located at cell 'Data'!C2.,
         hasLastBackup "2024-02-15T13:05:00"  # Generated from value "2024-02-15T13:05:00" located at cell 'Data'!D2.,
         hasEncryptionStandard "AES-256"  # Generated from value "AES-256" located at cell 'Data'!E2.,
         hasDatabaseStorageCapacity "100GB"  # Generated from value "100GB" located at cell 'Data'!F2.,
         isStoredOn "CloudeService001"  # Generated from value "CloudeService001" located at cell 'Data'!G2.,
         hasDatabaseAccessControl true  # Generated from value "true" located at cell 'Data'!H2.,
         hasDatabaseBackupAndRecovery true  # Generated from value "true" located at cell 'Data'!I2.
   Types: Database
   Annotations: rdfs:label "Database001"
Individual: Database001  # Generated from value "Database001" located at cell 'Data'!A2.
   Facts: hasDatabaseType "Graph (TripleStore)"  # Generated from value "Graph (TripleStore)" located at cell 'Data'!C2.,
         hasLastBackup "2024-02-15T13:05:00"  # Generated from value "2024-02-15T13:05:00" located at cell 'Data'!D2.,
         hasEncryptionStandard "AES-256"  # Generated from value "AES-256" located at cell 'Data'!E2.,
         hasDatabaseStorageCapacity "100GB"  # Generated from value "100GB" located at cell 'Data'!F2.,
         isStoredOn "CloudeService001"  # Generated from value "CloudeService001" located at cell 'Data'!G2.,
         hasDatabaseAccessControl true  # Generated from value "true" located at cell 'Data'!H2.,
         hasDatabaseBackupAndRecovery true  # Generated from value "true" located at cell 'Data'!I2.
   Types: Database
   Annotations: rdfs:label "Database001"
Individual: Database001  # Generated from value "Database001" located at cell 'Data'!A2.
   Facts: hasDatabaseType "Graph (TripleStore)"  # Generated from value "Graph (TripleStore)" located at cell 'Data'!C2.,
         hasLastBackup "2024-02-15T13:05:00"  # Generated from value "2024-02-15T13:05:00" located at cell 'Data'!D2.,
         hasEncryptionStandard "AES-256"  # Generated from value "AES-256" located at cell 'Data'!E2.,
         hasDatabaseStorageCapacity "100GB"  # Generated from value "100GB" located at cell 'Data'!F2.,
         isStoredOn "CloudeService001"  # Generated from value "CloudeService001" located at cell 'Data'!G2.,
         hasDatabaseAccessControl true  # Generated from value "true" located at cell 'Data'!H2.,
         hasDatabaseBackupAndRecovery true  # Generated from value "true" located at cell 'Data'!I2.
   Types: Database
   Annotations: rdfs:label "Database001"
Individual: Database001  # Generated from value "Database001" located at cell 'Data'!A2.
   Facts: hasDatabaseType "Graph (TripleStore)"  # Generated from value "Graph (TripleStore)" located at cell 'Data'!C2.,
         hasLastBackup "2024-02-15T13:05:00"  # Generated from value "2024-02-15T13:05:00" located at cell 'Data'!D2.,
         hasEncryptionStandard "AES-256"  # Generated from value "AES-256" located at cell 'Data'!E2.,
         hasDatabaseStorageCapacity "100GB"  # Generated from value "100GB" located at cell 'Data'!F2.,
         isStoredOn "CloudeService001"  # Generated from value "CloudeService001" located at cell 'Data'!G2.,
         hasDatabaseAccessControl true  # Generated from value "true" located at cell 'Data'!H2.,
         hasDatabaseBackupAndRecovery true  # Generated from value "true" located at cell 'Data'!I2.
   Types: Database
   Annotations: rdfs:label "Database001"
Individual: Database001  # Generated from value "Database001" located at cell 'Data'!A2.
   Facts: hasDatabaseType "Graph (TripleStore)"  # Generated from value "Graph (TripleStore)" located at cell 'Data'!C2.,
         hasLastBackup "2024-02-15T13:05:00"  # Generated from value "2024-02-15T13:05:00" located at cell 'Data'!D2.,
         hasEncryptionStandard "AES-256"  # Generated from value "AES-256" located at cell 'Data'!E2.,
         hasDatabaseStorageCapacity "100GB"  # Generated from value "100GB" located at cell 'Data'!F2.,
         isStoredOn "CloudeService001"  # Generated from value "CloudeService001" located at cell 'Data'!G2.,
         hasDatabaseAccessControl true  # Generated from value "true" located at cell 'Data'!H2.,
         hasDatabaseBackupAndRecovery true  # Generated from value "true" located at cell 'Data'!I2.
   Types: Database
   Annotations: rdfs:label "Database001"
Individual: Database001  # Generated from value "Database001" located at cell 'Data'!A2.
   Facts: hasDatabaseType "Graph (TripleStore)"  # Generated from value "Graph (TripleStore)" located at cell 'Data'!C2.,
         hasLastBackup "2024-02-15T13:05:00"  # Generated from value "2024-02-15T13:05:00" located at cell 'Data'!D2.,
         hasEncryptionStandard "AES-256"  # Generated from value "AES-256" located at cell 'Data'!E2.,
         hasDatabaseStorageCapacity "100GB"  # Generated from value "100GB" located at cell 'Data'!F2.,
         isStoredOn "CloudeService001"  # Generated from value "CloudeService001" located at cell 'Data'!G2.,
         hasDatabaseAccessControl true  # Generated from value "true" located at cell 'Data'!H2.,
         hasDatabaseBackupAndRecovery true  # Generated from value "true" located at cell 'Data'!I2.
   Types: Database
   Annotations: rdfs:label "Database001"

===========================================================================================================
Date: 2026-05-24 17:40:39
Ontology source: /C:/Users/s2024165/OneDrive%20-%20SARS/Personal/Personal/Masters%20in%20Computer%20Science/2023/TUT/Dissertation/Chapter%204%20-%20Design%20and%20implementation%20of%20LFTDO%20and%20Architecture/Ontology/209332175_LFTDO_V0.12.owl
Worksheet source: C:\Users\s2024165\OneDrive - SARS\Personal\Personal\Masters in Computer Science\2023\TUT\Dissertation\Chapter 7 - Artefacts Evaluations (Architecture and LFTDO)\Empirical Data\Master Data\8.CloudService_LoadData.xlsx
Transformation rules: C:\Users\s2024165\OneDrive - SARS\Personal\Personal\Masters in Computer Science\2023\TUT\Dissertation\Chapter 7 - Artefacts Evaluations (Architecture and LFTDO)\Empirical Data\Master Data\8.CloudService_LoadData_RULE_MAPPING.json

# Cell range: (Data!A2:A+) Comment: ""
# Individual: @A2 Annotations: rdfs:label @A2 Types: @B2 Facts: hasCloudServiceProvider @C2(xsd:string),hasCloudSecurityFeatures @D2(xsd:string), isCloudEncrypted @E2(xsd:boolean),hasUptimeGuarantee @F2 (xsd:decimal),hasCloudServiceCost @G2(xsd:decimal)

Individual: CloudService001  # Generated from value "CloudService001" located at cell 'Data'!A2.
   Facts: hasCloudServiceProvider "AmazonWebService"  # Generated from value "AmazonWebService" located at cell 'Data'!C2.,
         hasCloudSecurityFeatures "End-to-End Encryption"  # Generated from value "End-to-End Encryption" located at cell 'Data'!D2.,
         isCloudEncrypted true  # Generated from value "true" located at cell 'Data'!E2.,
         hasUptimeGuarantee 99.9  # Generated from value "99.9" located at cell 'Data'!F2.,
         hasCloudServiceCost 500  # Generated from value "500" located at cell 'Data'!G2.
   Types: CloudService
   Annotations: rdfs:label "CloudService001"

===========================================================================================================
Date: 2026-05-24 17:51:17
Ontology source: /C:/Users/s2024165/OneDrive%20-%20SARS/Personal/Personal/Masters%20in%20Computer%20Science/2023/TUT/Dissertation/Chapter%204%20-%20Design%20and%20implementation%20of%20LFTDO%20and%20Architecture/Ontology/209332175_LFTDO_V0.12.owl
Worksheet source: C:\Users\s2024165\OneDrive - SARS\Personal\Personal\Masters in Computer Science\2023\TUT\Dissertation\Chapter 7 - Artefacts Evaluations (Architecture and LFTDO)\Empirical Data\Master Data\9.DataTransmission_LoadData.xlsx
Transformation rules: C:\Users\s2024165\OneDrive - SARS\Personal\Personal\Masters in Computer Science\2023\TUT\Dissertation\Chapter 7 - Artefacts Evaluations (Architecture and LFTDO)\Empirical Data\Master Data\9.DataTransmission_LoadData_RULE_MAPPING.json

# Cell range: (Data!A2:D+) Comment: ""
# Individual: @A2 Annotations: rdfs:label @A2 Types: @B2 Facts: hasCloudService @C2(xsd:string)

Individual: DataTransmission001  # Generated from value "DataTransmission001" located at cell 'Data'!A2.
   Facts: hasCloudService "CloudService001"  # Generated from value "CloudService001" located at cell 'Data'!C2.
   Types: DataTransmission
   Annotations: rdfs:label "DataTransmission001"
Individual: DataTransmission001  # Generated from value "DataTransmission001" located at cell 'Data'!A2.
   Facts: hasCloudService "CloudService001"  # Generated from value "CloudService001" located at cell 'Data'!C2.
   Types: DataTransmission
   Annotations: rdfs:label "DataTransmission001"
Individual: DataTransmission001  # Generated from value "DataTransmission001" located at cell 'Data'!A2.
   Facts: hasCloudService "CloudService001"  # Generated from value "CloudService001" located at cell 'Data'!C2.
   Types: DataTransmission
   Annotations: rdfs:label "DataTransmission001"
Individual: DataTransmission001  # Generated from value "DataTransmission001" located at cell 'Data'!A2.
   Facts: hasCloudService "CloudService001"  # Generated from value "CloudService001" located at cell 'Data'!C2.
   Types: DataTransmission
   Annotations: rdfs:label "DataTransmission001"

===========================================================================================================
Date: 2026-05-24 17:51:27
Ontology source: /C:/Users/s2024165/OneDrive%20-%20SARS/Personal/Personal/Masters%20in%20Computer%20Science/2023/TUT/Dissertation/Chapter%204%20-%20Design%20and%20implementation%20of%20LFTDO%20and%20Architecture/Ontology/209332175_LFTDO_V0.12.owl
Worksheet source: C:\Users\s2024165\OneDrive - SARS\Personal\Personal\Masters in Computer Science\2023\TUT\Dissertation\Chapter 7 - Artefacts Evaluations (Architecture and LFTDO)\Empirical Data\Master Data\9.DataTransmission_LoadData.xlsx
Transformation rules: C:\Users\s2024165\OneDrive - SARS\Personal\Personal\Masters in Computer Science\2023\TUT\Dissertation\Chapter 7 - Artefacts Evaluations (Architecture and LFTDO)\Empirical Data\Master Data\9.DataTransmission_LoadData_RULE_MAPPING.json

# Cell range: (Data!A2:D+) Comment: ""
# Individual: @A2 Annotations: rdfs:label @A2 Types: @B2 Facts: hasCloudService @C2(xsd:string)

Individual: DataTransmission001  # Generated from value "DataTransmission001" located at cell 'Data'!A2.
   Facts: hasCloudService "CloudService001"  # Generated from value "CloudService001" located at cell 'Data'!C2.
   Types: DataTransmission
   Annotations: rdfs:label "DataTransmission001"
Individual: DataTransmission001  # Generated from value "DataTransmission001" located at cell 'Data'!A2.
   Facts: hasCloudService "CloudService001"  # Generated from value "CloudService001" located at cell 'Data'!C2.
   Types: DataTransmission
   Annotations: rdfs:label "DataTransmission001"
Individual: DataTransmission001  # Generated from value "DataTransmission001" located at cell 'Data'!A2.
   Facts: hasCloudService "CloudService001"  # Generated from value "CloudService001" located at cell 'Data'!C2.
   Types: DataTransmission
   Annotations: rdfs:label "DataTransmission001"
Individual: DataTransmission001  # Generated from value "DataTransmission001" located at cell 'Data'!A2.
   Facts: hasCloudService "CloudService001"  # Generated from value "CloudService001" located at cell 'Data'!C2.
   Types: DataTransmission
   Annotations: rdfs:label "DataTransmission001"

===========================================================================================================
Date: 2026-05-24 17:51:32
Ontology source: /C:/Users/s2024165/OneDrive%20-%20SARS/Personal/Personal/Masters%20in%20Computer%20Science/2023/TUT/Dissertation/Chapter%204%20-%20Design%20and%20implementation%20of%20LFTDO%20and%20Architecture/Ontology/209332175_LFTDO_V0.12.owl
Worksheet source: C:\Users\s2024165\OneDrive - SARS\Personal\Personal\Masters in Computer Science\2023\TUT\Dissertation\Chapter 7 - Artefacts Evaluations (Architecture and LFTDO)\Empirical Data\Master Data\9.DataTransmission_LoadData.xlsx
Transformation rules: C:\Users\s2024165\OneDrive - SARS\Personal\Personal\Masters in Computer Science\2023\TUT\Dissertation\Chapter 7 - Artefacts Evaluations (Architecture and LFTDO)\Empirical Data\Master Data\9.DataTransmission_LoadData_RULE_MAPPING.json

# Cell range: (Data!A2:D+) Comment: ""
# Individual: @A2 Annotations: rdfs:label @A2 Types: @B2 Facts: hasCloudService @C2(xsd:string)

Individual: DataTransmission001  # Generated from value "DataTransmission001" located at cell 'Data'!A2.
   Facts: hasCloudService "CloudService001"  # Generated from value "CloudService001" located at cell 'Data'!C2.
   Types: DataTransmission
   Annotations: rdfs:label "DataTransmission001"
Individual: DataTransmission001  # Generated from value "DataTransmission001" located at cell 'Data'!A2.
   Facts: hasCloudService "CloudService001"  # Generated from value "CloudService001" located at cell 'Data'!C2.
   Types: DataTransmission
   Annotations: rdfs:label "DataTransmission001"
Individual: DataTransmission001  # Generated from value "DataTransmission001" located at cell 'Data'!A2.
   Facts: hasCloudService "CloudService001"  # Generated from value "CloudService001" located at cell 'Data'!C2.
   Types: DataTransmission
   Annotations: rdfs:label "DataTransmission001"
Individual: DataTransmission001  # Generated from value "DataTransmission001" located at cell 'Data'!A2.
   Facts: hasCloudService "CloudService001"  # Generated from value "CloudService001" located at cell 'Data'!C2.
   Types: DataTransmission
   Annotations: rdfs:label "DataTransmission001"

===========================================================================================================
Date: 2026-05-24 17:58:36
Ontology source: /C:/Users/s2024165/OneDrive%20-%20SARS/Personal/Personal/Masters%20in%20Computer%20Science/2023/TUT/Dissertation/Chapter%204%20-%20Design%20and%20implementation%20of%20LFTDO%20and%20Architecture/Ontology/209332175_LFTDO_V0.12.owl
Worksheet source: C:\Users\s2024165\OneDrive - SARS\Personal\Personal\Masters in Computer Science\2023\TUT\Dissertation\Chapter 7 - Artefacts Evaluations (Architecture and LFTDO)\Empirical Data\Master Data\10.Events_LoadData.xlsx
Transformation rules: C:\Users\s2024165\OneDrive - SARS\Personal\Personal\Masters in Computer Science\2023\TUT\Dissertation\Chapter 7 - Artefacts Evaluations (Architecture and LFTDO)\Empirical Data\Master Data\10.Events_LoadData_RULE_MAPPING.json

# Cell range: (Data!A2:D+) Comment: ""
# Individual: @A2 Annotations: rdfs:label @A2 Types: @B2 Facts: isDetectedBy @C2,isSupportedBy @D2,isRecordedIn @E2

Individual: HighSpeedTheftEvent  # Generated from value "HighSpeedTheftEvent" located at cell 'Data'!A2.
   Facts: isDetectedBy "TheftDetectionSystem"  # Generated from value "TheftDetectionSystem" located at cell 'Data'!C2.,
         isSupportedBy "HighSpeedIndicator"  # Generated from value "HighSpeedIndicator" located at cell 'Data'!D2.,
         isRecordedIn "Database001"  # Generated from value "Database001" located at cell 'Data'!E2.
   Types: TheftEvent
   Annotations: rdfs:label "HighSpeedTheftEvent"
Individual: HighSpeedTheftEvent  # Generated from value "HighSpeedTheftEvent" located at cell 'Data'!A2.
   Facts: isDetectedBy "TheftDetectionSystem"  # Generated from value "TheftDetectionSystem" located at cell 'Data'!C2.,
         isSupportedBy "HighSpeedIndicator"  # Generated from value "HighSpeedIndicator" located at cell 'Data'!D2.,
         isRecordedIn "Database001"  # Generated from value "Database001" located at cell 'Data'!E2.
   Types: TheftEvent
   Annotations: rdfs:label "HighSpeedTheftEvent"
Individual: HighSpeedTheftEvent  # Generated from value "HighSpeedTheftEvent" located at cell 'Data'!A2.
   Facts: isDetectedBy "TheftDetectionSystem"  # Generated from value "TheftDetectionSystem" located at cell 'Data'!C2.,
         isSupportedBy "HighSpeedIndicator"  # Generated from value "HighSpeedIndicator" located at cell 'Data'!D2.,
         isRecordedIn "Database001"  # Generated from value "Database001" located at cell 'Data'!E2.
   Types: TheftEvent
   Annotations: rdfs:label "HighSpeedTheftEvent"
Individual: HighSpeedTheftEvent  # Generated from value "HighSpeedTheftEvent" located at cell 'Data'!A2.
   Facts: isDetectedBy "TheftDetectionSystem"  # Generated from value "TheftDetectionSystem" located at cell 'Data'!C2.,
         isSupportedBy "HighSpeedIndicator"  # Generated from value "HighSpeedIndicator" located at cell 'Data'!D2.,
         isRecordedIn "Database001"  # Generated from value "Database001" located at cell 'Data'!E2.
   Types: TheftEvent
   Annotations: rdfs:label "HighSpeedTheftEvent"
Individual: HighSpeedTheftEvent  # Generated from value "HighSpeedTheftEvent" located at cell 'Data'!A2.
   Facts: isDetectedBy "TheftDetectionSystem"  # Generated from value "TheftDetectionSystem" located at cell 'Data'!C2.,
         isSupportedBy "HighSpeedIndicator"  # Generated from value "HighSpeedIndicator" located at cell 'Data'!D2.,
         isRecordedIn "Database001"  # Generated from value "Database001" located at cell 'Data'!E2.
   Types: TheftEvent
   Annotations: rdfs:label "HighSpeedTheftEvent"
Individual: HighSpeedTheftEvent  # Generated from value "HighSpeedTheftEvent" located at cell 'Data'!A2.
   Facts: isDetectedBy "TheftDetectionSystem"  # Generated from value "TheftDetectionSystem" located at cell 'Data'!C2.,
         isSupportedBy "HighSpeedIndicator"  # Generated from value "HighSpeedIndicator" located at cell 'Data'!D2.,
         isRecordedIn "Database001"  # Generated from value "Database001" located at cell 'Data'!E2.
   Types: TheftEvent
   Annotations: rdfs:label "HighSpeedTheftEvent"
Individual: HighSpeedTheftEvent  # Generated from value "HighSpeedTheftEvent" located at cell 'Data'!A2.
   Facts: isDetectedBy "TheftDetectionSystem"  # Generated from value "TheftDetectionSystem" located at cell 'Data'!C2.,
         isSupportedBy "HighSpeedIndicator"  # Generated from value "HighSpeedIndicator" located at cell 'Data'!D2.,
         isRecordedIn "Database001"  # Generated from value "Database001" located at cell 'Data'!E2.
   Types: TheftEvent
   Annotations: rdfs:label "HighSpeedTheftEvent"
Individual: HighSpeedTheftEvent  # Generated from value "HighSpeedTheftEvent" located at cell 'Data'!A2.
   Facts: isDetectedBy "TheftDetectionSystem"  # Generated from value "TheftDetectionSystem" located at cell 'Data'!C2.,
         isSupportedBy "HighSpeedIndicator"  # Generated from value "HighSpeedIndicator" located at cell 'Data'!D2.,
         isRecordedIn "Database001"  # Generated from value "Database001" located at cell 'Data'!E2.
   Types: TheftEvent
   Annotations: rdfs:label "HighSpeedTheftEvent"
Individual: HighSpeedTheftEvent  # Generated from value "HighSpeedTheftEvent" located at cell 'Data'!A2.
   Facts: isDetectedBy "TheftDetectionSystem"  # Generated from value "TheftDetectionSystem" located at cell 'Data'!C2.,
         isSupportedBy "HighSpeedIndicator"  # Generated from value "HighSpeedIndicator" located at cell 'Data'!D2.,
         isRecordedIn "Database001"  # Generated from value "Database001" located at cell 'Data'!E2.
   Types: TheftEvent
   Annotations: rdfs:label "HighSpeedTheftEvent"
Individual: HighSpeedTheftEvent  # Generated from value "HighSpeedTheftEvent" located at cell 'Data'!A2.
   Facts: isDetectedBy "TheftDetectionSystem"  # Generated from value "TheftDetectionSystem" located at cell 'Data'!C2.,
         isSupportedBy "HighSpeedIndicator"  # Generated from value "HighSpeedIndicator" located at cell 'Data'!D2.,
         isRecordedIn "Database001"  # Generated from value "Database001" located at cell 'Data'!E2.
   Types: TheftEvent
   Annotations: rdfs:label "HighSpeedTheftEvent"
Individual: HighSpeedTheftEvent  # Generated from value "HighSpeedTheftEvent" located at cell 'Data'!A2.
   Facts: isDetectedBy "TheftDetectionSystem"  # Generated from value "TheftDetectionSystem" located at cell 'Data'!C2.,
         isSupportedBy "HighSpeedIndicator"  # Generated from value "HighSpeedIndicator" located at cell 'Data'!D2.,
         isRecordedIn "Database001"  # Generated from value "Database001" located at cell 'Data'!E2.
   Types: TheftEvent
   Annotations: rdfs:label "HighSpeedTheftEvent"
Individual: HighSpeedTheftEvent  # Generated from value "HighSpeedTheftEvent" located at cell 'Data'!A2.
   Facts: isDetectedBy "TheftDetectionSystem"  # Generated from value "TheftDetectionSystem" located at cell 'Data'!C2.,
         isSupportedBy "HighSpeedIndicator"  # Generated from value "HighSpeedIndicator" located at cell 'Data'!D2.,
         isRecordedIn "Database001"  # Generated from value "Database001" located at cell 'Data'!E2.
   Types: TheftEvent
   Annotations: rdfs:label "HighSpeedTheftEvent"
Individual: HighSpeedTheftEvent  # Generated from value "HighSpeedTheftEvent" located at cell 'Data'!A2.
   Facts: isDetectedBy "TheftDetectionSystem"  # Generated from value "TheftDetectionSystem" located at cell 'Data'!C2.,
         isSupportedBy "HighSpeedIndicator"  # Generated from value "HighSpeedIndicator" located at cell 'Data'!D2.,
         isRecordedIn "Database001"  # Generated from value "Database001" located at cell 'Data'!E2.
   Types: TheftEvent
   Annotations: rdfs:label "HighSpeedTheftEvent"
Individual: HighSpeedTheftEvent  # Generated from value "HighSpeedTheftEvent" located at cell 'Data'!A2.
   Facts: isDetectedBy "TheftDetectionSystem"  # Generated from value "TheftDetectionSystem" located at cell 'Data'!C2.,
         isSupportedBy "HighSpeedIndicator"  # Generated from value "HighSpeedIndicator" located at cell 'Data'!D2.,
         isRecordedIn "Database001"  # Generated from value "Database001" located at cell 'Data'!E2.
   Types: TheftEvent
   Annotations: rdfs:label "HighSpeedTheftEvent"
Individual: HighSpeedTheftEvent  # Generated from value "HighSpeedTheftEvent" located at cell 'Data'!A2.
   Facts: isDetectedBy "TheftDetectionSystem"  # Generated from value "TheftDetectionSystem" located at cell 'Data'!C2.,
         isSupportedBy "HighSpeedIndicator"  # Generated from value "HighSpeedIndicator" located at cell 'Data'!D2.,
         isRecordedIn "Database001"  # Generated from value "Database001" located at cell 'Data'!E2.
   Types: TheftEvent
   Annotations: rdfs:label "HighSpeedTheftEvent"
Individual: HighSpeedTheftEvent  # Generated from value "HighSpeedTheftEvent" located at cell 'Data'!A2.
   Facts: isDetectedBy "TheftDetectionSystem"  # Generated from value "TheftDetectionSystem" located at cell 'Data'!C2.,
         isSupportedBy "HighSpeedIndicator"  # Generated from value "HighSpeedIndicator" located at cell 'Data'!D2.,
         isRecordedIn "Database001"  # Generated from value "Database001" located at cell 'Data'!E2.
   Types: TheftEvent
   Annotations: rdfs:label "HighSpeedTheftEvent"
Individual: HighSpeedTheftEvent  # Generated from value "HighSpeedTheftEvent" located at cell 'Data'!A2.
   Facts: isDetectedBy "TheftDetectionSystem"  # Generated from value "TheftDetectionSystem" located at cell 'Data'!C2.,
         isSupportedBy "HighSpeedIndicator"  # Generated from value "HighSpeedIndicator" located at cell 'Data'!D2.,
         isRecordedIn "Database001"  # Generated from value "Database001" located at cell 'Data'!E2.
   Types: TheftEvent
   Annotations: rdfs:label "HighSpeedTheftEvent"
Individual: HighSpeedTheftEvent  # Generated from value "HighSpeedTheftEvent" located at cell 'Data'!A2.
   Facts: isDetectedBy "TheftDetectionSystem"  # Generated from value "TheftDetectionSystem" located at cell 'Data'!C2.,
         isSupportedBy "HighSpeedIndicator"  # Generated from value "HighSpeedIndicator" located at cell 'Data'!D2.,
         isRecordedIn "Database001"  # Generated from value "Database001" located at cell 'Data'!E2.
   Types: TheftEvent
   Annotations: rdfs:label "HighSpeedTheftEvent"
Individual: HighSpeedTheftEvent  # Generated from value "HighSpeedTheftEvent" located at cell 'Data'!A2.
   Facts: isDetectedBy "TheftDetectionSystem"  # Generated from value "TheftDetectionSystem" located at cell 'Data'!C2.,
         isSupportedBy "HighSpeedIndicator"  # Generated from value "HighSpeedIndicator" located at cell 'Data'!D2.,
         isRecordedIn "Database001"  # Generated from value "Database001" located at cell 'Data'!E2.
   Types: TheftEvent
   Annotations: rdfs:label "HighSpeedTheftEvent"
Individual: HighSpeedTheftEvent  # Generated from value "HighSpeedTheftEvent" located at cell 'Data'!A2.
   Facts: isDetectedBy "TheftDetectionSystem"  # Generated from value "TheftDetectionSystem" located at cell 'Data'!C2.,
         isSupportedBy "HighSpeedIndicator"  # Generated from value "HighSpeedIndicator" located at cell 'Data'!D2.,
         isRecordedIn "Database001"  # Generated from value "Database001" located at cell 'Data'!E2.
   Types: TheftEvent
   Annotations: rdfs:label "HighSpeedTheftEvent"
Individual: HighSpeedTheftEvent  # Generated from value "HighSpeedTheftEvent" located at cell 'Data'!A2.
   Facts: isDetectedBy "TheftDetectionSystem"  # Generated from value "TheftDetectionSystem" located at cell 'Data'!C2.,
         isSupportedBy "HighSpeedIndicator"  # Generated from value "HighSpeedIndicator" located at cell 'Data'!D2.,
         isRecordedIn "Database001"  # Generated from value "Database001" located at cell 'Data'!E2.
   Types: TheftEvent
   Annotations: rdfs:label "HighSpeedTheftEvent"
Individual: HighSpeedTheftEvent  # Generated from value "HighSpeedTheftEvent" located at cell 'Data'!A2.
   Facts: isDetectedBy "TheftDetectionSystem"  # Generated from value "TheftDetectionSystem" located at cell 'Data'!C2.,
         isSupportedBy "HighSpeedIndicator"  # Generated from value "HighSpeedIndicator" located at cell 'Data'!D2.,
         isRecordedIn "Database001"  # Generated from value "Database001" located at cell 'Data'!E2.
   Types: TheftEvent
   Annotations: rdfs:label "HighSpeedTheftEvent"
Individual: HighSpeedTheftEvent  # Generated from value "HighSpeedTheftEvent" located at cell 'Data'!A2.
   Facts: isDetectedBy "TheftDetectionSystem"  # Generated from value "TheftDetectionSystem" located at cell 'Data'!C2.,
         isSupportedBy "HighSpeedIndicator"  # Generated from value "HighSpeedIndicator" located at cell 'Data'!D2.,
         isRecordedIn "Database001"  # Generated from value "Database001" located at cell 'Data'!E2.
   Types: TheftEvent
   Annotations: rdfs:label "HighSpeedTheftEvent"
Individual: HighSpeedTheftEvent  # Generated from value "HighSpeedTheftEvent" located at cell 'Data'!A2.
   Facts: isDetectedBy "TheftDetectionSystem"  # Generated from value "TheftDetectionSystem" located at cell 'Data'!C2.,
         isSupportedBy "HighSpeedIndicator"  # Generated from value "HighSpeedIndicator" located at cell 'Data'!D2.,
         isRecordedIn "Database001"  # Generated from value "Database001" located at cell 'Data'!E2.
   Types: TheftEvent
   Annotations: rdfs:label "HighSpeedTheftEvent"
Individual: HighSpeedTheftEvent  # Generated from value "HighSpeedTheftEvent" located at cell 'Data'!A2.
   Facts: isDetectedBy "TheftDetectionSystem"  # Generated from value "TheftDetectionSystem" located at cell 'Data'!C2.,
         isSupportedBy "HighSpeedIndicator"  # Generated from value "HighSpeedIndicator" located at cell 'Data'!D2.,
         isRecordedIn "Database001"  # Generated from value "Database001" located at cell 'Data'!E2.
   Types: TheftEvent
   Annotations: rdfs:label "HighSpeedTheftEvent"
Individual: HighSpeedTheftEvent  # Generated from value "HighSpeedTheftEvent" located at cell 'Data'!A2.
   Facts: isDetectedBy "TheftDetectionSystem"  # Generated from value "TheftDetectionSystem" located at cell 'Data'!C2.,
         isSupportedBy "HighSpeedIndicator"  # Generated from value "HighSpeedIndicator" located at cell 'Data'!D2.,
         isRecordedIn "Database001"  # Generated from value "Database001" located at cell 'Data'!E2.
   Types: TheftEvent
   Annotations: rdfs:label "HighSpeedTheftEvent"
Individual: HighSpeedTheftEvent  # Generated from value "HighSpeedTheftEvent" located at cell 'Data'!A2.
   Facts: isDetectedBy "TheftDetectionSystem"  # Generated from value "TheftDetectionSystem" located at cell 'Data'!C2.,
         isSupportedBy "HighSpeedIndicator"  # Generated from value "HighSpeedIndicator" located at cell 'Data'!D2.,
         isRecordedIn "Database001"  # Generated from value "Database001" located at cell 'Data'!E2.
   Types: TheftEvent
   Annotations: rdfs:label "HighSpeedTheftEvent"
Individual: HighSpeedTheftEvent  # Generated from value "HighSpeedTheftEvent" located at cell 'Data'!A2.
   Facts: isDetectedBy "TheftDetectionSystem"  # Generated from value "TheftDetectionSystem" located at cell 'Data'!C2.,
         isSupportedBy "HighSpeedIndicator"  # Generated from value "HighSpeedIndicator" located at cell 'Data'!D2.,
         isRecordedIn "Database001"  # Generated from value "Database001" located at cell 'Data'!E2.
   Types: TheftEvent
   Annotations: rdfs:label "HighSpeedTheftEvent"

===========================================================================================================
Date: 2026-05-24 18:00:02
Ontology source: /C:/Users/s2024165/OneDrive%20-%20SARS/Personal/Personal/Masters%20in%20Computer%20Science/2023/TUT/Dissertation/Chapter%204%20-%20Design%20and%20implementation%20of%20LFTDO%20and%20Architecture/Ontology/209332175_LFTDO_V0.12.owl
Worksheet source: C:\Users\s2024165\OneDrive - SARS\Personal\Personal\Masters in Computer Science\2023\TUT\Dissertation\Chapter 7 - Artefacts Evaluations (Architecture and LFTDO)\Empirical Data\Master Data\10.Events_LoadData.xlsx
Transformation rules: C:\Users\s2024165\OneDrive - SARS\Personal\Personal\Masters in Computer Science\2023\TUT\Dissertation\Chapter 7 - Artefacts Evaluations (Architecture and LFTDO)\Empirical Data\Master Data\10.Events_LoadData_RULE_MAPPING.json

# Cell range: (Data!A2:E+) Comment: ""
# Individual: @A2 Annotations: rdfs:label @A2 Types: @B2 Facts: isDetectedBy @C2,isSupportedBy @D2,isRecordedIn @E2

Individual: HighSpeedTheftEvent  # Generated from value "HighSpeedTheftEvent" located at cell 'Data'!A2.
   Facts: isDetectedBy "TheftDetectionSystem"  # Generated from value "TheftDetectionSystem" located at cell 'Data'!C2.,
         isSupportedBy "HighSpeedIndicator"  # Generated from value "HighSpeedIndicator" located at cell 'Data'!D2.,
         isRecordedIn "Database001"  # Generated from value "Database001" located at cell 'Data'!E2.
   Types: TheftEvent
   Annotations: rdfs:label "HighSpeedTheftEvent"
Individual: HighSpeedTheftEvent  # Generated from value "HighSpeedTheftEvent" located at cell 'Data'!A2.
   Facts: isDetectedBy "TheftDetectionSystem"  # Generated from value "TheftDetectionSystem" located at cell 'Data'!C2.,
         isSupportedBy "HighSpeedIndicator"  # Generated from value "HighSpeedIndicator" located at cell 'Data'!D2.,
         isRecordedIn "Database001"  # Generated from value "Database001" located at cell 'Data'!E2.
   Types: TheftEvent
   Annotations: rdfs:label "HighSpeedTheftEvent"
Individual: HighSpeedTheftEvent  # Generated from value "HighSpeedTheftEvent" located at cell 'Data'!A2.
   Facts: isDetectedBy "TheftDetectionSystem"  # Generated from value "TheftDetectionSystem" located at cell 'Data'!C2.,
         isSupportedBy "HighSpeedIndicator"  # Generated from value "HighSpeedIndicator" located at cell 'Data'!D2.,
         isRecordedIn "Database001"  # Generated from value "Database001" located at cell 'Data'!E2.
   Types: TheftEvent
   Annotations: rdfs:label "HighSpeedTheftEvent"
Individual: HighSpeedTheftEvent  # Generated from value "HighSpeedTheftEvent" located at cell 'Data'!A2.
   Facts: isDetectedBy "TheftDetectionSystem"  # Generated from value "TheftDetectionSystem" located at cell 'Data'!C2.,
         isSupportedBy "HighSpeedIndicator"  # Generated from value "HighSpeedIndicator" located at cell 'Data'!D2.,
         isRecordedIn "Database001"  # Generated from value "Database001" located at cell 'Data'!E2.
   Types: TheftEvent
   Annotations: rdfs:label "HighSpeedTheftEvent"
Individual: HighSpeedTheftEvent  # Generated from value "HighSpeedTheftEvent" located at cell 'Data'!A2.
   Facts: isDetectedBy "TheftDetectionSystem"  # Generated from value "TheftDetectionSystem" located at cell 'Data'!C2.,
         isSupportedBy "HighSpeedIndicator"  # Generated from value "HighSpeedIndicator" located at cell 'Data'!D2.,
         isRecordedIn "Database001"  # Generated from value "Database001" located at cell 'Data'!E2.
   Types: TheftEvent
   Annotations: rdfs:label "HighSpeedTheftEvent"
Individual: HighSpeedTheftEvent  # Generated from value "HighSpeedTheftEvent" located at cell 'Data'!A2.
   Facts: isDetectedBy "TheftDetectionSystem"  # Generated from value "TheftDetectionSystem" located at cell 'Data'!C2.,
         isSupportedBy "HighSpeedIndicator"  # Generated from value "HighSpeedIndicator" located at cell 'Data'!D2.,
         isRecordedIn "Database001"  # Generated from value "Database001" located at cell 'Data'!E2.
   Types: TheftEvent
   Annotations: rdfs:label "HighSpeedTheftEvent"
Individual: HighSpeedTheftEvent  # Generated from value "HighSpeedTheftEvent" located at cell 'Data'!A2.
   Facts: isDetectedBy "TheftDetectionSystem"  # Generated from value "TheftDetectionSystem" located at cell 'Data'!C2.,
         isSupportedBy "HighSpeedIndicator"  # Generated from value "HighSpeedIndicator" located at cell 'Data'!D2.,
         isRecordedIn "Database001"  # Generated from value "Database001" located at cell 'Data'!E2.
   Types: TheftEvent
   Annotations: rdfs:label "HighSpeedTheftEvent"
Individual: HighSpeedTheftEvent  # Generated from value "HighSpeedTheftEvent" located at cell 'Data'!A2.
   Facts: isDetectedBy "TheftDetectionSystem"  # Generated from value "TheftDetectionSystem" located at cell 'Data'!C2.,
         isSupportedBy "HighSpeedIndicator"  # Generated from value "HighSpeedIndicator" located at cell 'Data'!D2.,
         isRecordedIn "Database001"  # Generated from value "Database001" located at cell 'Data'!E2.
   Types: TheftEvent
   Annotations: rdfs:label "HighSpeedTheftEvent"
Individual: HighSpeedTheftEvent  # Generated from value "HighSpeedTheftEvent" located at cell 'Data'!A2.
   Facts: isDetectedBy "TheftDetectionSystem"  # Generated from value "TheftDetectionSystem" located at cell 'Data'!C2.,
         isSupportedBy "HighSpeedIndicator"  # Generated from value "HighSpeedIndicator" located at cell 'Data'!D2.,
         isRecordedIn "Database001"  # Generated from value "Database001" located at cell 'Data'!E2.
   Types: TheftEvent
   Annotations: rdfs:label "HighSpeedTheftEvent"
Individual: HighSpeedTheftEvent  # Generated from value "HighSpeedTheftEvent" located at cell 'Data'!A2.
   Facts: isDetectedBy "TheftDetectionSystem"  # Generated from value "TheftDetectionSystem" located at cell 'Data'!C2.,
         isSupportedBy "HighSpeedIndicator"  # Generated from value "HighSpeedIndicator" located at cell 'Data'!D2.,
         isRecordedIn "Database001"  # Generated from value "Database001" located at cell 'Data'!E2.
   Types: TheftEvent
   Annotations: rdfs:label "HighSpeedTheftEvent"
Individual: HighSpeedTheftEvent  # Generated from value "HighSpeedTheftEvent" located at cell 'Data'!A2.
   Facts: isDetectedBy "TheftDetectionSystem"  # Generated from value "TheftDetectionSystem" located at cell 'Data'!C2.,
         isSupportedBy "HighSpeedIndicator"  # Generated from value "HighSpeedIndicator" located at cell 'Data'!D2.,
         isRecordedIn "Database001"  # Generated from value "Database001" located at cell 'Data'!E2.
   Types: TheftEvent
   Annotations: rdfs:label "HighSpeedTheftEvent"
Individual: HighSpeedTheftEvent  # Generated from value "HighSpeedTheftEvent" located at cell 'Data'!A2.
   Facts: isDetectedBy "TheftDetectionSystem"  # Generated from value "TheftDetectionSystem" located at cell 'Data'!C2.,
         isSupportedBy "HighSpeedIndicator"  # Generated from value "HighSpeedIndicator" located at cell 'Data'!D2.,
         isRecordedIn "Database001"  # Generated from value "Database001" located at cell 'Data'!E2.
   Types: TheftEvent
   Annotations: rdfs:label "HighSpeedTheftEvent"
Individual: HighSpeedTheftEvent  # Generated from value "HighSpeedTheftEvent" located at cell 'Data'!A2.
   Facts: isDetectedBy "TheftDetectionSystem"  # Generated from value "TheftDetectionSystem" located at cell 'Data'!C2.,
         isSupportedBy "HighSpeedIndicator"  # Generated from value "HighSpeedIndicator" located at cell 'Data'!D2.,
         isRecordedIn "Database001"  # Generated from value "Database001" located at cell 'Data'!E2.
   Types: TheftEvent
   Annotations: rdfs:label "HighSpeedTheftEvent"
Individual: HighSpeedTheftEvent  # Generated from value "HighSpeedTheftEvent" located at cell 'Data'!A2.
   Facts: isDetectedBy "TheftDetectionSystem"  # Generated from value "TheftDetectionSystem" located at cell 'Data'!C2.,
         isSupportedBy "HighSpeedIndicator"  # Generated from value "HighSpeedIndicator" located at cell 'Data'!D2.,
         isRecordedIn "Database001"  # Generated from value "Database001" located at cell 'Data'!E2.
   Types: TheftEvent
   Annotations: rdfs:label "HighSpeedTheftEvent"
Individual: HighSpeedTheftEvent  # Generated from value "HighSpeedTheftEvent" located at cell 'Data'!A2.
   Facts: isDetectedBy "TheftDetectionSystem"  # Generated from value "TheftDetectionSystem" located at cell 'Data'!C2.,
         isSupportedBy "HighSpeedIndicator"  # Generated from value "HighSpeedIndicator" located at cell 'Data'!D2.,
         isRecordedIn "Database001"  # Generated from value "Database001" located at cell 'Data'!E2.
   Types: TheftEvent
   Annotations: rdfs:label "HighSpeedTheftEvent"
Individual: HighSpeedTheftEvent  # Generated from value "HighSpeedTheftEvent" located at cell 'Data'!A2.
   Facts: isDetectedBy "TheftDetectionSystem"  # Generated from value "TheftDetectionSystem" located at cell 'Data'!C2.,
         isSupportedBy "HighSpeedIndicator"  # Generated from value "HighSpeedIndicator" located at cell 'Data'!D2.,
         isRecordedIn "Database001"  # Generated from value "Database001" located at cell 'Data'!E2.
   Types: TheftEvent
   Annotations: rdfs:label "HighSpeedTheftEvent"
Individual: HighSpeedTheftEvent  # Generated from value "HighSpeedTheftEvent" located at cell 'Data'!A2.
   Facts: isDetectedBy "TheftDetectionSystem"  # Generated from value "TheftDetectionSystem" located at cell 'Data'!C2.,
         isSupportedBy "HighSpeedIndicator"  # Generated from value "HighSpeedIndicator" located at cell 'Data'!D2.,
         isRecordedIn "Database001"  # Generated from value "Database001" located at cell 'Data'!E2.
   Types: TheftEvent
   Annotations: rdfs:label "HighSpeedTheftEvent"
Individual: HighSpeedTheftEvent  # Generated from value "HighSpeedTheftEvent" located at cell 'Data'!A2.
   Facts: isDetectedBy "TheftDetectionSystem"  # Generated from value "TheftDetectionSystem" located at cell 'Data'!C2.,
         isSupportedBy "HighSpeedIndicator"  # Generated from value "HighSpeedIndicator" located at cell 'Data'!D2.,
         isRecordedIn "Database001"  # Generated from value "Database001" located at cell 'Data'!E2.
   Types: TheftEvent
   Annotations: rdfs:label "HighSpeedTheftEvent"
Individual: HighSpeedTheftEvent  # Generated from value "HighSpeedTheftEvent" located at cell 'Data'!A2.
   Facts: isDetectedBy "TheftDetectionSystem"  # Generated from value "TheftDetectionSystem" located at cell 'Data'!C2.,
         isSupportedBy "HighSpeedIndicator"  # Generated from value "HighSpeedIndicator" located at cell 'Data'!D2.,
         isRecordedIn "Database001"  # Generated from value "Database001" located at cell 'Data'!E2.
   Types: TheftEvent
   Annotations: rdfs:label "HighSpeedTheftEvent"
Individual: HighSpeedTheftEvent  # Generated from value "HighSpeedTheftEvent" located at cell 'Data'!A2.
   Facts: isDetectedBy "TheftDetectionSystem"  # Generated from value "TheftDetectionSystem" located at cell 'Data'!C2.,
         isSupportedBy "HighSpeedIndicator"  # Generated from value "HighSpeedIndicator" located at cell 'Data'!D2.,
         isRecordedIn "Database001"  # Generated from value "Database001" located at cell 'Data'!E2.
   Types: TheftEvent
   Annotations: rdfs:label "HighSpeedTheftEvent"
Individual: HighSpeedTheftEvent  # Generated from value "HighSpeedTheftEvent" located at cell 'Data'!A2.
   Facts: isDetectedBy "TheftDetectionSystem"  # Generated from value "TheftDetectionSystem" located at cell 'Data'!C2.,
         isSupportedBy "HighSpeedIndicator"  # Generated from value "HighSpeedIndicator" located at cell 'Data'!D2.,
         isRecordedIn "Database001"  # Generated from value "Database001" located at cell 'Data'!E2.
   Types: TheftEvent
   Annotations: rdfs:label "HighSpeedTheftEvent"
Individual: HighSpeedTheftEvent  # Generated from value "HighSpeedTheftEvent" located at cell 'Data'!A2.
   Facts: isDetectedBy "TheftDetectionSystem"  # Generated from value "TheftDetectionSystem" located at cell 'Data'!C2.,
         isSupportedBy "HighSpeedIndicator"  # Generated from value "HighSpeedIndicator" located at cell 'Data'!D2.,
         isRecordedIn "Database001"  # Generated from value "Database001" located at cell 'Data'!E2.
   Types: TheftEvent
   Annotations: rdfs:label "HighSpeedTheftEvent"
Individual: HighSpeedTheftEvent  # Generated from value "HighSpeedTheftEvent" located at cell 'Data'!A2.
   Facts: isDetectedBy "TheftDetectionSystem"  # Generated from value "TheftDetectionSystem" located at cell 'Data'!C2.,
         isSupportedBy "HighSpeedIndicator"  # Generated from value "HighSpeedIndicator" located at cell 'Data'!D2.,
         isRecordedIn "Database001"  # Generated from value "Database001" located at cell 'Data'!E2.
   Types: TheftEvent
   Annotations: rdfs:label "HighSpeedTheftEvent"
Individual: HighSpeedTheftEvent  # Generated from value "HighSpeedTheftEvent" located at cell 'Data'!A2.
   Facts: isDetectedBy "TheftDetectionSystem"  # Generated from value "TheftDetectionSystem" located at cell 'Data'!C2.,
         isSupportedBy "HighSpeedIndicator"  # Generated from value "HighSpeedIndicator" located at cell 'Data'!D2.,
         isRecordedIn "Database001"  # Generated from value "Database001" located at cell 'Data'!E2.
   Types: TheftEvent
   Annotations: rdfs:label "HighSpeedTheftEvent"
Individual: HighSpeedTheftEvent  # Generated from value "HighSpeedTheftEvent" located at cell 'Data'!A2.
   Facts: isDetectedBy "TheftDetectionSystem"  # Generated from value "TheftDetectionSystem" located at cell 'Data'!C2.,
         isSupportedBy "HighSpeedIndicator"  # Generated from value "HighSpeedIndicator" located at cell 'Data'!D2.,
         isRecordedIn "Database001"  # Generated from value "Database001" located at cell 'Data'!E2.
   Types: TheftEvent
   Annotations: rdfs:label "HighSpeedTheftEvent"
Individual: HighSpeedTheftEvent  # Generated from value "HighSpeedTheftEvent" located at cell 'Data'!A2.
   Facts: isDetectedBy "TheftDetectionSystem"  # Generated from value "TheftDetectionSystem" located at cell 'Data'!C2.,
         isSupportedBy "HighSpeedIndicator"  # Generated from value "HighSpeedIndicator" located at cell 'Data'!D2.,
         isRecordedIn "Database001"  # Generated from value "Database001" located at cell 'Data'!E2.
   Types: TheftEvent
   Annotations: rdfs:label "HighSpeedTheftEvent"
Individual: HighSpeedTheftEvent  # Generated from value "HighSpeedTheftEvent" located at cell 'Data'!A2.
   Facts: isDetectedBy "TheftDetectionSystem"  # Generated from value "TheftDetectionSystem" located at cell 'Data'!C2.,
         isSupportedBy "HighSpeedIndicator"  # Generated from value "HighSpeedIndicator" located at cell 'Data'!D2.,
         isRecordedIn "Database001"  # Generated from value "Database001" located at cell 'Data'!E2.
   Types: TheftEvent
   Annotations: rdfs:label "HighSpeedTheftEvent"
Individual: HighSpeedTheftEvent  # Generated from value "HighSpeedTheftEvent" located at cell 'Data'!A2.
   Facts: isDetectedBy "TheftDetectionSystem"  # Generated from value "TheftDetectionSystem" located at cell 'Data'!C2.,
         isSupportedBy "HighSpeedIndicator"  # Generated from value "HighSpeedIndicator" located at cell 'Data'!D2.,
         isRecordedIn "Database001"  # Generated from value "Database001" located at cell 'Data'!E2.
   Types: TheftEvent
   Annotations: rdfs:label "HighSpeedTheftEvent"
Individual: HighSpeedTheftEvent  # Generated from value "HighSpeedTheftEvent" located at cell 'Data'!A2.
   Facts: isDetectedBy "TheftDetectionSystem"  # Generated from value "TheftDetectionSystem" located at cell 'Data'!C2.,
         isSupportedBy "HighSpeedIndicator"  # Generated from value "HighSpeedIndicator" located at cell 'Data'!D2.,
         isRecordedIn "Database001"  # Generated from value "Database001" located at cell 'Data'!E2.
   Types: TheftEvent
   Annotations: rdfs:label "HighSpeedTheftEvent"
Individual: HighSpeedTheftEvent  # Generated from value "HighSpeedTheftEvent" located at cell 'Data'!A2.
   Facts: isDetectedBy "TheftDetectionSystem"  # Generated from value "TheftDetectionSystem" located at cell 'Data'!C2.,
         isSupportedBy "HighSpeedIndicator"  # Generated from value "HighSpeedIndicator" located at cell 'Data'!D2.,
         isRecordedIn "Database001"  # Generated from value "Database001" located at cell 'Data'!E2.
   Types: TheftEvent
   Annotations: rdfs:label "HighSpeedTheftEvent"
Individual: HighSpeedTheftEvent  # Generated from value "HighSpeedTheftEvent" located at cell 'Data'!A2.
   Facts: isDetectedBy "TheftDetectionSystem"  # Generated from value "TheftDetectionSystem" located at cell 'Data'!C2.,
         isSupportedBy "HighSpeedIndicator"  # Generated from value "HighSpeedIndicator" located at cell 'Data'!D2.,
         isRecordedIn "Database001"  # Generated from value "Database001" located at cell 'Data'!E2.
   Types: TheftEvent
   Annotations: rdfs:label "HighSpeedTheftEvent"
Individual: HighSpeedTheftEvent  # Generated from value "HighSpeedTheftEvent" located at cell 'Data'!A2.
   Facts: isDetectedBy "TheftDetectionSystem"  # Generated from value "TheftDetectionSystem" located at cell 'Data'!C2.,
         isSupportedBy "HighSpeedIndicator"  # Generated from value "HighSpeedIndicator" located at cell 'Data'!D2.,
         isRecordedIn "Database001"  # Generated from value "Database001" located at cell 'Data'!E2.
   Types: TheftEvent
   Annotations: rdfs:label "HighSpeedTheftEvent"
Individual: HighSpeedTheftEvent  # Generated from value "HighSpeedTheftEvent" located at cell 'Data'!A2.
   Facts: isDetectedBy "TheftDetectionSystem"  # Generated from value "TheftDetectionSystem" located at cell 'Data'!C2.,
         isSupportedBy "HighSpeedIndicator"  # Generated from value "HighSpeedIndicator" located at cell 'Data'!D2.,
         isRecordedIn "Database001"  # Generated from value "Database001" located at cell 'Data'!E2.
   Types: TheftEvent
   Annotations: rdfs:label "HighSpeedTheftEvent"
Individual: HighSpeedTheftEvent  # Generated from value "HighSpeedTheftEvent" located at cell 'Data'!A2.
   Facts: isDetectedBy "TheftDetectionSystem"  # Generated from value "TheftDetectionSystem" located at cell 'Data'!C2.,
         isSupportedBy "HighSpeedIndicator"  # Generated from value "HighSpeedIndicator" located at cell 'Data'!D2.,
         isRecordedIn "Database001"  # Generated from value "Database001" located at cell 'Data'!E2.
   Types: TheftEvent
   Annotations: rdfs:label "HighSpeedTheftEvent"
Individual: HighSpeedTheftEvent  # Generated from value "HighSpeedTheftEvent" located at cell 'Data'!A2.
   Facts: isDetectedBy "TheftDetectionSystem"  # Generated from value "TheftDetectionSystem" located at cell 'Data'!C2.,
         isSupportedBy "HighSpeedIndicator"  # Generated from value "HighSpeedIndicator" located at cell 'Data'!D2.,
         isRecordedIn "Database001"  # Generated from value "Database001" located at cell 'Data'!E2.
   Types: TheftEvent
   Annotations: rdfs:label "HighSpeedTheftEvent"

# Cell range: (Data!A2:E+) Comment: ""
# Individual: @A3 Annotations: rdfs:label @A3 Types: @B3 Facts: isDetectedBy @C3,isSupportedBy @D3,isRecordedIn @E3

Individual: SlowEscapedEvent  # Generated from value "SlowEscapedEvent" located at cell 'Data'!A3.
   Facts: isDetectedBy "EscapeDetectionMethod"  # Generated from value "EscapeDetectionMethod" located at cell 'Data'!C3.,
         isSupportedBy "SlowEscapedIndicator"  # Generated from value "SlowEscapedIndicator" located at cell 'Data'!D3.,
         isRecordedIn "Database001"  # Generated from value "Database001" located at cell 'Data'!E3.
   Types: EscapedLivestock
   Annotations: rdfs:label "SlowEscapedEvent"
Individual: SlowEscapedEvent  # Generated from value "SlowEscapedEvent" located at cell 'Data'!A3.
   Facts: isDetectedBy "EscapeDetectionMethod"  # Generated from value "EscapeDetectionMethod" located at cell 'Data'!C3.,
         isSupportedBy "SlowEscapedIndicator"  # Generated from value "SlowEscapedIndicator" located at cell 'Data'!D3.,
         isRecordedIn "Database001"  # Generated from value "Database001" located at cell 'Data'!E3.
   Types: EscapedLivestock
   Annotations: rdfs:label "SlowEscapedEvent"
Individual: SlowEscapedEvent  # Generated from value "SlowEscapedEvent" located at cell 'Data'!A3.
   Facts: isDetectedBy "EscapeDetectionMethod"  # Generated from value "EscapeDetectionMethod" located at cell 'Data'!C3.,
         isSupportedBy "SlowEscapedIndicator"  # Generated from value "SlowEscapedIndicator" located at cell 'Data'!D3.,
         isRecordedIn "Database001"  # Generated from value "Database001" located at cell 'Data'!E3.
   Types: EscapedLivestock
   Annotations: rdfs:label "SlowEscapedEvent"
Individual: SlowEscapedEvent  # Generated from value "SlowEscapedEvent" located at cell 'Data'!A3.
   Facts: isDetectedBy "EscapeDetectionMethod"  # Generated from value "EscapeDetectionMethod" located at cell 'Data'!C3.,
         isSupportedBy "SlowEscapedIndicator"  # Generated from value "SlowEscapedIndicator" located at cell 'Data'!D3.,
         isRecordedIn "Database001"  # Generated from value "Database001" located at cell 'Data'!E3.
   Types: EscapedLivestock
   Annotations: rdfs:label "SlowEscapedEvent"
Individual: SlowEscapedEvent  # Generated from value "SlowEscapedEvent" located at cell 'Data'!A3.
   Facts: isDetectedBy "EscapeDetectionMethod"  # Generated from value "EscapeDetectionMethod" located at cell 'Data'!C3.,
         isSupportedBy "SlowEscapedIndicator"  # Generated from value "SlowEscapedIndicator" located at cell 'Data'!D3.,
         isRecordedIn "Database001"  # Generated from value "Database001" located at cell 'Data'!E3.
   Types: EscapedLivestock
   Annotations: rdfs:label "SlowEscapedEvent"
Individual: SlowEscapedEvent  # Generated from value "SlowEscapedEvent" located at cell 'Data'!A3.
   Facts: isDetectedBy "EscapeDetectionMethod"  # Generated from value "EscapeDetectionMethod" located at cell 'Data'!C3.,
         isSupportedBy "SlowEscapedIndicator"  # Generated from value "SlowEscapedIndicator" located at cell 'Data'!D3.,
         isRecordedIn "Database001"  # Generated from value "Database001" located at cell 'Data'!E3.
   Types: EscapedLivestock
   Annotations: rdfs:label "SlowEscapedEvent"
Individual: SlowEscapedEvent  # Generated from value "SlowEscapedEvent" located at cell 'Data'!A3.
   Facts: isDetectedBy "EscapeDetectionMethod"  # Generated from value "EscapeDetectionMethod" located at cell 'Data'!C3.,
         isSupportedBy "SlowEscapedIndicator"  # Generated from value "SlowEscapedIndicator" located at cell 'Data'!D3.,
         isRecordedIn "Database001"  # Generated from value "Database001" located at cell 'Data'!E3.
   Types: EscapedLivestock
   Annotations: rdfs:label "SlowEscapedEvent"
Individual: SlowEscapedEvent  # Generated from value "SlowEscapedEvent" located at cell 'Data'!A3.
   Facts: isDetectedBy "EscapeDetectionMethod"  # Generated from value "EscapeDetectionMethod" located at cell 'Data'!C3.,
         isSupportedBy "SlowEscapedIndicator"  # Generated from value "SlowEscapedIndicator" located at cell 'Data'!D3.,
         isRecordedIn "Database001"  # Generated from value "Database001" located at cell 'Data'!E3.
   Types: EscapedLivestock
   Annotations: rdfs:label "SlowEscapedEvent"
Individual: SlowEscapedEvent  # Generated from value "SlowEscapedEvent" located at cell 'Data'!A3.
   Facts: isDetectedBy "EscapeDetectionMethod"  # Generated from value "EscapeDetectionMethod" located at cell 'Data'!C3.,
         isSupportedBy "SlowEscapedIndicator"  # Generated from value "SlowEscapedIndicator" located at cell 'Data'!D3.,
         isRecordedIn "Database001"  # Generated from value "Database001" located at cell 'Data'!E3.
   Types: EscapedLivestock
   Annotations: rdfs:label "SlowEscapedEvent"
Individual: SlowEscapedEvent  # Generated from value "SlowEscapedEvent" located at cell 'Data'!A3.
   Facts: isDetectedBy "EscapeDetectionMethod"  # Generated from value "EscapeDetectionMethod" located at cell 'Data'!C3.,
         isSupportedBy "SlowEscapedIndicator"  # Generated from value "SlowEscapedIndicator" located at cell 'Data'!D3.,
         isRecordedIn "Database001"  # Generated from value "Database001" located at cell 'Data'!E3.
   Types: EscapedLivestock
   Annotations: rdfs:label "SlowEscapedEvent"
Individual: SlowEscapedEvent  # Generated from value "SlowEscapedEvent" located at cell 'Data'!A3.
   Facts: isDetectedBy "EscapeDetectionMethod"  # Generated from value "EscapeDetectionMethod" located at cell 'Data'!C3.,
         isSupportedBy "SlowEscapedIndicator"  # Generated from value "SlowEscapedIndicator" located at cell 'Data'!D3.,
         isRecordedIn "Database001"  # Generated from value "Database001" located at cell 'Data'!E3.
   Types: EscapedLivestock
   Annotations: rdfs:label "SlowEscapedEvent"
Individual: SlowEscapedEvent  # Generated from value "SlowEscapedEvent" located at cell 'Data'!A3.
   Facts: isDetectedBy "EscapeDetectionMethod"  # Generated from value "EscapeDetectionMethod" located at cell 'Data'!C3.,
         isSupportedBy "SlowEscapedIndicator"  # Generated from value "SlowEscapedIndicator" located at cell 'Data'!D3.,
         isRecordedIn "Database001"  # Generated from value "Database001" located at cell 'Data'!E3.
   Types: EscapedLivestock
   Annotations: rdfs:label "SlowEscapedEvent"
Individual: SlowEscapedEvent  # Generated from value "SlowEscapedEvent" located at cell 'Data'!A3.
   Facts: isDetectedBy "EscapeDetectionMethod"  # Generated from value "EscapeDetectionMethod" located at cell 'Data'!C3.,
         isSupportedBy "SlowEscapedIndicator"  # Generated from value "SlowEscapedIndicator" located at cell 'Data'!D3.,
         isRecordedIn "Database001"  # Generated from value "Database001" located at cell 'Data'!E3.
   Types: EscapedLivestock
   Annotations: rdfs:label "SlowEscapedEvent"
Individual: SlowEscapedEvent  # Generated from value "SlowEscapedEvent" located at cell 'Data'!A3.
   Facts: isDetectedBy "EscapeDetectionMethod"  # Generated from value "EscapeDetectionMethod" located at cell 'Data'!C3.,
         isSupportedBy "SlowEscapedIndicator"  # Generated from value "SlowEscapedIndicator" located at cell 'Data'!D3.,
         isRecordedIn "Database001"  # Generated from value "Database001" located at cell 'Data'!E3.
   Types: EscapedLivestock
   Annotations: rdfs:label "SlowEscapedEvent"
Individual: SlowEscapedEvent  # Generated from value "SlowEscapedEvent" located at cell 'Data'!A3.
   Facts: isDetectedBy "EscapeDetectionMethod"  # Generated from value "EscapeDetectionMethod" located at cell 'Data'!C3.,
         isSupportedBy "SlowEscapedIndicator"  # Generated from value "SlowEscapedIndicator" located at cell 'Data'!D3.,
         isRecordedIn "Database001"  # Generated from value "Database001" located at cell 'Data'!E3.
   Types: EscapedLivestock
   Annotations: rdfs:label "SlowEscapedEvent"
Individual: SlowEscapedEvent  # Generated from value "SlowEscapedEvent" located at cell 'Data'!A3.
   Facts: isDetectedBy "EscapeDetectionMethod"  # Generated from value "EscapeDetectionMethod" located at cell 'Data'!C3.,
         isSupportedBy "SlowEscapedIndicator"  # Generated from value "SlowEscapedIndicator" located at cell 'Data'!D3.,
         isRecordedIn "Database001"  # Generated from value "Database001" located at cell 'Data'!E3.
   Types: EscapedLivestock
   Annotations: rdfs:label "SlowEscapedEvent"
Individual: SlowEscapedEvent  # Generated from value "SlowEscapedEvent" located at cell 'Data'!A3.
   Facts: isDetectedBy "EscapeDetectionMethod"  # Generated from value "EscapeDetectionMethod" located at cell 'Data'!C3.,
         isSupportedBy "SlowEscapedIndicator"  # Generated from value "SlowEscapedIndicator" located at cell 'Data'!D3.,
         isRecordedIn "Database001"  # Generated from value "Database001" located at cell 'Data'!E3.
   Types: EscapedLivestock
   Annotations: rdfs:label "SlowEscapedEvent"
Individual: SlowEscapedEvent  # Generated from value "SlowEscapedEvent" located at cell 'Data'!A3.
   Facts: isDetectedBy "EscapeDetectionMethod"  # Generated from value "EscapeDetectionMethod" located at cell 'Data'!C3.,
         isSupportedBy "SlowEscapedIndicator"  # Generated from value "SlowEscapedIndicator" located at cell 'Data'!D3.,
         isRecordedIn "Database001"  # Generated from value "Database001" located at cell 'Data'!E3.
   Types: EscapedLivestock
   Annotations: rdfs:label "SlowEscapedEvent"
Individual: SlowEscapedEvent  # Generated from value "SlowEscapedEvent" located at cell 'Data'!A3.
   Facts: isDetectedBy "EscapeDetectionMethod"  # Generated from value "EscapeDetectionMethod" located at cell 'Data'!C3.,
         isSupportedBy "SlowEscapedIndicator"  # Generated from value "SlowEscapedIndicator" located at cell 'Data'!D3.,
         isRecordedIn "Database001"  # Generated from value "Database001" located at cell 'Data'!E3.
   Types: EscapedLivestock
   Annotations: rdfs:label "SlowEscapedEvent"
Individual: SlowEscapedEvent  # Generated from value "SlowEscapedEvent" located at cell 'Data'!A3.
   Facts: isDetectedBy "EscapeDetectionMethod"  # Generated from value "EscapeDetectionMethod" located at cell 'Data'!C3.,
         isSupportedBy "SlowEscapedIndicator"  # Generated from value "SlowEscapedIndicator" located at cell 'Data'!D3.,
         isRecordedIn "Database001"  # Generated from value "Database001" located at cell 'Data'!E3.
   Types: EscapedLivestock
   Annotations: rdfs:label "SlowEscapedEvent"
Individual: SlowEscapedEvent  # Generated from value "SlowEscapedEvent" located at cell 'Data'!A3.
   Facts: isDetectedBy "EscapeDetectionMethod"  # Generated from value "EscapeDetectionMethod" located at cell 'Data'!C3.,
         isSupportedBy "SlowEscapedIndicator"  # Generated from value "SlowEscapedIndicator" located at cell 'Data'!D3.,
         isRecordedIn "Database001"  # Generated from value "Database001" located at cell 'Data'!E3.
   Types: EscapedLivestock
   Annotations: rdfs:label "SlowEscapedEvent"
Individual: SlowEscapedEvent  # Generated from value "SlowEscapedEvent" located at cell 'Data'!A3.
   Facts: isDetectedBy "EscapeDetectionMethod"  # Generated from value "EscapeDetectionMethod" located at cell 'Data'!C3.,
         isSupportedBy "SlowEscapedIndicator"  # Generated from value "SlowEscapedIndicator" located at cell 'Data'!D3.,
         isRecordedIn "Database001"  # Generated from value "Database001" located at cell 'Data'!E3.
   Types: EscapedLivestock
   Annotations: rdfs:label "SlowEscapedEvent"
Individual: SlowEscapedEvent  # Generated from value "SlowEscapedEvent" located at cell 'Data'!A3.
   Facts: isDetectedBy "EscapeDetectionMethod"  # Generated from value "EscapeDetectionMethod" located at cell 'Data'!C3.,
         isSupportedBy "SlowEscapedIndicator"  # Generated from value "SlowEscapedIndicator" located at cell 'Data'!D3.,
         isRecordedIn "Database001"  # Generated from value "Database001" located at cell 'Data'!E3.
   Types: EscapedLivestock
   Annotations: rdfs:label "SlowEscapedEvent"
Individual: SlowEscapedEvent  # Generated from value "SlowEscapedEvent" located at cell 'Data'!A3.
   Facts: isDetectedBy "EscapeDetectionMethod"  # Generated from value "EscapeDetectionMethod" located at cell 'Data'!C3.,
         isSupportedBy "SlowEscapedIndicator"  # Generated from value "SlowEscapedIndicator" located at cell 'Data'!D3.,
         isRecordedIn "Database001"  # Generated from value "Database001" located at cell 'Data'!E3.
   Types: EscapedLivestock
   Annotations: rdfs:label "SlowEscapedEvent"
Individual: SlowEscapedEvent  # Generated from value "SlowEscapedEvent" located at cell 'Data'!A3.
   Facts: isDetectedBy "EscapeDetectionMethod"  # Generated from value "EscapeDetectionMethod" located at cell 'Data'!C3.,
         isSupportedBy "SlowEscapedIndicator"  # Generated from value "SlowEscapedIndicator" located at cell 'Data'!D3.,
         isRecordedIn "Database001"  # Generated from value "Database001" located at cell 'Data'!E3.
   Types: EscapedLivestock
   Annotations: rdfs:label "SlowEscapedEvent"
Individual: SlowEscapedEvent  # Generated from value "SlowEscapedEvent" located at cell 'Data'!A3.
   Facts: isDetectedBy "EscapeDetectionMethod"  # Generated from value "EscapeDetectionMethod" located at cell 'Data'!C3.,
         isSupportedBy "SlowEscapedIndicator"  # Generated from value "SlowEscapedIndicator" located at cell 'Data'!D3.,
         isRecordedIn "Database001"  # Generated from value "Database001" located at cell 'Data'!E3.
   Types: EscapedLivestock
   Annotations: rdfs:label "SlowEscapedEvent"
Individual: SlowEscapedEvent  # Generated from value "SlowEscapedEvent" located at cell 'Data'!A3.
   Facts: isDetectedBy "EscapeDetectionMethod"  # Generated from value "EscapeDetectionMethod" located at cell 'Data'!C3.,
         isSupportedBy "SlowEscapedIndicator"  # Generated from value "SlowEscapedIndicator" located at cell 'Data'!D3.,
         isRecordedIn "Database001"  # Generated from value "Database001" located at cell 'Data'!E3.
   Types: EscapedLivestock
   Annotations: rdfs:label "SlowEscapedEvent"
Individual: SlowEscapedEvent  # Generated from value "SlowEscapedEvent" located at cell 'Data'!A3.
   Facts: isDetectedBy "EscapeDetectionMethod"  # Generated from value "EscapeDetectionMethod" located at cell 'Data'!C3.,
         isSupportedBy "SlowEscapedIndicator"  # Generated from value "SlowEscapedIndicator" located at cell 'Data'!D3.,
         isRecordedIn "Database001"  # Generated from value "Database001" located at cell 'Data'!E3.
   Types: EscapedLivestock
   Annotations: rdfs:label "SlowEscapedEvent"
Individual: SlowEscapedEvent  # Generated from value "SlowEscapedEvent" located at cell 'Data'!A3.
   Facts: isDetectedBy "EscapeDetectionMethod"  # Generated from value "EscapeDetectionMethod" located at cell 'Data'!C3.,
         isSupportedBy "SlowEscapedIndicator"  # Generated from value "SlowEscapedIndicator" located at cell 'Data'!D3.,
         isRecordedIn "Database001"  # Generated from value "Database001" located at cell 'Data'!E3.
   Types: EscapedLivestock
   Annotations: rdfs:label "SlowEscapedEvent"
Individual: SlowEscapedEvent  # Generated from value "SlowEscapedEvent" located at cell 'Data'!A3.
   Facts: isDetectedBy "EscapeDetectionMethod"  # Generated from value "EscapeDetectionMethod" located at cell 'Data'!C3.,
         isSupportedBy "SlowEscapedIndicator"  # Generated from value "SlowEscapedIndicator" located at cell 'Data'!D3.,
         isRecordedIn "Database001"  # Generated from value "Database001" located at cell 'Data'!E3.
   Types: EscapedLivestock
   Annotations: rdfs:label "SlowEscapedEvent"
Individual: SlowEscapedEvent  # Generated from value "SlowEscapedEvent" located at cell 'Data'!A3.
   Facts: isDetectedBy "EscapeDetectionMethod"  # Generated from value "EscapeDetectionMethod" located at cell 'Data'!C3.,
         isSupportedBy "SlowEscapedIndicator"  # Generated from value "SlowEscapedIndicator" located at cell 'Data'!D3.,
         isRecordedIn "Database001"  # Generated from value "Database001" located at cell 'Data'!E3.
   Types: EscapedLivestock
   Annotations: rdfs:label "SlowEscapedEvent"
Individual: SlowEscapedEvent  # Generated from value "SlowEscapedEvent" located at cell 'Data'!A3.
   Facts: isDetectedBy "EscapeDetectionMethod"  # Generated from value "EscapeDetectionMethod" located at cell 'Data'!C3.,
         isSupportedBy "SlowEscapedIndicator"  # Generated from value "SlowEscapedIndicator" located at cell 'Data'!D3.,
         isRecordedIn "Database001"  # Generated from value "Database001" located at cell 'Data'!E3.
   Types: EscapedLivestock
   Annotations: rdfs:label "SlowEscapedEvent"
Individual: SlowEscapedEvent  # Generated from value "SlowEscapedEvent" located at cell 'Data'!A3.
   Facts: isDetectedBy "EscapeDetectionMethod"  # Generated from value "EscapeDetectionMethod" located at cell 'Data'!C3.,
         isSupportedBy "SlowEscapedIndicator"  # Generated from value "SlowEscapedIndicator" located at cell 'Data'!D3.,
         isRecordedIn "Database001"  # Generated from value "Database001" located at cell 'Data'!E3.
   Types: EscapedLivestock
   Annotations: rdfs:label "SlowEscapedEvent"
Individual: SlowEscapedEvent  # Generated from value "SlowEscapedEvent" located at cell 'Data'!A3.
   Facts: isDetectedBy "EscapeDetectionMethod"  # Generated from value "EscapeDetectionMethod" located at cell 'Data'!C3.,
         isSupportedBy "SlowEscapedIndicator"  # Generated from value "SlowEscapedIndicator" located at cell 'Data'!D3.,
         isRecordedIn "Database001"  # Generated from value "Database001" located at cell 'Data'!E3.
   Types: EscapedLivestock
   Annotations: rdfs:label "SlowEscapedEvent"
Individual: SlowEscapedEvent  # Generated from value "SlowEscapedEvent" located at cell 'Data'!A3.
   Facts: isDetectedBy "EscapeDetectionMethod"  # Generated from value "EscapeDetectionMethod" located at cell 'Data'!C3.,
         isSupportedBy "SlowEscapedIndicator"  # Generated from value "SlowEscapedIndicator" located at cell 'Data'!D3.,
         isRecordedIn "Database001"  # Generated from value "Database001" located at cell 'Data'!E3.
   Types: EscapedLivestock
   Annotations: rdfs:label "SlowEscapedEvent"

===========================================================================================================
Date: 2026-05-24 18:02:28
Ontology source: /C:/Users/s2024165/OneDrive%20-%20SARS/Personal/Personal/Masters%20in%20Computer%20Science/2023/TUT/Dissertation/Chapter%204%20-%20Design%20and%20implementation%20of%20LFTDO%20and%20Architecture/Ontology/209332175_LFTDO_V0.12.owl
Worksheet source: C:\Users\s2024165\OneDrive - SARS\Personal\Personal\Masters in Computer Science\2023\TUT\Dissertation\Chapter 7 - Artefacts Evaluations (Architecture and LFTDO)\Empirical Data\Master Data\10.Events_LoadData.xlsx
Transformation rules: C:\Users\s2024165\OneDrive - SARS\Personal\Personal\Masters in Computer Science\2023\TUT\Dissertation\Chapter 7 - Artefacts Evaluations (Architecture and LFTDO)\Empirical Data\Master Data\10.Events_LoadData_RULE_MAPPING.json

# Cell range: (Data!A2:E+) Comment: ""
# Individual: @A2 Annotations: rdfs:label @A2 Types: @B2 Facts: isDetectedBy @C2,isSupportedBy @D2,isRecordedIn @E2

Individual: HighSpeedTheftEvent  # Generated from value "HighSpeedTheftEvent" located at cell 'Data'!A2.
   Facts: isDetectedBy "TheftDetectionSystem"  # Generated from value "TheftDetectionSystem" located at cell 'Data'!C2.,
         isSupportedBy "HighSpeedIndicator"  # Generated from value "HighSpeedIndicator" located at cell 'Data'!D2.,
         isRecordedIn "Database001"  # Generated from value "Database001" located at cell 'Data'!E2.
   Types: TheftEvent
   Annotations: rdfs:label "HighSpeedTheftEvent"
Individual: HighSpeedTheftEvent  # Generated from value "HighSpeedTheftEvent" located at cell 'Data'!A2.
   Facts: isDetectedBy "TheftDetectionSystem"  # Generated from value "TheftDetectionSystem" located at cell 'Data'!C2.,
         isSupportedBy "HighSpeedIndicator"  # Generated from value "HighSpeedIndicator" located at cell 'Data'!D2.,
         isRecordedIn "Database001"  # Generated from value "Database001" located at cell 'Data'!E2.
   Types: TheftEvent
   Annotations: rdfs:label "HighSpeedTheftEvent"
Individual: HighSpeedTheftEvent  # Generated from value "HighSpeedTheftEvent" located at cell 'Data'!A2.
   Facts: isDetectedBy "TheftDetectionSystem"  # Generated from value "TheftDetectionSystem" located at cell 'Data'!C2.,
         isSupportedBy "HighSpeedIndicator"  # Generated from value "HighSpeedIndicator" located at cell 'Data'!D2.,
         isRecordedIn "Database001"  # Generated from value "Database001" located at cell 'Data'!E2.
   Types: TheftEvent
   Annotations: rdfs:label "HighSpeedTheftEvent"
Individual: HighSpeedTheftEvent  # Generated from value "HighSpeedTheftEvent" located at cell 'Data'!A2.
   Facts: isDetectedBy "TheftDetectionSystem"  # Generated from value "TheftDetectionSystem" located at cell 'Data'!C2.,
         isSupportedBy "HighSpeedIndicator"  # Generated from value "HighSpeedIndicator" located at cell 'Data'!D2.,
         isRecordedIn "Database001"  # Generated from value "Database001" located at cell 'Data'!E2.
   Types: TheftEvent
   Annotations: rdfs:label "HighSpeedTheftEvent"
Individual: HighSpeedTheftEvent  # Generated from value "HighSpeedTheftEvent" located at cell 'Data'!A2.
   Facts: isDetectedBy "TheftDetectionSystem"  # Generated from value "TheftDetectionSystem" located at cell 'Data'!C2.,
         isSupportedBy "HighSpeedIndicator"  # Generated from value "HighSpeedIndicator" located at cell 'Data'!D2.,
         isRecordedIn "Database001"  # Generated from value "Database001" located at cell 'Data'!E2.
   Types: TheftEvent
   Annotations: rdfs:label "HighSpeedTheftEvent"
Individual: HighSpeedTheftEvent  # Generated from value "HighSpeedTheftEvent" located at cell 'Data'!A2.
   Facts: isDetectedBy "TheftDetectionSystem"  # Generated from value "TheftDetectionSystem" located at cell 'Data'!C2.,
         isSupportedBy "HighSpeedIndicator"  # Generated from value "HighSpeedIndicator" located at cell 'Data'!D2.,
         isRecordedIn "Database001"  # Generated from value "Database001" located at cell 'Data'!E2.
   Types: TheftEvent
   Annotations: rdfs:label "HighSpeedTheftEvent"
Individual: HighSpeedTheftEvent  # Generated from value "HighSpeedTheftEvent" located at cell 'Data'!A2.
   Facts: isDetectedBy "TheftDetectionSystem"  # Generated from value "TheftDetectionSystem" located at cell 'Data'!C2.,
         isSupportedBy "HighSpeedIndicator"  # Generated from value "HighSpeedIndicator" located at cell 'Data'!D2.,
         isRecordedIn "Database001"  # Generated from value "Database001" located at cell 'Data'!E2.
   Types: TheftEvent
   Annotations: rdfs:label "HighSpeedTheftEvent"
Individual: HighSpeedTheftEvent  # Generated from value "HighSpeedTheftEvent" located at cell 'Data'!A2.
   Facts: isDetectedBy "TheftDetectionSystem"  # Generated from value "TheftDetectionSystem" located at cell 'Data'!C2.,
         isSupportedBy "HighSpeedIndicator"  # Generated from value "HighSpeedIndicator" located at cell 'Data'!D2.,
         isRecordedIn "Database001"  # Generated from value "Database001" located at cell 'Data'!E2.
   Types: TheftEvent
   Annotations: rdfs:label "HighSpeedTheftEvent"
Individual: HighSpeedTheftEvent  # Generated from value "HighSpeedTheftEvent" located at cell 'Data'!A2.
   Facts: isDetectedBy "TheftDetectionSystem"  # Generated from value "TheftDetectionSystem" located at cell 'Data'!C2.,
         isSupportedBy "HighSpeedIndicator"  # Generated from value "HighSpeedIndicator" located at cell 'Data'!D2.,
         isRecordedIn "Database001"  # Generated from value "Database001" located at cell 'Data'!E2.
   Types: TheftEvent
   Annotations: rdfs:label "HighSpeedTheftEvent"
Individual: HighSpeedTheftEvent  # Generated from value "HighSpeedTheftEvent" located at cell 'Data'!A2.
   Facts: isDetectedBy "TheftDetectionSystem"  # Generated from value "TheftDetectionSystem" located at cell 'Data'!C2.,
         isSupportedBy "HighSpeedIndicator"  # Generated from value "HighSpeedIndicator" located at cell 'Data'!D2.,
         isRecordedIn "Database001"  # Generated from value "Database001" located at cell 'Data'!E2.
   Types: TheftEvent
   Annotations: rdfs:label "HighSpeedTheftEvent"
Individual: HighSpeedTheftEvent  # Generated from value "HighSpeedTheftEvent" located at cell 'Data'!A2.
   Facts: isDetectedBy "TheftDetectionSystem"  # Generated from value "TheftDetectionSystem" located at cell 'Data'!C2.,
         isSupportedBy "HighSpeedIndicator"  # Generated from value "HighSpeedIndicator" located at cell 'Data'!D2.,
         isRecordedIn "Database001"  # Generated from value "Database001" located at cell 'Data'!E2.
   Types: TheftEvent
   Annotations: rdfs:label "HighSpeedTheftEvent"
Individual: HighSpeedTheftEvent  # Generated from value "HighSpeedTheftEvent" located at cell 'Data'!A2.
   Facts: isDetectedBy "TheftDetectionSystem"  # Generated from value "TheftDetectionSystem" located at cell 'Data'!C2.,
         isSupportedBy "HighSpeedIndicator"  # Generated from value "HighSpeedIndicator" located at cell 'Data'!D2.,
         isRecordedIn "Database001"  # Generated from value "Database001" located at cell 'Data'!E2.
   Types: TheftEvent
   Annotations: rdfs:label "HighSpeedTheftEvent"
Individual: HighSpeedTheftEvent  # Generated from value "HighSpeedTheftEvent" located at cell 'Data'!A2.
   Facts: isDetectedBy "TheftDetectionSystem"  # Generated from value "TheftDetectionSystem" located at cell 'Data'!C2.,
         isSupportedBy "HighSpeedIndicator"  # Generated from value "HighSpeedIndicator" located at cell 'Data'!D2.,
         isRecordedIn "Database001"  # Generated from value "Database001" located at cell 'Data'!E2.
   Types: TheftEvent
   Annotations: rdfs:label "HighSpeedTheftEvent"
Individual: HighSpeedTheftEvent  # Generated from value "HighSpeedTheftEvent" located at cell 'Data'!A2.
   Facts: isDetectedBy "TheftDetectionSystem"  # Generated from value "TheftDetectionSystem" located at cell 'Data'!C2.,
         isSupportedBy "HighSpeedIndicator"  # Generated from value "HighSpeedIndicator" located at cell 'Data'!D2.,
         isRecordedIn "Database001"  # Generated from value "Database001" located at cell 'Data'!E2.
   Types: TheftEvent
   Annotations: rdfs:label "HighSpeedTheftEvent"
Individual: HighSpeedTheftEvent  # Generated from value "HighSpeedTheftEvent" located at cell 'Data'!A2.
   Facts: isDetectedBy "TheftDetectionSystem"  # Generated from value "TheftDetectionSystem" located at cell 'Data'!C2.,
         isSupportedBy "HighSpeedIndicator"  # Generated from value "HighSpeedIndicator" located at cell 'Data'!D2.,
         isRecordedIn "Database001"  # Generated from value "Database001" located at cell 'Data'!E2.
   Types: TheftEvent
   Annotations: rdfs:label "HighSpeedTheftEvent"
Individual: HighSpeedTheftEvent  # Generated from value "HighSpeedTheftEvent" located at cell 'Data'!A2.
   Facts: isDetectedBy "TheftDetectionSystem"  # Generated from value "TheftDetectionSystem" located at cell 'Data'!C2.,
         isSupportedBy "HighSpeedIndicator"  # Generated from value "HighSpeedIndicator" located at cell 'Data'!D2.,
         isRecordedIn "Database001"  # Generated from value "Database001" located at cell 'Data'!E2.
   Types: TheftEvent
   Annotations: rdfs:label "HighSpeedTheftEvent"
Individual: HighSpeedTheftEvent  # Generated from value "HighSpeedTheftEvent" located at cell 'Data'!A2.
   Facts: isDetectedBy "TheftDetectionSystem"  # Generated from value "TheftDetectionSystem" located at cell 'Data'!C2.,
         isSupportedBy "HighSpeedIndicator"  # Generated from value "HighSpeedIndicator" located at cell 'Data'!D2.,
         isRecordedIn "Database001"  # Generated from value "Database001" located at cell 'Data'!E2.
   Types: TheftEvent
   Annotations: rdfs:label "HighSpeedTheftEvent"
Individual: HighSpeedTheftEvent  # Generated from value "HighSpeedTheftEvent" located at cell 'Data'!A2.
   Facts: isDetectedBy "TheftDetectionSystem"  # Generated from value "TheftDetectionSystem" located at cell 'Data'!C2.,
         isSupportedBy "HighSpeedIndicator"  # Generated from value "HighSpeedIndicator" located at cell 'Data'!D2.,
         isRecordedIn "Database001"  # Generated from value "Database001" located at cell 'Data'!E2.
   Types: TheftEvent
   Annotations: rdfs:label "HighSpeedTheftEvent"
Individual: HighSpeedTheftEvent  # Generated from value "HighSpeedTheftEvent" located at cell 'Data'!A2.
   Facts: isDetectedBy "TheftDetectionSystem"  # Generated from value "TheftDetectionSystem" located at cell 'Data'!C2.,
         isSupportedBy "HighSpeedIndicator"  # Generated from value "HighSpeedIndicator" located at cell 'Data'!D2.,
         isRecordedIn "Database001"  # Generated from value "Database001" located at cell 'Data'!E2.
   Types: TheftEvent
   Annotations: rdfs:label "HighSpeedTheftEvent"
Individual: HighSpeedTheftEvent  # Generated from value "HighSpeedTheftEvent" located at cell 'Data'!A2.
   Facts: isDetectedBy "TheftDetectionSystem"  # Generated from value "TheftDetectionSystem" located at cell 'Data'!C2.,
         isSupportedBy "HighSpeedIndicator"  # Generated from value "HighSpeedIndicator" located at cell 'Data'!D2.,
         isRecordedIn "Database001"  # Generated from value "Database001" located at cell 'Data'!E2.
   Types: TheftEvent
   Annotations: rdfs:label "HighSpeedTheftEvent"
Individual: HighSpeedTheftEvent  # Generated from value "HighSpeedTheftEvent" located at cell 'Data'!A2.
   Facts: isDetectedBy "TheftDetectionSystem"  # Generated from value "TheftDetectionSystem" located at cell 'Data'!C2.,
         isSupportedBy "HighSpeedIndicator"  # Generated from value "HighSpeedIndicator" located at cell 'Data'!D2.,
         isRecordedIn "Database001"  # Generated from value "Database001" located at cell 'Data'!E2.
   Types: TheftEvent
   Annotations: rdfs:label "HighSpeedTheftEvent"
Individual: HighSpeedTheftEvent  # Generated from value "HighSpeedTheftEvent" located at cell 'Data'!A2.
   Facts: isDetectedBy "TheftDetectionSystem"  # Generated from value "TheftDetectionSystem" located at cell 'Data'!C2.,
         isSupportedBy "HighSpeedIndicator"  # Generated from value "HighSpeedIndicator" located at cell 'Data'!D2.,
         isRecordedIn "Database001"  # Generated from value "Database001" located at cell 'Data'!E2.
   Types: TheftEvent
   Annotations: rdfs:label "HighSpeedTheftEvent"
Individual: HighSpeedTheftEvent  # Generated from value "HighSpeedTheftEvent" located at cell 'Data'!A2.
   Facts: isDetectedBy "TheftDetectionSystem"  # Generated from value "TheftDetectionSystem" located at cell 'Data'!C2.,
         isSupportedBy "HighSpeedIndicator"  # Generated from value "HighSpeedIndicator" located at cell 'Data'!D2.,
         isRecordedIn "Database001"  # Generated from value "Database001" located at cell 'Data'!E2.
   Types: TheftEvent
   Annotations: rdfs:label "HighSpeedTheftEvent"
Individual: HighSpeedTheftEvent  # Generated from value "HighSpeedTheftEvent" located at cell 'Data'!A2.
   Facts: isDetectedBy "TheftDetectionSystem"  # Generated from value "TheftDetectionSystem" located at cell 'Data'!C2.,
         isSupportedBy "HighSpeedIndicator"  # Generated from value "HighSpeedIndicator" located at cell 'Data'!D2.,
         isRecordedIn "Database001"  # Generated from value "Database001" located at cell 'Data'!E2.
   Types: TheftEvent
   Annotations: rdfs:label "HighSpeedTheftEvent"
Individual: HighSpeedTheftEvent  # Generated from value "HighSpeedTheftEvent" located at cell 'Data'!A2.
   Facts: isDetectedBy "TheftDetectionSystem"  # Generated from value "TheftDetectionSystem" located at cell 'Data'!C2.,
         isSupportedBy "HighSpeedIndicator"  # Generated from value "HighSpeedIndicator" located at cell 'Data'!D2.,
         isRecordedIn "Database001"  # Generated from value "Database001" located at cell 'Data'!E2.
   Types: TheftEvent
   Annotations: rdfs:label "HighSpeedTheftEvent"
Individual: HighSpeedTheftEvent  # Generated from value "HighSpeedTheftEvent" located at cell 'Data'!A2.
   Facts: isDetectedBy "TheftDetectionSystem"  # Generated from value "TheftDetectionSystem" located at cell 'Data'!C2.,
         isSupportedBy "HighSpeedIndicator"  # Generated from value "HighSpeedIndicator" located at cell 'Data'!D2.,
         isRecordedIn "Database001"  # Generated from value "Database001" located at cell 'Data'!E2.
   Types: TheftEvent
   Annotations: rdfs:label "HighSpeedTheftEvent"
Individual: HighSpeedTheftEvent  # Generated from value "HighSpeedTheftEvent" located at cell 'Data'!A2.
   Facts: isDetectedBy "TheftDetectionSystem"  # Generated from value "TheftDetectionSystem" located at cell 'Data'!C2.,
         isSupportedBy "HighSpeedIndicator"  # Generated from value "HighSpeedIndicator" located at cell 'Data'!D2.,
         isRecordedIn "Database001"  # Generated from value "Database001" located at cell 'Data'!E2.
   Types: TheftEvent
   Annotations: rdfs:label "HighSpeedTheftEvent"
Individual: HighSpeedTheftEvent  # Generated from value "HighSpeedTheftEvent" located at cell 'Data'!A2.
   Facts: isDetectedBy "TheftDetectionSystem"  # Generated from value "TheftDetectionSystem" located at cell 'Data'!C2.,
         isSupportedBy "HighSpeedIndicator"  # Generated from value "HighSpeedIndicator" located at cell 'Data'!D2.,
         isRecordedIn "Database001"  # Generated from value "Database001" located at cell 'Data'!E2.
   Types: TheftEvent
   Annotations: rdfs:label "HighSpeedTheftEvent"
Individual: HighSpeedTheftEvent  # Generated from value "HighSpeedTheftEvent" located at cell 'Data'!A2.
   Facts: isDetectedBy "TheftDetectionSystem"  # Generated from value "TheftDetectionSystem" located at cell 'Data'!C2.,
         isSupportedBy "HighSpeedIndicator"  # Generated from value "HighSpeedIndicator" located at cell 'Data'!D2.,
         isRecordedIn "Database001"  # Generated from value "Database001" located at cell 'Data'!E2.
   Types: TheftEvent
   Annotations: rdfs:label "HighSpeedTheftEvent"
Individual: HighSpeedTheftEvent  # Generated from value "HighSpeedTheftEvent" located at cell 'Data'!A2.
   Facts: isDetectedBy "TheftDetectionSystem"  # Generated from value "TheftDetectionSystem" located at cell 'Data'!C2.,
         isSupportedBy "HighSpeedIndicator"  # Generated from value "HighSpeedIndicator" located at cell 'Data'!D2.,
         isRecordedIn "Database001"  # Generated from value "Database001" located at cell 'Data'!E2.
   Types: TheftEvent
   Annotations: rdfs:label "HighSpeedTheftEvent"
Individual: HighSpeedTheftEvent  # Generated from value "HighSpeedTheftEvent" located at cell 'Data'!A2.
   Facts: isDetectedBy "TheftDetectionSystem"  # Generated from value "TheftDetectionSystem" located at cell 'Data'!C2.,
         isSupportedBy "HighSpeedIndicator"  # Generated from value "HighSpeedIndicator" located at cell 'Data'!D2.,
         isRecordedIn "Database001"  # Generated from value "Database001" located at cell 'Data'!E2.
   Types: TheftEvent
   Annotations: rdfs:label "HighSpeedTheftEvent"
Individual: HighSpeedTheftEvent  # Generated from value "HighSpeedTheftEvent" located at cell 'Data'!A2.
   Facts: isDetectedBy "TheftDetectionSystem"  # Generated from value "TheftDetectionSystem" located at cell 'Data'!C2.,
         isSupportedBy "HighSpeedIndicator"  # Generated from value "HighSpeedIndicator" located at cell 'Data'!D2.,
         isRecordedIn "Database001"  # Generated from value "Database001" located at cell 'Data'!E2.
   Types: TheftEvent
   Annotations: rdfs:label "HighSpeedTheftEvent"
Individual: HighSpeedTheftEvent  # Generated from value "HighSpeedTheftEvent" located at cell 'Data'!A2.
   Facts: isDetectedBy "TheftDetectionSystem"  # Generated from value "TheftDetectionSystem" located at cell 'Data'!C2.,
         isSupportedBy "HighSpeedIndicator"  # Generated from value "HighSpeedIndicator" located at cell 'Data'!D2.,
         isRecordedIn "Database001"  # Generated from value "Database001" located at cell 'Data'!E2.
   Types: TheftEvent
   Annotations: rdfs:label "HighSpeedTheftEvent"
Individual: HighSpeedTheftEvent  # Generated from value "HighSpeedTheftEvent" located at cell 'Data'!A2.
   Facts: isDetectedBy "TheftDetectionSystem"  # Generated from value "TheftDetectionSystem" located at cell 'Data'!C2.,
         isSupportedBy "HighSpeedIndicator"  # Generated from value "HighSpeedIndicator" located at cell 'Data'!D2.,
         isRecordedIn "Database001"  # Generated from value "Database001" located at cell 'Data'!E2.
   Types: TheftEvent
   Annotations: rdfs:label "HighSpeedTheftEvent"
Individual: HighSpeedTheftEvent  # Generated from value "HighSpeedTheftEvent" located at cell 'Data'!A2.
   Facts: isDetectedBy "TheftDetectionSystem"  # Generated from value "TheftDetectionSystem" located at cell 'Data'!C2.,
         isSupportedBy "HighSpeedIndicator"  # Generated from value "HighSpeedIndicator" located at cell 'Data'!D2.,
         isRecordedIn "Database001"  # Generated from value "Database001" located at cell 'Data'!E2.
   Types: TheftEvent
   Annotations: rdfs:label "HighSpeedTheftEvent"

# Cell range: (Data!A2:E+) Comment: ""
# Individual: @A3 Annotations: rdfs:label @A3 Types: @B3 Facts: isDetectedBy @C3,isSupportedBy @D3,isRecordedIn @E3

Individual: SlowEscapedEvent  # Generated from value "SlowEscapedEvent" located at cell 'Data'!A3.
   Facts: isDetectedBy "EscapeDetectionMethod"  # Generated from value "EscapeDetectionMethod" located at cell 'Data'!C3.,
         isSupportedBy "SlowEscapedIndicator"  # Generated from value "SlowEscapedIndicator" located at cell 'Data'!D3.,
         isRecordedIn "Database001"  # Generated from value "Database001" located at cell 'Data'!E3.
   Types: EscapedLivestock
   Annotations: rdfs:label "SlowEscapedEvent"
Individual: SlowEscapedEvent  # Generated from value "SlowEscapedEvent" located at cell 'Data'!A3.
   Facts: isDetectedBy "EscapeDetectionMethod"  # Generated from value "EscapeDetectionMethod" located at cell 'Data'!C3.,
         isSupportedBy "SlowEscapedIndicator"  # Generated from value "SlowEscapedIndicator" located at cell 'Data'!D3.,
         isRecordedIn "Database001"  # Generated from value "Database001" located at cell 'Data'!E3.
   Types: EscapedLivestock
   Annotations: rdfs:label "SlowEscapedEvent"
Individual: SlowEscapedEvent  # Generated from value "SlowEscapedEvent" located at cell 'Data'!A3.
   Facts: isDetectedBy "EscapeDetectionMethod"  # Generated from value "EscapeDetectionMethod" located at cell 'Data'!C3.,
         isSupportedBy "SlowEscapedIndicator"  # Generated from value "SlowEscapedIndicator" located at cell 'Data'!D3.,
         isRecordedIn "Database001"  # Generated from value "Database001" located at cell 'Data'!E3.
   Types: EscapedLivestock
   Annotations: rdfs:label "SlowEscapedEvent"
Individual: SlowEscapedEvent  # Generated from value "SlowEscapedEvent" located at cell 'Data'!A3.
   Facts: isDetectedBy "EscapeDetectionMethod"  # Generated from value "EscapeDetectionMethod" located at cell 'Data'!C3.,
         isSupportedBy "SlowEscapedIndicator"  # Generated from value "SlowEscapedIndicator" located at cell 'Data'!D3.,
         isRecordedIn "Database001"  # Generated from value "Database001" located at cell 'Data'!E3.
   Types: EscapedLivestock
   Annotations: rdfs:label "SlowEscapedEvent"
Individual: SlowEscapedEvent  # Generated from value "SlowEscapedEvent" located at cell 'Data'!A3.
   Facts: isDetectedBy "EscapeDetectionMethod"  # Generated from value "EscapeDetectionMethod" located at cell 'Data'!C3.,
         isSupportedBy "SlowEscapedIndicator"  # Generated from value "SlowEscapedIndicator" located at cell 'Data'!D3.,
         isRecordedIn "Database001"  # Generated from value "Database001" located at cell 'Data'!E3.
   Types: EscapedLivestock
   Annotations: rdfs:label "SlowEscapedEvent"
Individual: SlowEscapedEvent  # Generated from value "SlowEscapedEvent" located at cell 'Data'!A3.
   Facts: isDetectedBy "EscapeDetectionMethod"  # Generated from value "EscapeDetectionMethod" located at cell 'Data'!C3.,
         isSupportedBy "SlowEscapedIndicator"  # Generated from value "SlowEscapedIndicator" located at cell 'Data'!D3.,
         isRecordedIn "Database001"  # Generated from value "Database001" located at cell 'Data'!E3.
   Types: EscapedLivestock
   Annotations: rdfs:label "SlowEscapedEvent"
Individual: SlowEscapedEvent  # Generated from value "SlowEscapedEvent" located at cell 'Data'!A3.
   Facts: isDetectedBy "EscapeDetectionMethod"  # Generated from value "EscapeDetectionMethod" located at cell 'Data'!C3.,
         isSupportedBy "SlowEscapedIndicator"  # Generated from value "SlowEscapedIndicator" located at cell 'Data'!D3.,
         isRecordedIn "Database001"  # Generated from value "Database001" located at cell 'Data'!E3.
   Types: EscapedLivestock
   Annotations: rdfs:label "SlowEscapedEvent"
Individual: SlowEscapedEvent  # Generated from value "SlowEscapedEvent" located at cell 'Data'!A3.
   Facts: isDetectedBy "EscapeDetectionMethod"  # Generated from value "EscapeDetectionMethod" located at cell 'Data'!C3.,
         isSupportedBy "SlowEscapedIndicator"  # Generated from value "SlowEscapedIndicator" located at cell 'Data'!D3.,
         isRecordedIn "Database001"  # Generated from value "Database001" located at cell 'Data'!E3.
   Types: EscapedLivestock
   Annotations: rdfs:label "SlowEscapedEvent"
Individual: SlowEscapedEvent  # Generated from value "SlowEscapedEvent" located at cell 'Data'!A3.
   Facts: isDetectedBy "EscapeDetectionMethod"  # Generated from value "EscapeDetectionMethod" located at cell 'Data'!C3.,
         isSupportedBy "SlowEscapedIndicator"  # Generated from value "SlowEscapedIndicator" located at cell 'Data'!D3.,
         isRecordedIn "Database001"  # Generated from value "Database001" located at cell 'Data'!E3.
   Types: EscapedLivestock
   Annotations: rdfs:label "SlowEscapedEvent"
Individual: SlowEscapedEvent  # Generated from value "SlowEscapedEvent" located at cell 'Data'!A3.
   Facts: isDetectedBy "EscapeDetectionMethod"  # Generated from value "EscapeDetectionMethod" located at cell 'Data'!C3.,
         isSupportedBy "SlowEscapedIndicator"  # Generated from value "SlowEscapedIndicator" located at cell 'Data'!D3.,
         isRecordedIn "Database001"  # Generated from value "Database001" located at cell 'Data'!E3.
   Types: EscapedLivestock
   Annotations: rdfs:label "SlowEscapedEvent"
Individual: SlowEscapedEvent  # Generated from value "SlowEscapedEvent" located at cell 'Data'!A3.
   Facts: isDetectedBy "EscapeDetectionMethod"  # Generated from value "EscapeDetectionMethod" located at cell 'Data'!C3.,
         isSupportedBy "SlowEscapedIndicator"  # Generated from value "SlowEscapedIndicator" located at cell 'Data'!D3.,
         isRecordedIn "Database001"  # Generated from value "Database001" located at cell 'Data'!E3.
   Types: EscapedLivestock
   Annotations: rdfs:label "SlowEscapedEvent"
Individual: SlowEscapedEvent  # Generated from value "SlowEscapedEvent" located at cell 'Data'!A3.
   Facts: isDetectedBy "EscapeDetectionMethod"  # Generated from value "EscapeDetectionMethod" located at cell 'Data'!C3.,
         isSupportedBy "SlowEscapedIndicator"  # Generated from value "SlowEscapedIndicator" located at cell 'Data'!D3.,
         isRecordedIn "Database001"  # Generated from value "Database001" located at cell 'Data'!E3.
   Types: EscapedLivestock
   Annotations: rdfs:label "SlowEscapedEvent"
Individual: SlowEscapedEvent  # Generated from value "SlowEscapedEvent" located at cell 'Data'!A3.
   Facts: isDetectedBy "EscapeDetectionMethod"  # Generated from value "EscapeDetectionMethod" located at cell 'Data'!C3.,
         isSupportedBy "SlowEscapedIndicator"  # Generated from value "SlowEscapedIndicator" located at cell 'Data'!D3.,
         isRecordedIn "Database001"  # Generated from value "Database001" located at cell 'Data'!E3.
   Types: EscapedLivestock
   Annotations: rdfs:label "SlowEscapedEvent"
Individual: SlowEscapedEvent  # Generated from value "SlowEscapedEvent" located at cell 'Data'!A3.
   Facts: isDetectedBy "EscapeDetectionMethod"  # Generated from value "EscapeDetectionMethod" located at cell 'Data'!C3.,
         isSupportedBy "SlowEscapedIndicator"  # Generated from value "SlowEscapedIndicator" located at cell 'Data'!D3.,
         isRecordedIn "Database001"  # Generated from value "Database001" located at cell 'Data'!E3.
   Types: EscapedLivestock
   Annotations: rdfs:label "SlowEscapedEvent"
Individual: SlowEscapedEvent  # Generated from value "SlowEscapedEvent" located at cell 'Data'!A3.
   Facts: isDetectedBy "EscapeDetectionMethod"  # Generated from value "EscapeDetectionMethod" located at cell 'Data'!C3.,
         isSupportedBy "SlowEscapedIndicator"  # Generated from value "SlowEscapedIndicator" located at cell 'Data'!D3.,
         isRecordedIn "Database001"  # Generated from value "Database001" located at cell 'Data'!E3.
   Types: EscapedLivestock
   Annotations: rdfs:label "SlowEscapedEvent"
Individual: SlowEscapedEvent  # Generated from value "SlowEscapedEvent" located at cell 'Data'!A3.
   Facts: isDetectedBy "EscapeDetectionMethod"  # Generated from value "EscapeDetectionMethod" located at cell 'Data'!C3.,
         isSupportedBy "SlowEscapedIndicator"  # Generated from value "SlowEscapedIndicator" located at cell 'Data'!D3.,
         isRecordedIn "Database001"  # Generated from value "Database001" located at cell 'Data'!E3.
   Types: EscapedLivestock
   Annotations: rdfs:label "SlowEscapedEvent"
Individual: SlowEscapedEvent  # Generated from value "SlowEscapedEvent" located at cell 'Data'!A3.
   Facts: isDetectedBy "EscapeDetectionMethod"  # Generated from value "EscapeDetectionMethod" located at cell 'Data'!C3.,
         isSupportedBy "SlowEscapedIndicator"  # Generated from value "SlowEscapedIndicator" located at cell 'Data'!D3.,
         isRecordedIn "Database001"  # Generated from value "Database001" located at cell 'Data'!E3.
   Types: EscapedLivestock
   Annotations: rdfs:label "SlowEscapedEvent"
Individual: SlowEscapedEvent  # Generated from value "SlowEscapedEvent" located at cell 'Data'!A3.
   Facts: isDetectedBy "EscapeDetectionMethod"  # Generated from value "EscapeDetectionMethod" located at cell 'Data'!C3.,
         isSupportedBy "SlowEscapedIndicator"  # Generated from value "SlowEscapedIndicator" located at cell 'Data'!D3.,
         isRecordedIn "Database001"  # Generated from value "Database001" located at cell 'Data'!E3.
   Types: EscapedLivestock
   Annotations: rdfs:label "SlowEscapedEvent"
Individual: SlowEscapedEvent  # Generated from value "SlowEscapedEvent" located at cell 'Data'!A3.
   Facts: isDetectedBy "EscapeDetectionMethod"  # Generated from value "EscapeDetectionMethod" located at cell 'Data'!C3.,
         isSupportedBy "SlowEscapedIndicator"  # Generated from value "SlowEscapedIndicator" located at cell 'Data'!D3.,
         isRecordedIn "Database001"  # Generated from value "Database001" located at cell 'Data'!E3.
   Types: EscapedLivestock
   Annotations: rdfs:label "SlowEscapedEvent"
Individual: SlowEscapedEvent  # Generated from value "SlowEscapedEvent" located at cell 'Data'!A3.
   Facts: isDetectedBy "EscapeDetectionMethod"  # Generated from value "EscapeDetectionMethod" located at cell 'Data'!C3.,
         isSupportedBy "SlowEscapedIndicator"  # Generated from value "SlowEscapedIndicator" located at cell 'Data'!D3.,
         isRecordedIn "Database001"  # Generated from value "Database001" located at cell 'Data'!E3.
   Types: EscapedLivestock
   Annotations: rdfs:label "SlowEscapedEvent"
Individual: SlowEscapedEvent  # Generated from value "SlowEscapedEvent" located at cell 'Data'!A3.
   Facts: isDetectedBy "EscapeDetectionMethod"  # Generated from value "EscapeDetectionMethod" located at cell 'Data'!C3.,
         isSupportedBy "SlowEscapedIndicator"  # Generated from value "SlowEscapedIndicator" located at cell 'Data'!D3.,
         isRecordedIn "Database001"  # Generated from value "Database001" located at cell 'Data'!E3.
   Types: EscapedLivestock
   Annotations: rdfs:label "SlowEscapedEvent"
Individual: SlowEscapedEvent  # Generated from value "SlowEscapedEvent" located at cell 'Data'!A3.
   Facts: isDetectedBy "EscapeDetectionMethod"  # Generated from value "EscapeDetectionMethod" located at cell 'Data'!C3.,
         isSupportedBy "SlowEscapedIndicator"  # Generated from value "SlowEscapedIndicator" located at cell 'Data'!D3.,
         isRecordedIn "Database001"  # Generated from value "Database001" located at cell 'Data'!E3.
   Types: EscapedLivestock
   Annotations: rdfs:label "SlowEscapedEvent"
Individual: SlowEscapedEvent  # Generated from value "SlowEscapedEvent" located at cell 'Data'!A3.
   Facts: isDetectedBy "EscapeDetectionMethod"  # Generated from value "EscapeDetectionMethod" located at cell 'Data'!C3.,
         isSupportedBy "SlowEscapedIndicator"  # Generated from value "SlowEscapedIndicator" located at cell 'Data'!D3.,
         isRecordedIn "Database001"  # Generated from value "Database001" located at cell 'Data'!E3.
   Types: EscapedLivestock
   Annotations: rdfs:label "SlowEscapedEvent"
Individual: SlowEscapedEvent  # Generated from value "SlowEscapedEvent" located at cell 'Data'!A3.
   Facts: isDetectedBy "EscapeDetectionMethod"  # Generated from value "EscapeDetectionMethod" located at cell 'Data'!C3.,
         isSupportedBy "SlowEscapedIndicator"  # Generated from value "SlowEscapedIndicator" located at cell 'Data'!D3.,
         isRecordedIn "Database001"  # Generated from value "Database001" located at cell 'Data'!E3.
   Types: EscapedLivestock
   Annotations: rdfs:label "SlowEscapedEvent"
Individual: SlowEscapedEvent  # Generated from value "SlowEscapedEvent" located at cell 'Data'!A3.
   Facts: isDetectedBy "EscapeDetectionMethod"  # Generated from value "EscapeDetectionMethod" located at cell 'Data'!C3.,
         isSupportedBy "SlowEscapedIndicator"  # Generated from value "SlowEscapedIndicator" located at cell 'Data'!D3.,
         isRecordedIn "Database001"  # Generated from value "Database001" located at cell 'Data'!E3.
   Types: EscapedLivestock
   Annotations: rdfs:label "SlowEscapedEvent"
Individual: SlowEscapedEvent  # Generated from value "SlowEscapedEvent" located at cell 'Data'!A3.
   Facts: isDetectedBy "EscapeDetectionMethod"  # Generated from value "EscapeDetectionMethod" located at cell 'Data'!C3.,
         isSupportedBy "SlowEscapedIndicator"  # Generated from value "SlowEscapedIndicator" located at cell 'Data'!D3.,
         isRecordedIn "Database001"  # Generated from value "Database001" located at cell 'Data'!E3.
   Types: EscapedLivestock
   Annotations: rdfs:label "SlowEscapedEvent"
Individual: SlowEscapedEvent  # Generated from value "SlowEscapedEvent" located at cell 'Data'!A3.
   Facts: isDetectedBy "EscapeDetectionMethod"  # Generated from value "EscapeDetectionMethod" located at cell 'Data'!C3.,
         isSupportedBy "SlowEscapedIndicator"  # Generated from value "SlowEscapedIndicator" located at cell 'Data'!D3.,
         isRecordedIn "Database001"  # Generated from value "Database001" located at cell 'Data'!E3.
   Types: EscapedLivestock
   Annotations: rdfs:label "SlowEscapedEvent"
Individual: SlowEscapedEvent  # Generated from value "SlowEscapedEvent" located at cell 'Data'!A3.
   Facts: isDetectedBy "EscapeDetectionMethod"  # Generated from value "EscapeDetectionMethod" located at cell 'Data'!C3.,
         isSupportedBy "SlowEscapedIndicator"  # Generated from value "SlowEscapedIndicator" located at cell 'Data'!D3.,
         isRecordedIn "Database001"  # Generated from value "Database001" located at cell 'Data'!E3.
   Types: EscapedLivestock
   Annotations: rdfs:label "SlowEscapedEvent"
Individual: SlowEscapedEvent  # Generated from value "SlowEscapedEvent" located at cell 'Data'!A3.
   Facts: isDetectedBy "EscapeDetectionMethod"  # Generated from value "EscapeDetectionMethod" located at cell 'Data'!C3.,
         isSupportedBy "SlowEscapedIndicator"  # Generated from value "SlowEscapedIndicator" located at cell 'Data'!D3.,
         isRecordedIn "Database001"  # Generated from value "Database001" located at cell 'Data'!E3.
   Types: EscapedLivestock
   Annotations: rdfs:label "SlowEscapedEvent"
Individual: SlowEscapedEvent  # Generated from value "SlowEscapedEvent" located at cell 'Data'!A3.
   Facts: isDetectedBy "EscapeDetectionMethod"  # Generated from value "EscapeDetectionMethod" located at cell 'Data'!C3.,
         isSupportedBy "SlowEscapedIndicator"  # Generated from value "SlowEscapedIndicator" located at cell 'Data'!D3.,
         isRecordedIn "Database001"  # Generated from value "Database001" located at cell 'Data'!E3.
   Types: EscapedLivestock
   Annotations: rdfs:label "SlowEscapedEvent"
Individual: SlowEscapedEvent  # Generated from value "SlowEscapedEvent" located at cell 'Data'!A3.
   Facts: isDetectedBy "EscapeDetectionMethod"  # Generated from value "EscapeDetectionMethod" located at cell 'Data'!C3.,
         isSupportedBy "SlowEscapedIndicator"  # Generated from value "SlowEscapedIndicator" located at cell 'Data'!D3.,
         isRecordedIn "Database001"  # Generated from value "Database001" located at cell 'Data'!E3.
   Types: EscapedLivestock
   Annotations: rdfs:label "SlowEscapedEvent"
Individual: SlowEscapedEvent  # Generated from value "SlowEscapedEvent" located at cell 'Data'!A3.
   Facts: isDetectedBy "EscapeDetectionMethod"  # Generated from value "EscapeDetectionMethod" located at cell 'Data'!C3.,
         isSupportedBy "SlowEscapedIndicator"  # Generated from value "SlowEscapedIndicator" located at cell 'Data'!D3.,
         isRecordedIn "Database001"  # Generated from value "Database001" located at cell 'Data'!E3.
   Types: EscapedLivestock
   Annotations: rdfs:label "SlowEscapedEvent"
Individual: SlowEscapedEvent  # Generated from value "SlowEscapedEvent" located at cell 'Data'!A3.
   Facts: isDetectedBy "EscapeDetectionMethod"  # Generated from value "EscapeDetectionMethod" located at cell 'Data'!C3.,
         isSupportedBy "SlowEscapedIndicator"  # Generated from value "SlowEscapedIndicator" located at cell 'Data'!D3.,
         isRecordedIn "Database001"  # Generated from value "Database001" located at cell 'Data'!E3.
   Types: EscapedLivestock
   Annotations: rdfs:label "SlowEscapedEvent"
Individual: SlowEscapedEvent  # Generated from value "SlowEscapedEvent" located at cell 'Data'!A3.
   Facts: isDetectedBy "EscapeDetectionMethod"  # Generated from value "EscapeDetectionMethod" located at cell 'Data'!C3.,
         isSupportedBy "SlowEscapedIndicator"  # Generated from value "SlowEscapedIndicator" located at cell 'Data'!D3.,
         isRecordedIn "Database001"  # Generated from value "Database001" located at cell 'Data'!E3.
   Types: EscapedLivestock
   Annotations: rdfs:label "SlowEscapedEvent"
Individual: SlowEscapedEvent  # Generated from value "SlowEscapedEvent" located at cell 'Data'!A3.
   Facts: isDetectedBy "EscapeDetectionMethod"  # Generated from value "EscapeDetectionMethod" located at cell 'Data'!C3.,
         isSupportedBy "SlowEscapedIndicator"  # Generated from value "SlowEscapedIndicator" located at cell 'Data'!D3.,
         isRecordedIn "Database001"  # Generated from value "Database001" located at cell 'Data'!E3.
   Types: EscapedLivestock
   Annotations: rdfs:label "SlowEscapedEvent"

# Cell range: (Data!A2:E+) Comment: ""
# Individual: @A4 Annotations: rdfs:label @A4 Types: @B4 Facts: isDetectedBy @C4,isSupportedBy @D4,isRecordedIn @E4

Individual: HighHealthAlertEvent  # Generated from value "HighHealthAlertEvent" located at cell 'Data'!A4.
   Facts: isDetectedBy "HealthDetectionMethod"  # Generated from value "HealthDetectionMethod" located at cell 'Data'!C4.,
         isSupportedBy "LethargyIndicator"  # Generated from value "LethargyIndicator" located at cell 'Data'!D4.,
         isRecordedIn "Database001"  # Generated from value "Database001" located at cell 'Data'!E4.
   Types: HealthAlertEvent
   Annotations: rdfs:label "HighHealthAlertEvent"
Individual: HighHealthAlertEvent  # Generated from value "HighHealthAlertEvent" located at cell 'Data'!A4.
   Facts: isDetectedBy "HealthDetectionMethod"  # Generated from value "HealthDetectionMethod" located at cell 'Data'!C4.,
         isSupportedBy "LethargyIndicator"  # Generated from value "LethargyIndicator" located at cell 'Data'!D4.,
         isRecordedIn "Database001"  # Generated from value "Database001" located at cell 'Data'!E4.
   Types: HealthAlertEvent
   Annotations: rdfs:label "HighHealthAlertEvent"
Individual: HighHealthAlertEvent  # Generated from value "HighHealthAlertEvent" located at cell 'Data'!A4.
   Facts: isDetectedBy "HealthDetectionMethod"  # Generated from value "HealthDetectionMethod" located at cell 'Data'!C4.,
         isSupportedBy "LethargyIndicator"  # Generated from value "LethargyIndicator" located at cell 'Data'!D4.,
         isRecordedIn "Database001"  # Generated from value "Database001" located at cell 'Data'!E4.
   Types: HealthAlertEvent
   Annotations: rdfs:label "HighHealthAlertEvent"
Individual: HighHealthAlertEvent  # Generated from value "HighHealthAlertEvent" located at cell 'Data'!A4.
   Facts: isDetectedBy "HealthDetectionMethod"  # Generated from value "HealthDetectionMethod" located at cell 'Data'!C4.,
         isSupportedBy "LethargyIndicator"  # Generated from value "LethargyIndicator" located at cell 'Data'!D4.,
         isRecordedIn "Database001"  # Generated from value "Database001" located at cell 'Data'!E4.
   Types: HealthAlertEvent
   Annotations: rdfs:label "HighHealthAlertEvent"
Individual: HighHealthAlertEvent  # Generated from value "HighHealthAlertEvent" located at cell 'Data'!A4.
   Facts: isDetectedBy "HealthDetectionMethod"  # Generated from value "HealthDetectionMethod" located at cell 'Data'!C4.,
         isSupportedBy "LethargyIndicator"  # Generated from value "LethargyIndicator" located at cell 'Data'!D4.,
         isRecordedIn "Database001"  # Generated from value "Database001" located at cell 'Data'!E4.
   Types: HealthAlertEvent
   Annotations: rdfs:label "HighHealthAlertEvent"
Individual: HighHealthAlertEvent  # Generated from value "HighHealthAlertEvent" located at cell 'Data'!A4.
   Facts: isDetectedBy "HealthDetectionMethod"  # Generated from value "HealthDetectionMethod" located at cell 'Data'!C4.,
         isSupportedBy "LethargyIndicator"  # Generated from value "LethargyIndicator" located at cell 'Data'!D4.,
         isRecordedIn "Database001"  # Generated from value "Database001" located at cell 'Data'!E4.
   Types: HealthAlertEvent
   Annotations: rdfs:label "HighHealthAlertEvent"
Individual: HighHealthAlertEvent  # Generated from value "HighHealthAlertEvent" located at cell 'Data'!A4.
   Facts: isDetectedBy "HealthDetectionMethod"  # Generated from value "HealthDetectionMethod" located at cell 'Data'!C4.,
         isSupportedBy "LethargyIndicator"  # Generated from value "LethargyIndicator" located at cell 'Data'!D4.,
         isRecordedIn "Database001"  # Generated from value "Database001" located at cell 'Data'!E4.
   Types: HealthAlertEvent
   Annotations: rdfs:label "HighHealthAlertEvent"
Individual: HighHealthAlertEvent  # Generated from value "HighHealthAlertEvent" located at cell 'Data'!A4.
   Facts: isDetectedBy "HealthDetectionMethod"  # Generated from value "HealthDetectionMethod" located at cell 'Data'!C4.,
         isSupportedBy "LethargyIndicator"  # Generated from value "LethargyIndicator" located at cell 'Data'!D4.,
         isRecordedIn "Database001"  # Generated from value "Database001" located at cell 'Data'!E4.
   Types: HealthAlertEvent
   Annotations: rdfs:label "HighHealthAlertEvent"
Individual: HighHealthAlertEvent  # Generated from value "HighHealthAlertEvent" located at cell 'Data'!A4.
   Facts: isDetectedBy "HealthDetectionMethod"  # Generated from value "HealthDetectionMethod" located at cell 'Data'!C4.,
         isSupportedBy "LethargyIndicator"  # Generated from value "LethargyIndicator" located at cell 'Data'!D4.,
         isRecordedIn "Database001"  # Generated from value "Database001" located at cell 'Data'!E4.
   Types: HealthAlertEvent
   Annotations: rdfs:label "HighHealthAlertEvent"
Individual: HighHealthAlertEvent  # Generated from value "HighHealthAlertEvent" located at cell 'Data'!A4.
   Facts: isDetectedBy "HealthDetectionMethod"  # Generated from value "HealthDetectionMethod" located at cell 'Data'!C4.,
         isSupportedBy "LethargyIndicator"  # Generated from value "LethargyIndicator" located at cell 'Data'!D4.,
         isRecordedIn "Database001"  # Generated from value "Database001" located at cell 'Data'!E4.
   Types: HealthAlertEvent
   Annotations: rdfs:label "HighHealthAlertEvent"
Individual: HighHealthAlertEvent  # Generated from value "HighHealthAlertEvent" located at cell 'Data'!A4.
   Facts: isDetectedBy "HealthDetectionMethod"  # Generated from value "HealthDetectionMethod" located at cell 'Data'!C4.,
         isSupportedBy "LethargyIndicator"  # Generated from value "LethargyIndicator" located at cell 'Data'!D4.,
         isRecordedIn "Database001"  # Generated from value "Database001" located at cell 'Data'!E4.
   Types: HealthAlertEvent
   Annotations: rdfs:label "HighHealthAlertEvent"
Individual: HighHealthAlertEvent  # Generated from value "HighHealthAlertEvent" located at cell 'Data'!A4.
   Facts: isDetectedBy "HealthDetectionMethod"  # Generated from value "HealthDetectionMethod" located at cell 'Data'!C4.,
         isSupportedBy "LethargyIndicator"  # Generated from value "LethargyIndicator" located at cell 'Data'!D4.,
         isRecordedIn "Database001"  # Generated from value "Database001" located at cell 'Data'!E4.
   Types: HealthAlertEvent
   Annotations: rdfs:label "HighHealthAlertEvent"
Individual: HighHealthAlertEvent  # Generated from value "HighHealthAlertEvent" located at cell 'Data'!A4.
   Facts: isDetectedBy "HealthDetectionMethod"  # Generated from value "HealthDetectionMethod" located at cell 'Data'!C4.,
         isSupportedBy "LethargyIndicator"  # Generated from value "LethargyIndicator" located at cell 'Data'!D4.,
         isRecordedIn "Database001"  # Generated from value "Database001" located at cell 'Data'!E4.
   Types: HealthAlertEvent
   Annotations: rdfs:label "HighHealthAlertEvent"
Individual: HighHealthAlertEvent  # Generated from value "HighHealthAlertEvent" located at cell 'Data'!A4.
   Facts: isDetectedBy "HealthDetectionMethod"  # Generated from value "HealthDetectionMethod" located at cell 'Data'!C4.,
         isSupportedBy "LethargyIndicator"  # Generated from value "LethargyIndicator" located at cell 'Data'!D4.,
         isRecordedIn "Database001"  # Generated from value "Database001" located at cell 'Data'!E4.
   Types: HealthAlertEvent
   Annotations: rdfs:label "HighHealthAlertEvent"
Individual: HighHealthAlertEvent  # Generated from value "HighHealthAlertEvent" located at cell 'Data'!A4.
   Facts: isDetectedBy "HealthDetectionMethod"  # Generated from value "HealthDetectionMethod" located at cell 'Data'!C4.,
         isSupportedBy "LethargyIndicator"  # Generated from value "LethargyIndicator" located at cell 'Data'!D4.,
         isRecordedIn "Database001"  # Generated from value "Database001" located at cell 'Data'!E4.
   Types: HealthAlertEvent
   Annotations: rdfs:label "HighHealthAlertEvent"
Individual: HighHealthAlertEvent  # Generated from value "HighHealthAlertEvent" located at cell 'Data'!A4.
   Facts: isDetectedBy "HealthDetectionMethod"  # Generated from value "HealthDetectionMethod" located at cell 'Data'!C4.,
         isSupportedBy "LethargyIndicator"  # Generated from value "LethargyIndicator" located at cell 'Data'!D4.,
         isRecordedIn "Database001"  # Generated from value "Database001" located at cell 'Data'!E4.
   Types: HealthAlertEvent
   Annotations: rdfs:label "HighHealthAlertEvent"
Individual: HighHealthAlertEvent  # Generated from value "HighHealthAlertEvent" located at cell 'Data'!A4.
   Facts: isDetectedBy "HealthDetectionMethod"  # Generated from value "HealthDetectionMethod" located at cell 'Data'!C4.,
         isSupportedBy "LethargyIndicator"  # Generated from value "LethargyIndicator" located at cell 'Data'!D4.,
         isRecordedIn "Database001"  # Generated from value "Database001" located at cell 'Data'!E4.
   Types: HealthAlertEvent
   Annotations: rdfs:label "HighHealthAlertEvent"
Individual: HighHealthAlertEvent  # Generated from value "HighHealthAlertEvent" located at cell 'Data'!A4.
   Facts: isDetectedBy "HealthDetectionMethod"  # Generated from value "HealthDetectionMethod" located at cell 'Data'!C4.,
         isSupportedBy "LethargyIndicator"  # Generated from value "LethargyIndicator" located at cell 'Data'!D4.,
         isRecordedIn "Database001"  # Generated from value "Database001" located at cell 'Data'!E4.
   Types: HealthAlertEvent
   Annotations: rdfs:label "HighHealthAlertEvent"
Individual: HighHealthAlertEvent  # Generated from value "HighHealthAlertEvent" located at cell 'Data'!A4.
   Facts: isDetectedBy "HealthDetectionMethod"  # Generated from value "HealthDetectionMethod" located at cell 'Data'!C4.,
         isSupportedBy "LethargyIndicator"  # Generated from value "LethargyIndicator" located at cell 'Data'!D4.,
         isRecordedIn "Database001"  # Generated from value "Database001" located at cell 'Data'!E4.
   Types: HealthAlertEvent
   Annotations: rdfs:label "HighHealthAlertEvent"
Individual: HighHealthAlertEvent  # Generated from value "HighHealthAlertEvent" located at cell 'Data'!A4.
   Facts: isDetectedBy "HealthDetectionMethod"  # Generated from value "HealthDetectionMethod" located at cell 'Data'!C4.,
         isSupportedBy "LethargyIndicator"  # Generated from value "LethargyIndicator" located at cell 'Data'!D4.,
         isRecordedIn "Database001"  # Generated from value "Database001" located at cell 'Data'!E4.
   Types: HealthAlertEvent
   Annotations: rdfs:label "HighHealthAlertEvent"
Individual: HighHealthAlertEvent  # Generated from value "HighHealthAlertEvent" located at cell 'Data'!A4.
   Facts: isDetectedBy "HealthDetectionMethod"  # Generated from value "HealthDetectionMethod" located at cell 'Data'!C4.,
         isSupportedBy "LethargyIndicator"  # Generated from value "LethargyIndicator" located at cell 'Data'!D4.,
         isRecordedIn "Database001"  # Generated from value "Database001" located at cell 'Data'!E4.
   Types: HealthAlertEvent
   Annotations: rdfs:label "HighHealthAlertEvent"
Individual: HighHealthAlertEvent  # Generated from value "HighHealthAlertEvent" located at cell 'Data'!A4.
   Facts: isDetectedBy "HealthDetectionMethod"  # Generated from value "HealthDetectionMethod" located at cell 'Data'!C4.,
         isSupportedBy "LethargyIndicator"  # Generated from value "LethargyIndicator" located at cell 'Data'!D4.,
         isRecordedIn "Database001"  # Generated from value "Database001" located at cell 'Data'!E4.
   Types: HealthAlertEvent
   Annotations: rdfs:label "HighHealthAlertEvent"
Individual: HighHealthAlertEvent  # Generated from value "HighHealthAlertEvent" located at cell 'Data'!A4.
   Facts: isDetectedBy "HealthDetectionMethod"  # Generated from value "HealthDetectionMethod" located at cell 'Data'!C4.,
         isSupportedBy "LethargyIndicator"  # Generated from value "LethargyIndicator" located at cell 'Data'!D4.,
         isRecordedIn "Database001"  # Generated from value "Database001" located at cell 'Data'!E4.
   Types: HealthAlertEvent
   Annotations: rdfs:label "HighHealthAlertEvent"
Individual: HighHealthAlertEvent  # Generated from value "HighHealthAlertEvent" located at cell 'Data'!A4.
   Facts: isDetectedBy "HealthDetectionMethod"  # Generated from value "HealthDetectionMethod" located at cell 'Data'!C4.,
         isSupportedBy "LethargyIndicator"  # Generated from value "LethargyIndicator" located at cell 'Data'!D4.,
         isRecordedIn "Database001"  # Generated from value "Database001" located at cell 'Data'!E4.
   Types: HealthAlertEvent
   Annotations: rdfs:label "HighHealthAlertEvent"
Individual: HighHealthAlertEvent  # Generated from value "HighHealthAlertEvent" located at cell 'Data'!A4.
   Facts: isDetectedBy "HealthDetectionMethod"  # Generated from value "HealthDetectionMethod" located at cell 'Data'!C4.,
         isSupportedBy "LethargyIndicator"  # Generated from value "LethargyIndicator" located at cell 'Data'!D4.,
         isRecordedIn "Database001"  # Generated from value "Database001" located at cell 'Data'!E4.
   Types: HealthAlertEvent
   Annotations: rdfs:label "HighHealthAlertEvent"
Individual: HighHealthAlertEvent  # Generated from value "HighHealthAlertEvent" located at cell 'Data'!A4.
   Facts: isDetectedBy "HealthDetectionMethod"  # Generated from value "HealthDetectionMethod" located at cell 'Data'!C4.,
         isSupportedBy "LethargyIndicator"  # Generated from value "LethargyIndicator" located at cell 'Data'!D4.,
         isRecordedIn "Database001"  # Generated from value "Database001" located at cell 'Data'!E4.
   Types: HealthAlertEvent
   Annotations: rdfs:label "HighHealthAlertEvent"
Individual: HighHealthAlertEvent  # Generated from value "HighHealthAlertEvent" located at cell 'Data'!A4.
   Facts: isDetectedBy "HealthDetectionMethod"  # Generated from value "HealthDetectionMethod" located at cell 'Data'!C4.,
         isSupportedBy "LethargyIndicator"  # Generated from value "LethargyIndicator" located at cell 'Data'!D4.,
         isRecordedIn "Database001"  # Generated from value "Database001" located at cell 'Data'!E4.
   Types: HealthAlertEvent
   Annotations: rdfs:label "HighHealthAlertEvent"
Individual: HighHealthAlertEvent  # Generated from value "HighHealthAlertEvent" located at cell 'Data'!A4.
   Facts: isDetectedBy "HealthDetectionMethod"  # Generated from value "HealthDetectionMethod" located at cell 'Data'!C4.,
         isSupportedBy "LethargyIndicator"  # Generated from value "LethargyIndicator" located at cell 'Data'!D4.,
         isRecordedIn "Database001"  # Generated from value "Database001" located at cell 'Data'!E4.
   Types: HealthAlertEvent
   Annotations: rdfs:label "HighHealthAlertEvent"
Individual: HighHealthAlertEvent  # Generated from value "HighHealthAlertEvent" located at cell 'Data'!A4.
   Facts: isDetectedBy "HealthDetectionMethod"  # Generated from value "HealthDetectionMethod" located at cell 'Data'!C4.,
         isSupportedBy "LethargyIndicator"  # Generated from value "LethargyIndicator" located at cell 'Data'!D4.,
         isRecordedIn "Database001"  # Generated from value "Database001" located at cell 'Data'!E4.
   Types: HealthAlertEvent
   Annotations: rdfs:label "HighHealthAlertEvent"
Individual: HighHealthAlertEvent  # Generated from value "HighHealthAlertEvent" located at cell 'Data'!A4.
   Facts: isDetectedBy "HealthDetectionMethod"  # Generated from value "HealthDetectionMethod" located at cell 'Data'!C4.,
         isSupportedBy "LethargyIndicator"  # Generated from value "LethargyIndicator" located at cell 'Data'!D4.,
         isRecordedIn "Database001"  # Generated from value "Database001" located at cell 'Data'!E4.
   Types: HealthAlertEvent
   Annotations: rdfs:label "HighHealthAlertEvent"
Individual: HighHealthAlertEvent  # Generated from value "HighHealthAlertEvent" located at cell 'Data'!A4.
   Facts: isDetectedBy "HealthDetectionMethod"  # Generated from value "HealthDetectionMethod" located at cell 'Data'!C4.,
         isSupportedBy "LethargyIndicator"  # Generated from value "LethargyIndicator" located at cell 'Data'!D4.,
         isRecordedIn "Database001"  # Generated from value "Database001" located at cell 'Data'!E4.
   Types: HealthAlertEvent
   Annotations: rdfs:label "HighHealthAlertEvent"
Individual: HighHealthAlertEvent  # Generated from value "HighHealthAlertEvent" located at cell 'Data'!A4.
   Facts: isDetectedBy "HealthDetectionMethod"  # Generated from value "HealthDetectionMethod" located at cell 'Data'!C4.,
         isSupportedBy "LethargyIndicator"  # Generated from value "LethargyIndicator" located at cell 'Data'!D4.,
         isRecordedIn "Database001"  # Generated from value "Database001" located at cell 'Data'!E4.
   Types: HealthAlertEvent
   Annotations: rdfs:label "HighHealthAlertEvent"
Individual: HighHealthAlertEvent  # Generated from value "HighHealthAlertEvent" located at cell 'Data'!A4.
   Facts: isDetectedBy "HealthDetectionMethod"  # Generated from value "HealthDetectionMethod" located at cell 'Data'!C4.,
         isSupportedBy "LethargyIndicator"  # Generated from value "LethargyIndicator" located at cell 'Data'!D4.,
         isRecordedIn "Database001"  # Generated from value "Database001" located at cell 'Data'!E4.
   Types: HealthAlertEvent
   Annotations: rdfs:label "HighHealthAlertEvent"
Individual: HighHealthAlertEvent  # Generated from value "HighHealthAlertEvent" located at cell 'Data'!A4.
   Facts: isDetectedBy "HealthDetectionMethod"  # Generated from value "HealthDetectionMethod" located at cell 'Data'!C4.,
         isSupportedBy "LethargyIndicator"  # Generated from value "LethargyIndicator" located at cell 'Data'!D4.,
         isRecordedIn "Database001"  # Generated from value "Database001" located at cell 'Data'!E4.
   Types: HealthAlertEvent
   Annotations: rdfs:label "HighHealthAlertEvent"
Individual: HighHealthAlertEvent  # Generated from value "HighHealthAlertEvent" located at cell 'Data'!A4.
   Facts: isDetectedBy "HealthDetectionMethod"  # Generated from value "HealthDetectionMethod" located at cell 'Data'!C4.,
         isSupportedBy "LethargyIndicator"  # Generated from value "LethargyIndicator" located at cell 'Data'!D4.,
         isRecordedIn "Database001"  # Generated from value "Database001" located at cell 'Data'!E4.
   Types: HealthAlertEvent
   Annotations: rdfs:label "HighHealthAlertEvent"

# Cell range: (Data!A2:E+) Comment: ""
# Individual: @A5 Annotations: rdfs:label @A5 Types: @B5 Facts: isDetectedBy @C5,isSupportedBy @D5,isRecordedIn @E5

Individual: SuspiciousMovementEvent  # Generated from value "SuspiciousMovementEvent" located at cell 'Data'!A5.
   Facts: isDetectedBy "TheftDetectionSystem"  # Generated from value "TheftDetectionSystem" located at cell 'Data'!C5.,
         isSupportedBy "LowSuspiciousIndicator"  # Generated from value "LowSuspiciousIndicator" located at cell 'Data'!D5.,
         isRecordedIn "Database001"  # Generated from value "Database001" located at cell 'Data'!E5.
   Types: SuspiciousEvent
   Annotations: rdfs:label "SuspiciousMovementEvent"
Individual: SuspiciousMovementEvent  # Generated from value "SuspiciousMovementEvent" located at cell 'Data'!A5.
   Facts: isDetectedBy "TheftDetectionSystem"  # Generated from value "TheftDetectionSystem" located at cell 'Data'!C5.,
         isSupportedBy "LowSuspiciousIndicator"  # Generated from value "LowSuspiciousIndicator" located at cell 'Data'!D5.,
         isRecordedIn "Database001"  # Generated from value "Database001" located at cell 'Data'!E5.
   Types: SuspiciousEvent
   Annotations: rdfs:label "SuspiciousMovementEvent"
Individual: SuspiciousMovementEvent  # Generated from value "SuspiciousMovementEvent" located at cell 'Data'!A5.
   Facts: isDetectedBy "TheftDetectionSystem"  # Generated from value "TheftDetectionSystem" located at cell 'Data'!C5.,
         isSupportedBy "LowSuspiciousIndicator"  # Generated from value "LowSuspiciousIndicator" located at cell 'Data'!D5.,
         isRecordedIn "Database001"  # Generated from value "Database001" located at cell 'Data'!E5.
   Types: SuspiciousEvent
   Annotations: rdfs:label "SuspiciousMovementEvent"
Individual: SuspiciousMovementEvent  # Generated from value "SuspiciousMovementEvent" located at cell 'Data'!A5.
   Facts: isDetectedBy "TheftDetectionSystem"  # Generated from value "TheftDetectionSystem" located at cell 'Data'!C5.,
         isSupportedBy "LowSuspiciousIndicator"  # Generated from value "LowSuspiciousIndicator" located at cell 'Data'!D5.,
         isRecordedIn "Database001"  # Generated from value "Database001" located at cell 'Data'!E5.
   Types: SuspiciousEvent
   Annotations: rdfs:label "SuspiciousMovementEvent"
Individual: SuspiciousMovementEvent  # Generated from value "SuspiciousMovementEvent" located at cell 'Data'!A5.
   Facts: isDetectedBy "TheftDetectionSystem"  # Generated from value "TheftDetectionSystem" located at cell 'Data'!C5.,
         isSupportedBy "LowSuspiciousIndicator"  # Generated from value "LowSuspiciousIndicator" located at cell 'Data'!D5.,
         isRecordedIn "Database001"  # Generated from value "Database001" located at cell 'Data'!E5.
   Types: SuspiciousEvent
   Annotations: rdfs:label "SuspiciousMovementEvent"
Individual: SuspiciousMovementEvent  # Generated from value "SuspiciousMovementEvent" located at cell 'Data'!A5.
   Facts: isDetectedBy "TheftDetectionSystem"  # Generated from value "TheftDetectionSystem" located at cell 'Data'!C5.,
         isSupportedBy "LowSuspiciousIndicator"  # Generated from value "LowSuspiciousIndicator" located at cell 'Data'!D5.,
         isRecordedIn "Database001"  # Generated from value "Database001" located at cell 'Data'!E5.
   Types: SuspiciousEvent
   Annotations: rdfs:label "SuspiciousMovementEvent"
Individual: SuspiciousMovementEvent  # Generated from value "SuspiciousMovementEvent" located at cell 'Data'!A5.
   Facts: isDetectedBy "TheftDetectionSystem"  # Generated from value "TheftDetectionSystem" located at cell 'Data'!C5.,
         isSupportedBy "LowSuspiciousIndicator"  # Generated from value "LowSuspiciousIndicator" located at cell 'Data'!D5.,
         isRecordedIn "Database001"  # Generated from value "Database001" located at cell 'Data'!E5.
   Types: SuspiciousEvent
   Annotations: rdfs:label "SuspiciousMovementEvent"
Individual: SuspiciousMovementEvent  # Generated from value "SuspiciousMovementEvent" located at cell 'Data'!A5.
   Facts: isDetectedBy "TheftDetectionSystem"  # Generated from value "TheftDetectionSystem" located at cell 'Data'!C5.,
         isSupportedBy "LowSuspiciousIndicator"  # Generated from value "LowSuspiciousIndicator" located at cell 'Data'!D5.,
         isRecordedIn "Database001"  # Generated from value "Database001" located at cell 'Data'!E5.
   Types: SuspiciousEvent
   Annotations: rdfs:label "SuspiciousMovementEvent"
Individual: SuspiciousMovementEvent  # Generated from value "SuspiciousMovementEvent" located at cell 'Data'!A5.
   Facts: isDetectedBy "TheftDetectionSystem"  # Generated from value "TheftDetectionSystem" located at cell 'Data'!C5.,
         isSupportedBy "LowSuspiciousIndicator"  # Generated from value "LowSuspiciousIndicator" located at cell 'Data'!D5.,
         isRecordedIn "Database001"  # Generated from value "Database001" located at cell 'Data'!E5.
   Types: SuspiciousEvent
   Annotations: rdfs:label "SuspiciousMovementEvent"
Individual: SuspiciousMovementEvent  # Generated from value "SuspiciousMovementEvent" located at cell 'Data'!A5.
   Facts: isDetectedBy "TheftDetectionSystem"  # Generated from value "TheftDetectionSystem" located at cell 'Data'!C5.,
         isSupportedBy "LowSuspiciousIndicator"  # Generated from value "LowSuspiciousIndicator" located at cell 'Data'!D5.,
         isRecordedIn "Database001"  # Generated from value "Database001" located at cell 'Data'!E5.
   Types: SuspiciousEvent
   Annotations: rdfs:label "SuspiciousMovementEvent"
Individual: SuspiciousMovementEvent  # Generated from value "SuspiciousMovementEvent" located at cell 'Data'!A5.
   Facts: isDetectedBy "TheftDetectionSystem"  # Generated from value "TheftDetectionSystem" located at cell 'Data'!C5.,
         isSupportedBy "LowSuspiciousIndicator"  # Generated from value "LowSuspiciousIndicator" located at cell 'Data'!D5.,
         isRecordedIn "Database001"  # Generated from value "Database001" located at cell 'Data'!E5.
   Types: SuspiciousEvent
   Annotations: rdfs:label "SuspiciousMovementEvent"
Individual: SuspiciousMovementEvent  # Generated from value "SuspiciousMovementEvent" located at cell 'Data'!A5.
   Facts: isDetectedBy "TheftDetectionSystem"  # Generated from value "TheftDetectionSystem" located at cell 'Data'!C5.,
         isSupportedBy "LowSuspiciousIndicator"  # Generated from value "LowSuspiciousIndicator" located at cell 'Data'!D5.,
         isRecordedIn "Database001"  # Generated from value "Database001" located at cell 'Data'!E5.
   Types: SuspiciousEvent
   Annotations: rdfs:label "SuspiciousMovementEvent"
Individual: SuspiciousMovementEvent  # Generated from value "SuspiciousMovementEvent" located at cell 'Data'!A5.
   Facts: isDetectedBy "TheftDetectionSystem"  # Generated from value "TheftDetectionSystem" located at cell 'Data'!C5.,
         isSupportedBy "LowSuspiciousIndicator"  # Generated from value "LowSuspiciousIndicator" located at cell 'Data'!D5.,
         isRecordedIn "Database001"  # Generated from value "Database001" located at cell 'Data'!E5.
   Types: SuspiciousEvent
   Annotations: rdfs:label "SuspiciousMovementEvent"
Individual: SuspiciousMovementEvent  # Generated from value "SuspiciousMovementEvent" located at cell 'Data'!A5.
   Facts: isDetectedBy "TheftDetectionSystem"  # Generated from value "TheftDetectionSystem" located at cell 'Data'!C5.,
         isSupportedBy "LowSuspiciousIndicator"  # Generated from value "LowSuspiciousIndicator" located at cell 'Data'!D5.,
         isRecordedIn "Database001"  # Generated from value "Database001" located at cell 'Data'!E5.
   Types: SuspiciousEvent
   Annotations: rdfs:label "SuspiciousMovementEvent"
Individual: SuspiciousMovementEvent  # Generated from value "SuspiciousMovementEvent" located at cell 'Data'!A5.
   Facts: isDetectedBy "TheftDetectionSystem"  # Generated from value "TheftDetectionSystem" located at cell 'Data'!C5.,
         isSupportedBy "LowSuspiciousIndicator"  # Generated from value "LowSuspiciousIndicator" located at cell 'Data'!D5.,
         isRecordedIn "Database001"  # Generated from value "Database001" located at cell 'Data'!E5.
   Types: SuspiciousEvent
   Annotations: rdfs:label "SuspiciousMovementEvent"
Individual: SuspiciousMovementEvent  # Generated from value "SuspiciousMovementEvent" located at cell 'Data'!A5.
   Facts: isDetectedBy "TheftDetectionSystem"  # Generated from value "TheftDetectionSystem" located at cell 'Data'!C5.,
         isSupportedBy "LowSuspiciousIndicator"  # Generated from value "LowSuspiciousIndicator" located at cell 'Data'!D5.,
         isRecordedIn "Database001"  # Generated from value "Database001" located at cell 'Data'!E5.
   Types: SuspiciousEvent
   Annotations: rdfs:label "SuspiciousMovementEvent"
Individual: SuspiciousMovementEvent  # Generated from value "SuspiciousMovementEvent" located at cell 'Data'!A5.
   Facts: isDetectedBy "TheftDetectionSystem"  # Generated from value "TheftDetectionSystem" located at cell 'Data'!C5.,
         isSupportedBy "LowSuspiciousIndicator"  # Generated from value "LowSuspiciousIndicator" located at cell 'Data'!D5.,
         isRecordedIn "Database001"  # Generated from value "Database001" located at cell 'Data'!E5.
   Types: SuspiciousEvent
   Annotations: rdfs:label "SuspiciousMovementEvent"
Individual: SuspiciousMovementEvent  # Generated from value "SuspiciousMovementEvent" located at cell 'Data'!A5.
   Facts: isDetectedBy "TheftDetectionSystem"  # Generated from value "TheftDetectionSystem" located at cell 'Data'!C5.,
         isSupportedBy "LowSuspiciousIndicator"  # Generated from value "LowSuspiciousIndicator" located at cell 'Data'!D5.,
         isRecordedIn "Database001"  # Generated from value "Database001" located at cell 'Data'!E5.
   Types: SuspiciousEvent
   Annotations: rdfs:label "SuspiciousMovementEvent"
Individual: SuspiciousMovementEvent  # Generated from value "SuspiciousMovementEvent" located at cell 'Data'!A5.
   Facts: isDetectedBy "TheftDetectionSystem"  # Generated from value "TheftDetectionSystem" located at cell 'Data'!C5.,
         isSupportedBy "LowSuspiciousIndicator"  # Generated from value "LowSuspiciousIndicator" located at cell 'Data'!D5.,
         isRecordedIn "Database001"  # Generated from value "Database001" located at cell 'Data'!E5.
   Types: SuspiciousEvent
   Annotations: rdfs:label "SuspiciousMovementEvent"
Individual: SuspiciousMovementEvent  # Generated from value "SuspiciousMovementEvent" located at cell 'Data'!A5.
   Facts: isDetectedBy "TheftDetectionSystem"  # Generated from value "TheftDetectionSystem" located at cell 'Data'!C5.,
         isSupportedBy "LowSuspiciousIndicator"  # Generated from value "LowSuspiciousIndicator" located at cell 'Data'!D5.,
         isRecordedIn "Database001"  # Generated from value "Database001" located at cell 'Data'!E5.
   Types: SuspiciousEvent
   Annotations: rdfs:label "SuspiciousMovementEvent"
Individual: SuspiciousMovementEvent  # Generated from value "SuspiciousMovementEvent" located at cell 'Data'!A5.
   Facts: isDetectedBy "TheftDetectionSystem"  # Generated from value "TheftDetectionSystem" located at cell 'Data'!C5.,
         isSupportedBy "LowSuspiciousIndicator"  # Generated from value "LowSuspiciousIndicator" located at cell 'Data'!D5.,
         isRecordedIn "Database001"  # Generated from value "Database001" located at cell 'Data'!E5.
   Types: SuspiciousEvent
   Annotations: rdfs:label "SuspiciousMovementEvent"
Individual: SuspiciousMovementEvent  # Generated from value "SuspiciousMovementEvent" located at cell 'Data'!A5.
   Facts: isDetectedBy "TheftDetectionSystem"  # Generated from value "TheftDetectionSystem" located at cell 'Data'!C5.,
         isSupportedBy "LowSuspiciousIndicator"  # Generated from value "LowSuspiciousIndicator" located at cell 'Data'!D5.,
         isRecordedIn "Database001"  # Generated from value "Database001" located at cell 'Data'!E5.
   Types: SuspiciousEvent
   Annotations: rdfs:label "SuspiciousMovementEvent"
Individual: SuspiciousMovementEvent  # Generated from value "SuspiciousMovementEvent" located at cell 'Data'!A5.
   Facts: isDetectedBy "TheftDetectionSystem"  # Generated from value "TheftDetectionSystem" located at cell 'Data'!C5.,
         isSupportedBy "LowSuspiciousIndicator"  # Generated from value "LowSuspiciousIndicator" located at cell 'Data'!D5.,
         isRecordedIn "Database001"  # Generated from value "Database001" located at cell 'Data'!E5.
   Types: SuspiciousEvent
   Annotations: rdfs:label "SuspiciousMovementEvent"
Individual: SuspiciousMovementEvent  # Generated from value "SuspiciousMovementEvent" located at cell 'Data'!A5.
   Facts: isDetectedBy "TheftDetectionSystem"  # Generated from value "TheftDetectionSystem" located at cell 'Data'!C5.,
         isSupportedBy "LowSuspiciousIndicator"  # Generated from value "LowSuspiciousIndicator" located at cell 'Data'!D5.,
         isRecordedIn "Database001"  # Generated from value "Database001" located at cell 'Data'!E5.
   Types: SuspiciousEvent
   Annotations: rdfs:label "SuspiciousMovementEvent"
Individual: SuspiciousMovementEvent  # Generated from value "SuspiciousMovementEvent" located at cell 'Data'!A5.
   Facts: isDetectedBy "TheftDetectionSystem"  # Generated from value "TheftDetectionSystem" located at cell 'Data'!C5.,
         isSupportedBy "LowSuspiciousIndicator"  # Generated from value "LowSuspiciousIndicator" located at cell 'Data'!D5.,
         isRecordedIn "Database001"  # Generated from value "Database001" located at cell 'Data'!E5.
   Types: SuspiciousEvent
   Annotations: rdfs:label "SuspiciousMovementEvent"
Individual: SuspiciousMovementEvent  # Generated from value "SuspiciousMovementEvent" located at cell 'Data'!A5.
   Facts: isDetectedBy "TheftDetectionSystem"  # Generated from value "TheftDetectionSystem" located at cell 'Data'!C5.,
         isSupportedBy "LowSuspiciousIndicator"  # Generated from value "LowSuspiciousIndicator" located at cell 'Data'!D5.,
         isRecordedIn "Database001"  # Generated from value "Database001" located at cell 'Data'!E5.
   Types: SuspiciousEvent
   Annotations: rdfs:label "SuspiciousMovementEvent"
Individual: SuspiciousMovementEvent  # Generated from value "SuspiciousMovementEvent" located at cell 'Data'!A5.
   Facts: isDetectedBy "TheftDetectionSystem"  # Generated from value "TheftDetectionSystem" located at cell 'Data'!C5.,
         isSupportedBy "LowSuspiciousIndicator"  # Generated from value "LowSuspiciousIndicator" located at cell 'Data'!D5.,
         isRecordedIn "Database001"  # Generated from value "Database001" located at cell 'Data'!E5.
   Types: SuspiciousEvent
   Annotations: rdfs:label "SuspiciousMovementEvent"
Individual: SuspiciousMovementEvent  # Generated from value "SuspiciousMovementEvent" located at cell 'Data'!A5.
   Facts: isDetectedBy "TheftDetectionSystem"  # Generated from value "TheftDetectionSystem" located at cell 'Data'!C5.,
         isSupportedBy "LowSuspiciousIndicator"  # Generated from value "LowSuspiciousIndicator" located at cell 'Data'!D5.,
         isRecordedIn "Database001"  # Generated from value "Database001" located at cell 'Data'!E5.
   Types: SuspiciousEvent
   Annotations: rdfs:label "SuspiciousMovementEvent"
Individual: SuspiciousMovementEvent  # Generated from value "SuspiciousMovementEvent" located at cell 'Data'!A5.
   Facts: isDetectedBy "TheftDetectionSystem"  # Generated from value "TheftDetectionSystem" located at cell 'Data'!C5.,
         isSupportedBy "LowSuspiciousIndicator"  # Generated from value "LowSuspiciousIndicator" located at cell 'Data'!D5.,
         isRecordedIn "Database001"  # Generated from value "Database001" located at cell 'Data'!E5.
   Types: SuspiciousEvent
   Annotations: rdfs:label "SuspiciousMovementEvent"
Individual: SuspiciousMovementEvent  # Generated from value "SuspiciousMovementEvent" located at cell 'Data'!A5.
   Facts: isDetectedBy "TheftDetectionSystem"  # Generated from value "TheftDetectionSystem" located at cell 'Data'!C5.,
         isSupportedBy "LowSuspiciousIndicator"  # Generated from value "LowSuspiciousIndicator" located at cell 'Data'!D5.,
         isRecordedIn "Database001"  # Generated from value "Database001" located at cell 'Data'!E5.
   Types: SuspiciousEvent
   Annotations: rdfs:label "SuspiciousMovementEvent"
Individual: SuspiciousMovementEvent  # Generated from value "SuspiciousMovementEvent" located at cell 'Data'!A5.
   Facts: isDetectedBy "TheftDetectionSystem"  # Generated from value "TheftDetectionSystem" located at cell 'Data'!C5.,
         isSupportedBy "LowSuspiciousIndicator"  # Generated from value "LowSuspiciousIndicator" located at cell 'Data'!D5.,
         isRecordedIn "Database001"  # Generated from value "Database001" located at cell 'Data'!E5.
   Types: SuspiciousEvent
   Annotations: rdfs:label "SuspiciousMovementEvent"
Individual: SuspiciousMovementEvent  # Generated from value "SuspiciousMovementEvent" located at cell 'Data'!A5.
   Facts: isDetectedBy "TheftDetectionSystem"  # Generated from value "TheftDetectionSystem" located at cell 'Data'!C5.,
         isSupportedBy "LowSuspiciousIndicator"  # Generated from value "LowSuspiciousIndicator" located at cell 'Data'!D5.,
         isRecordedIn "Database001"  # Generated from value "Database001" located at cell 'Data'!E5.
   Types: SuspiciousEvent
   Annotations: rdfs:label "SuspiciousMovementEvent"
Individual: SuspiciousMovementEvent  # Generated from value "SuspiciousMovementEvent" located at cell 'Data'!A5.
   Facts: isDetectedBy "TheftDetectionSystem"  # Generated from value "TheftDetectionSystem" located at cell 'Data'!C5.,
         isSupportedBy "LowSuspiciousIndicator"  # Generated from value "LowSuspiciousIndicator" located at cell 'Data'!D5.,
         isRecordedIn "Database001"  # Generated from value "Database001" located at cell 'Data'!E5.
   Types: SuspiciousEvent
   Annotations: rdfs:label "SuspiciousMovementEvent"
Individual: SuspiciousMovementEvent  # Generated from value "SuspiciousMovementEvent" located at cell 'Data'!A5.
   Facts: isDetectedBy "TheftDetectionSystem"  # Generated from value "TheftDetectionSystem" located at cell 'Data'!C5.,
         isSupportedBy "LowSuspiciousIndicator"  # Generated from value "LowSuspiciousIndicator" located at cell 'Data'!D5.,
         isRecordedIn "Database001"  # Generated from value "Database001" located at cell 'Data'!E5.
   Types: SuspiciousEvent
   Annotations: rdfs:label "SuspiciousMovementEvent"
Individual: SuspiciousMovementEvent  # Generated from value "SuspiciousMovementEvent" located at cell 'Data'!A5.
   Facts: isDetectedBy "TheftDetectionSystem"  # Generated from value "TheftDetectionSystem" located at cell 'Data'!C5.,
         isSupportedBy "LowSuspiciousIndicator"  # Generated from value "LowSuspiciousIndicator" located at cell 'Data'!D5.,
         isRecordedIn "Database001"  # Generated from value "Database001" located at cell 'Data'!E5.
   Types: SuspiciousEvent
   Annotations: rdfs:label "SuspiciousMovementEvent"

# Cell range: (Data!A2:E+) Comment: ""
# Individual: @A6 Annotations: rdfs:label @A6 Types: @B6 Facts: isDetectedBy @C6,isSupportedBy @D6,isRecordedIn @E6

Individual: SystemStatusUpdateEvent  # Generated from value "SystemStatusUpdateEvent" located at cell 'Data'!A6.
   Facts: isDetectedBy "TheftDetectionSystem"  # Generated from value "TheftDetectionSystem" located at cell 'Data'!C6.,
         isSupportedBy "NormalActivityIndicator"  # Generated from value "NormalActivityIndicator" located at cell 'Data'!D6.,
         isRecordedIn "Database001"  # Generated from value "Database001" located at cell 'Data'!E6.
   Types: StatusUpdateEvent
   Annotations: rdfs:label "SystemStatusUpdateEvent"
Individual: SystemStatusUpdateEvent  # Generated from value "SystemStatusUpdateEvent" located at cell 'Data'!A6.
   Facts: isDetectedBy "TheftDetectionSystem"  # Generated from value "TheftDetectionSystem" located at cell 'Data'!C6.,
         isSupportedBy "NormalActivityIndicator"  # Generated from value "NormalActivityIndicator" located at cell 'Data'!D6.,
         isRecordedIn "Database001"  # Generated from value "Database001" located at cell 'Data'!E6.
   Types: StatusUpdateEvent
   Annotations: rdfs:label "SystemStatusUpdateEvent"
Individual: SystemStatusUpdateEvent  # Generated from value "SystemStatusUpdateEvent" located at cell 'Data'!A6.
   Facts: isDetectedBy "TheftDetectionSystem"  # Generated from value "TheftDetectionSystem" located at cell 'Data'!C6.,
         isSupportedBy "NormalActivityIndicator"  # Generated from value "NormalActivityIndicator" located at cell 'Data'!D6.,
         isRecordedIn "Database001"  # Generated from value "Database001" located at cell 'Data'!E6.
   Types: StatusUpdateEvent
   Annotations: rdfs:label "SystemStatusUpdateEvent"
Individual: SystemStatusUpdateEvent  # Generated from value "SystemStatusUpdateEvent" located at cell 'Data'!A6.
   Facts: isDetectedBy "TheftDetectionSystem"  # Generated from value "TheftDetectionSystem" located at cell 'Data'!C6.,
         isSupportedBy "NormalActivityIndicator"  # Generated from value "NormalActivityIndicator" located at cell 'Data'!D6.,
         isRecordedIn "Database001"  # Generated from value "Database001" located at cell 'Data'!E6.
   Types: StatusUpdateEvent
   Annotations: rdfs:label "SystemStatusUpdateEvent"
Individual: SystemStatusUpdateEvent  # Generated from value "SystemStatusUpdateEvent" located at cell 'Data'!A6.
   Facts: isDetectedBy "TheftDetectionSystem"  # Generated from value "TheftDetectionSystem" located at cell 'Data'!C6.,
         isSupportedBy "NormalActivityIndicator"  # Generated from value "NormalActivityIndicator" located at cell 'Data'!D6.,
         isRecordedIn "Database001"  # Generated from value "Database001" located at cell 'Data'!E6.
   Types: StatusUpdateEvent
   Annotations: rdfs:label "SystemStatusUpdateEvent"
Individual: SystemStatusUpdateEvent  # Generated from value "SystemStatusUpdateEvent" located at cell 'Data'!A6.
   Facts: isDetectedBy "TheftDetectionSystem"  # Generated from value "TheftDetectionSystem" located at cell 'Data'!C6.,
         isSupportedBy "NormalActivityIndicator"  # Generated from value "NormalActivityIndicator" located at cell 'Data'!D6.,
         isRecordedIn "Database001"  # Generated from value "Database001" located at cell 'Data'!E6.
   Types: StatusUpdateEvent
   Annotations: rdfs:label "SystemStatusUpdateEvent"
Individual: SystemStatusUpdateEvent  # Generated from value "SystemStatusUpdateEvent" located at cell 'Data'!A6.
   Facts: isDetectedBy "TheftDetectionSystem"  # Generated from value "TheftDetectionSystem" located at cell 'Data'!C6.,
         isSupportedBy "NormalActivityIndicator"  # Generated from value "NormalActivityIndicator" located at cell 'Data'!D6.,
         isRecordedIn "Database001"  # Generated from value "Database001" located at cell 'Data'!E6.
   Types: StatusUpdateEvent
   Annotations: rdfs:label "SystemStatusUpdateEvent"
Individual: SystemStatusUpdateEvent  # Generated from value "SystemStatusUpdateEvent" located at cell 'Data'!A6.
   Facts: isDetectedBy "TheftDetectionSystem"  # Generated from value "TheftDetectionSystem" located at cell 'Data'!C6.,
         isSupportedBy "NormalActivityIndicator"  # Generated from value "NormalActivityIndicator" located at cell 'Data'!D6.,
         isRecordedIn "Database001"  # Generated from value "Database001" located at cell 'Data'!E6.
   Types: StatusUpdateEvent
   Annotations: rdfs:label "SystemStatusUpdateEvent"
Individual: SystemStatusUpdateEvent  # Generated from value "SystemStatusUpdateEvent" located at cell 'Data'!A6.
   Facts: isDetectedBy "TheftDetectionSystem"  # Generated from value "TheftDetectionSystem" located at cell 'Data'!C6.,
         isSupportedBy "NormalActivityIndicator"  # Generated from value "NormalActivityIndicator" located at cell 'Data'!D6.,
         isRecordedIn "Database001"  # Generated from value "Database001" located at cell 'Data'!E6.
   Types: StatusUpdateEvent
   Annotations: rdfs:label "SystemStatusUpdateEvent"
Individual: SystemStatusUpdateEvent  # Generated from value "SystemStatusUpdateEvent" located at cell 'Data'!A6.
   Facts: isDetectedBy "TheftDetectionSystem"  # Generated from value "TheftDetectionSystem" located at cell 'Data'!C6.,
         isSupportedBy "NormalActivityIndicator"  # Generated from value "NormalActivityIndicator" located at cell 'Data'!D6.,
         isRecordedIn "Database001"  # Generated from value "Database001" located at cell 'Data'!E6.
   Types: StatusUpdateEvent
   Annotations: rdfs:label "SystemStatusUpdateEvent"
Individual: SystemStatusUpdateEvent  # Generated from value "SystemStatusUpdateEvent" located at cell 'Data'!A6.
   Facts: isDetectedBy "TheftDetectionSystem"  # Generated from value "TheftDetectionSystem" located at cell 'Data'!C6.,
         isSupportedBy "NormalActivityIndicator"  # Generated from value "NormalActivityIndicator" located at cell 'Data'!D6.,
         isRecordedIn "Database001"  # Generated from value "Database001" located at cell 'Data'!E6.
   Types: StatusUpdateEvent
   Annotations: rdfs:label "SystemStatusUpdateEvent"
Individual: SystemStatusUpdateEvent  # Generated from value "SystemStatusUpdateEvent" located at cell 'Data'!A6.
   Facts: isDetectedBy "TheftDetectionSystem"  # Generated from value "TheftDetectionSystem" located at cell 'Data'!C6.,
         isSupportedBy "NormalActivityIndicator"  # Generated from value "NormalActivityIndicator" located at cell 'Data'!D6.,
         isRecordedIn "Database001"  # Generated from value "Database001" located at cell 'Data'!E6.
   Types: StatusUpdateEvent
   Annotations: rdfs:label "SystemStatusUpdateEvent"
Individual: SystemStatusUpdateEvent  # Generated from value "SystemStatusUpdateEvent" located at cell 'Data'!A6.
   Facts: isDetectedBy "TheftDetectionSystem"  # Generated from value "TheftDetectionSystem" located at cell 'Data'!C6.,
         isSupportedBy "NormalActivityIndicator"  # Generated from value "NormalActivityIndicator" located at cell 'Data'!D6.,
         isRecordedIn "Database001"  # Generated from value "Database001" located at cell 'Data'!E6.
   Types: StatusUpdateEvent
   Annotations: rdfs:label "SystemStatusUpdateEvent"
Individual: SystemStatusUpdateEvent  # Generated from value "SystemStatusUpdateEvent" located at cell 'Data'!A6.
   Facts: isDetectedBy "TheftDetectionSystem"  # Generated from value "TheftDetectionSystem" located at cell 'Data'!C6.,
         isSupportedBy "NormalActivityIndicator"  # Generated from value "NormalActivityIndicator" located at cell 'Data'!D6.,
         isRecordedIn "Database001"  # Generated from value "Database001" located at cell 'Data'!E6.
   Types: StatusUpdateEvent
   Annotations: rdfs:label "SystemStatusUpdateEvent"
Individual: SystemStatusUpdateEvent  # Generated from value "SystemStatusUpdateEvent" located at cell 'Data'!A6.
   Facts: isDetectedBy "TheftDetectionSystem"  # Generated from value "TheftDetectionSystem" located at cell 'Data'!C6.,
         isSupportedBy "NormalActivityIndicator"  # Generated from value "NormalActivityIndicator" located at cell 'Data'!D6.,
         isRecordedIn "Database001"  # Generated from value "Database001" located at cell 'Data'!E6.
   Types: StatusUpdateEvent
   Annotations: rdfs:label "SystemStatusUpdateEvent"
Individual: SystemStatusUpdateEvent  # Generated from value "SystemStatusUpdateEvent" located at cell 'Data'!A6.
   Facts: isDetectedBy "TheftDetectionSystem"  # Generated from value "TheftDetectionSystem" located at cell 'Data'!C6.,
         isSupportedBy "NormalActivityIndicator"  # Generated from value "NormalActivityIndicator" located at cell 'Data'!D6.,
         isRecordedIn "Database001"  # Generated from value "Database001" located at cell 'Data'!E6.
   Types: StatusUpdateEvent
   Annotations: rdfs:label "SystemStatusUpdateEvent"
Individual: SystemStatusUpdateEvent  # Generated from value "SystemStatusUpdateEvent" located at cell 'Data'!A6.
   Facts: isDetectedBy "TheftDetectionSystem"  # Generated from value "TheftDetectionSystem" located at cell 'Data'!C6.,
         isSupportedBy "NormalActivityIndicator"  # Generated from value "NormalActivityIndicator" located at cell 'Data'!D6.,
         isRecordedIn "Database001"  # Generated from value "Database001" located at cell 'Data'!E6.
   Types: StatusUpdateEvent
   Annotations: rdfs:label "SystemStatusUpdateEvent"
Individual: SystemStatusUpdateEvent  # Generated from value "SystemStatusUpdateEvent" located at cell 'Data'!A6.
   Facts: isDetectedBy "TheftDetectionSystem"  # Generated from value "TheftDetectionSystem" located at cell 'Data'!C6.,
         isSupportedBy "NormalActivityIndicator"  # Generated from value "NormalActivityIndicator" located at cell 'Data'!D6.,
         isRecordedIn "Database001"  # Generated from value "Database001" located at cell 'Data'!E6.
   Types: StatusUpdateEvent
   Annotations: rdfs:label "SystemStatusUpdateEvent"
Individual: SystemStatusUpdateEvent  # Generated from value "SystemStatusUpdateEvent" located at cell 'Data'!A6.
   Facts: isDetectedBy "TheftDetectionSystem"  # Generated from value "TheftDetectionSystem" located at cell 'Data'!C6.,
         isSupportedBy "NormalActivityIndicator"  # Generated from value "NormalActivityIndicator" located at cell 'Data'!D6.,
         isRecordedIn "Database001"  # Generated from value "Database001" located at cell 'Data'!E6.
   Types: StatusUpdateEvent
   Annotations: rdfs:label "SystemStatusUpdateEvent"
Individual: SystemStatusUpdateEvent  # Generated from value "SystemStatusUpdateEvent" located at cell 'Data'!A6.
   Facts: isDetectedBy "TheftDetectionSystem"  # Generated from value "TheftDetectionSystem" located at cell 'Data'!C6.,
         isSupportedBy "NormalActivityIndicator"  # Generated from value "NormalActivityIndicator" located at cell 'Data'!D6.,
         isRecordedIn "Database001"  # Generated from value "Database001" located at cell 'Data'!E6.
   Types: StatusUpdateEvent
   Annotations: rdfs:label "SystemStatusUpdateEvent"
Individual: SystemStatusUpdateEvent  # Generated from value "SystemStatusUpdateEvent" located at cell 'Data'!A6.
   Facts: isDetectedBy "TheftDetectionSystem"  # Generated from value "TheftDetectionSystem" located at cell 'Data'!C6.,
         isSupportedBy "NormalActivityIndicator"  # Generated from value "NormalActivityIndicator" located at cell 'Data'!D6.,
         isRecordedIn "Database001"  # Generated from value "Database001" located at cell 'Data'!E6.
   Types: StatusUpdateEvent
   Annotations: rdfs:label "SystemStatusUpdateEvent"
Individual: SystemStatusUpdateEvent  # Generated from value "SystemStatusUpdateEvent" located at cell 'Data'!A6.
   Facts: isDetectedBy "TheftDetectionSystem"  # Generated from value "TheftDetectionSystem" located at cell 'Data'!C6.,
         isSupportedBy "NormalActivityIndicator"  # Generated from value "NormalActivityIndicator" located at cell 'Data'!D6.,
         isRecordedIn "Database001"  # Generated from value "Database001" located at cell 'Data'!E6.
   Types: StatusUpdateEvent
   Annotations: rdfs:label "SystemStatusUpdateEvent"
Individual: SystemStatusUpdateEvent  # Generated from value "SystemStatusUpdateEvent" located at cell 'Data'!A6.
   Facts: isDetectedBy "TheftDetectionSystem"  # Generated from value "TheftDetectionSystem" located at cell 'Data'!C6.,
         isSupportedBy "NormalActivityIndicator"  # Generated from value "NormalActivityIndicator" located at cell 'Data'!D6.,
         isRecordedIn "Database001"  # Generated from value "Database001" located at cell 'Data'!E6.
   Types: StatusUpdateEvent
   Annotations: rdfs:label "SystemStatusUpdateEvent"
Individual: SystemStatusUpdateEvent  # Generated from value "SystemStatusUpdateEvent" located at cell 'Data'!A6.
   Facts: isDetectedBy "TheftDetectionSystem"  # Generated from value "TheftDetectionSystem" located at cell 'Data'!C6.,
         isSupportedBy "NormalActivityIndicator"  # Generated from value "NormalActivityIndicator" located at cell 'Data'!D6.,
         isRecordedIn "Database001"  # Generated from value "Database001" located at cell 'Data'!E6.
   Types: StatusUpdateEvent
   Annotations: rdfs:label "SystemStatusUpdateEvent"
Individual: SystemStatusUpdateEvent  # Generated from value "SystemStatusUpdateEvent" located at cell 'Data'!A6.
   Facts: isDetectedBy "TheftDetectionSystem"  # Generated from value "TheftDetectionSystem" located at cell 'Data'!C6.,
         isSupportedBy "NormalActivityIndicator"  # Generated from value "NormalActivityIndicator" located at cell 'Data'!D6.,
         isRecordedIn "Database001"  # Generated from value "Database001" located at cell 'Data'!E6.
   Types: StatusUpdateEvent
   Annotations: rdfs:label "SystemStatusUpdateEvent"
Individual: SystemStatusUpdateEvent  # Generated from value "SystemStatusUpdateEvent" located at cell 'Data'!A6.
   Facts: isDetectedBy "TheftDetectionSystem"  # Generated from value "TheftDetectionSystem" located at cell 'Data'!C6.,
         isSupportedBy "NormalActivityIndicator"  # Generated from value "NormalActivityIndicator" located at cell 'Data'!D6.,
         isRecordedIn "Database001"  # Generated from value "Database001" located at cell 'Data'!E6.
   Types: StatusUpdateEvent
   Annotations: rdfs:label "SystemStatusUpdateEvent"
Individual: SystemStatusUpdateEvent  # Generated from value "SystemStatusUpdateEvent" located at cell 'Data'!A6.
   Facts: isDetectedBy "TheftDetectionSystem"  # Generated from value "TheftDetectionSystem" located at cell 'Data'!C6.,
         isSupportedBy "NormalActivityIndicator"  # Generated from value "NormalActivityIndicator" located at cell 'Data'!D6.,
         isRecordedIn "Database001"  # Generated from value "Database001" located at cell 'Data'!E6.
   Types: StatusUpdateEvent
   Annotations: rdfs:label "SystemStatusUpdateEvent"
Individual: SystemStatusUpdateEvent  # Generated from value "SystemStatusUpdateEvent" located at cell 'Data'!A6.
   Facts: isDetectedBy "TheftDetectionSystem"  # Generated from value "TheftDetectionSystem" located at cell 'Data'!C6.,
         isSupportedBy "NormalActivityIndicator"  # Generated from value "NormalActivityIndicator" located at cell 'Data'!D6.,
         isRecordedIn "Database001"  # Generated from value "Database001" located at cell 'Data'!E6.
   Types: StatusUpdateEvent
   Annotations: rdfs:label "SystemStatusUpdateEvent"
Individual: SystemStatusUpdateEvent  # Generated from value "SystemStatusUpdateEvent" located at cell 'Data'!A6.
   Facts: isDetectedBy "TheftDetectionSystem"  # Generated from value "TheftDetectionSystem" located at cell 'Data'!C6.,
         isSupportedBy "NormalActivityIndicator"  # Generated from value "NormalActivityIndicator" located at cell 'Data'!D6.,
         isRecordedIn "Database001"  # Generated from value "Database001" located at cell 'Data'!E6.
   Types: StatusUpdateEvent
   Annotations: rdfs:label "SystemStatusUpdateEvent"
Individual: SystemStatusUpdateEvent  # Generated from value "SystemStatusUpdateEvent" located at cell 'Data'!A6.
   Facts: isDetectedBy "TheftDetectionSystem"  # Generated from value "TheftDetectionSystem" located at cell 'Data'!C6.,
         isSupportedBy "NormalActivityIndicator"  # Generated from value "NormalActivityIndicator" located at cell 'Data'!D6.,
         isRecordedIn "Database001"  # Generated from value "Database001" located at cell 'Data'!E6.
   Types: StatusUpdateEvent
   Annotations: rdfs:label "SystemStatusUpdateEvent"
Individual: SystemStatusUpdateEvent  # Generated from value "SystemStatusUpdateEvent" located at cell 'Data'!A6.
   Facts: isDetectedBy "TheftDetectionSystem"  # Generated from value "TheftDetectionSystem" located at cell 'Data'!C6.,
         isSupportedBy "NormalActivityIndicator"  # Generated from value "NormalActivityIndicator" located at cell 'Data'!D6.,
         isRecordedIn "Database001"  # Generated from value "Database001" located at cell 'Data'!E6.
   Types: StatusUpdateEvent
   Annotations: rdfs:label "SystemStatusUpdateEvent"
Individual: SystemStatusUpdateEvent  # Generated from value "SystemStatusUpdateEvent" located at cell 'Data'!A6.
   Facts: isDetectedBy "TheftDetectionSystem"  # Generated from value "TheftDetectionSystem" located at cell 'Data'!C6.,
         isSupportedBy "NormalActivityIndicator"  # Generated from value "NormalActivityIndicator" located at cell 'Data'!D6.,
         isRecordedIn "Database001"  # Generated from value "Database001" located at cell 'Data'!E6.
   Types: StatusUpdateEvent
   Annotations: rdfs:label "SystemStatusUpdateEvent"
Individual: SystemStatusUpdateEvent  # Generated from value "SystemStatusUpdateEvent" located at cell 'Data'!A6.
   Facts: isDetectedBy "TheftDetectionSystem"  # Generated from value "TheftDetectionSystem" located at cell 'Data'!C6.,
         isSupportedBy "NormalActivityIndicator"  # Generated from value "NormalActivityIndicator" located at cell 'Data'!D6.,
         isRecordedIn "Database001"  # Generated from value "Database001" located at cell 'Data'!E6.
   Types: StatusUpdateEvent
   Annotations: rdfs:label "SystemStatusUpdateEvent"
Individual: SystemStatusUpdateEvent  # Generated from value "SystemStatusUpdateEvent" located at cell 'Data'!A6.
   Facts: isDetectedBy "TheftDetectionSystem"  # Generated from value "TheftDetectionSystem" located at cell 'Data'!C6.,
         isSupportedBy "NormalActivityIndicator"  # Generated from value "NormalActivityIndicator" located at cell 'Data'!D6.,
         isRecordedIn "Database001"  # Generated from value "Database001" located at cell 'Data'!E6.
   Types: StatusUpdateEvent
   Annotations: rdfs:label "SystemStatusUpdateEvent"
Individual: SystemStatusUpdateEvent  # Generated from value "SystemStatusUpdateEvent" located at cell 'Data'!A6.
   Facts: isDetectedBy "TheftDetectionSystem"  # Generated from value "TheftDetectionSystem" located at cell 'Data'!C6.,
         isSupportedBy "NormalActivityIndicator"  # Generated from value "NormalActivityIndicator" located at cell 'Data'!D6.,
         isRecordedIn "Database001"  # Generated from value "Database001" located at cell 'Data'!E6.
   Types: StatusUpdateEvent
   Annotations: rdfs:label "SystemStatusUpdateEvent"

===========================================================================================================
Date: 2026-05-24 18:07:00
Ontology source: /C:/Users/s2024165/OneDrive%20-%20SARS/Personal/Personal/Masters%20in%20Computer%20Science/2023/TUT/Dissertation/Chapter%204%20-%20Design%20and%20implementation%20of%20LFTDO%20and%20Architecture/Ontology/209332175_LFTDO_V0.12.owl
Worksheet source: C:\Users\s2024165\OneDrive - SARS\Personal\Personal\Masters in Computer Science\2023\TUT\Dissertation\Chapter 7 - Artefacts Evaluations (Architecture and LFTDO)\Empirical Data\Master Data\10.Events_LoadData.xlsx
Transformation rules: C:\Users\s2024165\OneDrive - SARS\Personal\Personal\Masters in Computer Science\2023\TUT\Dissertation\Chapter 7 - Artefacts Evaluations (Architecture and LFTDO)\Empirical Data\Master Data\10.Events_LoadData_RULE_MAPPING.json

# Cell range: (Data!A2:E+) Comment: ""
# Individual: @A2 Annotations: rdfs:label @A2 Types: @B2 Facts: isDetectedBy @C2,isSupportedBy @D2,isRecordedIn @E2

Individual: HighSpeedTheftEvent  # Generated from value "HighSpeedTheftEvent" located at cell 'Data'!A2.
   Facts: isDetectedBy "TheftDetectionSystem"  # Generated from value "TheftDetectionSystem" located at cell 'Data'!C2.,
         isSupportedBy "HighSpeedIndicator"  # Generated from value "HighSpeedIndicator" located at cell 'Data'!D2.,
         isRecordedIn "Database001"  # Generated from value "Database001" located at cell 'Data'!E2.
   Types: TheftEvent
   Annotations: rdfs:label "HighSpeedTheftEvent"
Individual: HighSpeedTheftEvent  # Generated from value "HighSpeedTheftEvent" located at cell 'Data'!A2.
   Facts: isDetectedBy "TheftDetectionSystem"  # Generated from value "TheftDetectionSystem" located at cell 'Data'!C2.,
         isSupportedBy "HighSpeedIndicator"  # Generated from value "HighSpeedIndicator" located at cell 'Data'!D2.,
         isRecordedIn "Database001"  # Generated from value "Database001" located at cell 'Data'!E2.
   Types: TheftEvent
   Annotations: rdfs:label "HighSpeedTheftEvent"
Individual: HighSpeedTheftEvent  # Generated from value "HighSpeedTheftEvent" located at cell 'Data'!A2.
   Facts: isDetectedBy "TheftDetectionSystem"  # Generated from value "TheftDetectionSystem" located at cell 'Data'!C2.,
         isSupportedBy "HighSpeedIndicator"  # Generated from value "HighSpeedIndicator" located at cell 'Data'!D2.,
         isRecordedIn "Database001"  # Generated from value "Database001" located at cell 'Data'!E2.
   Types: TheftEvent
   Annotations: rdfs:label "HighSpeedTheftEvent"
Individual: HighSpeedTheftEvent  # Generated from value "HighSpeedTheftEvent" located at cell 'Data'!A2.
   Facts: isDetectedBy "TheftDetectionSystem"  # Generated from value "TheftDetectionSystem" located at cell 'Data'!C2.,
         isSupportedBy "HighSpeedIndicator"  # Generated from value "HighSpeedIndicator" located at cell 'Data'!D2.,
         isRecordedIn "Database001"  # Generated from value "Database001" located at cell 'Data'!E2.
   Types: TheftEvent
   Annotations: rdfs:label "HighSpeedTheftEvent"
Individual: HighSpeedTheftEvent  # Generated from value "HighSpeedTheftEvent" located at cell 'Data'!A2.
   Facts: isDetectedBy "TheftDetectionSystem"  # Generated from value "TheftDetectionSystem" located at cell 'Data'!C2.,
         isSupportedBy "HighSpeedIndicator"  # Generated from value "HighSpeedIndicator" located at cell 'Data'!D2.,
         isRecordedIn "Database001"  # Generated from value "Database001" located at cell 'Data'!E2.
   Types: TheftEvent
   Annotations: rdfs:label "HighSpeedTheftEvent"
Individual: HighSpeedTheftEvent  # Generated from value "HighSpeedTheftEvent" located at cell 'Data'!A2.
   Facts: isDetectedBy "TheftDetectionSystem"  # Generated from value "TheftDetectionSystem" located at cell 'Data'!C2.,
         isSupportedBy "HighSpeedIndicator"  # Generated from value "HighSpeedIndicator" located at cell 'Data'!D2.,
         isRecordedIn "Database001"  # Generated from value "Database001" located at cell 'Data'!E2.
   Types: TheftEvent
   Annotations: rdfs:label "HighSpeedTheftEvent"
Individual: HighSpeedTheftEvent  # Generated from value "HighSpeedTheftEvent" located at cell 'Data'!A2.
   Facts: isDetectedBy "TheftDetectionSystem"  # Generated from value "TheftDetectionSystem" located at cell 'Data'!C2.,
         isSupportedBy "HighSpeedIndicator"  # Generated from value "HighSpeedIndicator" located at cell 'Data'!D2.,
         isRecordedIn "Database001"  # Generated from value "Database001" located at cell 'Data'!E2.
   Types: TheftEvent
   Annotations: rdfs:label "HighSpeedTheftEvent"
Individual: HighSpeedTheftEvent  # Generated from value "HighSpeedTheftEvent" located at cell 'Data'!A2.
   Facts: isDetectedBy "TheftDetectionSystem"  # Generated from value "TheftDetectionSystem" located at cell 'Data'!C2.,
         isSupportedBy "HighSpeedIndicator"  # Generated from value "HighSpeedIndicator" located at cell 'Data'!D2.,
         isRecordedIn "Database001"  # Generated from value "Database001" located at cell 'Data'!E2.
   Types: TheftEvent
   Annotations: rdfs:label "HighSpeedTheftEvent"
Individual: HighSpeedTheftEvent  # Generated from value "HighSpeedTheftEvent" located at cell 'Data'!A2.
   Facts: isDetectedBy "TheftDetectionSystem"  # Generated from value "TheftDetectionSystem" located at cell 'Data'!C2.,
         isSupportedBy "HighSpeedIndicator"  # Generated from value "HighSpeedIndicator" located at cell 'Data'!D2.,
         isRecordedIn "Database001"  # Generated from value "Database001" located at cell 'Data'!E2.
   Types: TheftEvent
   Annotations: rdfs:label "HighSpeedTheftEvent"
Individual: HighSpeedTheftEvent  # Generated from value "HighSpeedTheftEvent" located at cell 'Data'!A2.
   Facts: isDetectedBy "TheftDetectionSystem"  # Generated from value "TheftDetectionSystem" located at cell 'Data'!C2.,
         isSupportedBy "HighSpeedIndicator"  # Generated from value "HighSpeedIndicator" located at cell 'Data'!D2.,
         isRecordedIn "Database001"  # Generated from value "Database001" located at cell 'Data'!E2.
   Types: TheftEvent
   Annotations: rdfs:label "HighSpeedTheftEvent"
Individual: HighSpeedTheftEvent  # Generated from value "HighSpeedTheftEvent" located at cell 'Data'!A2.
   Facts: isDetectedBy "TheftDetectionSystem"  # Generated from value "TheftDetectionSystem" located at cell 'Data'!C2.,
         isSupportedBy "HighSpeedIndicator"  # Generated from value "HighSpeedIndicator" located at cell 'Data'!D2.,
         isRecordedIn "Database001"  # Generated from value "Database001" located at cell 'Data'!E2.
   Types: TheftEvent
   Annotations: rdfs:label "HighSpeedTheftEvent"
Individual: HighSpeedTheftEvent  # Generated from value "HighSpeedTheftEvent" located at cell 'Data'!A2.
   Facts: isDetectedBy "TheftDetectionSystem"  # Generated from value "TheftDetectionSystem" located at cell 'Data'!C2.,
         isSupportedBy "HighSpeedIndicator"  # Generated from value "HighSpeedIndicator" located at cell 'Data'!D2.,
         isRecordedIn "Database001"  # Generated from value "Database001" located at cell 'Data'!E2.
   Types: TheftEvent
   Annotations: rdfs:label "HighSpeedTheftEvent"
Individual: HighSpeedTheftEvent  # Generated from value "HighSpeedTheftEvent" located at cell 'Data'!A2.
   Facts: isDetectedBy "TheftDetectionSystem"  # Generated from value "TheftDetectionSystem" located at cell 'Data'!C2.,
         isSupportedBy "HighSpeedIndicator"  # Generated from value "HighSpeedIndicator" located at cell 'Data'!D2.,
         isRecordedIn "Database001"  # Generated from value "Database001" located at cell 'Data'!E2.
   Types: TheftEvent
   Annotations: rdfs:label "HighSpeedTheftEvent"
Individual: HighSpeedTheftEvent  # Generated from value "HighSpeedTheftEvent" located at cell 'Data'!A2.
   Facts: isDetectedBy "TheftDetectionSystem"  # Generated from value "TheftDetectionSystem" located at cell 'Data'!C2.,
         isSupportedBy "HighSpeedIndicator"  # Generated from value "HighSpeedIndicator" located at cell 'Data'!D2.,
         isRecordedIn "Database001"  # Generated from value "Database001" located at cell 'Data'!E2.
   Types: TheftEvent
   Annotations: rdfs:label "HighSpeedTheftEvent"
Individual: HighSpeedTheftEvent  # Generated from value "HighSpeedTheftEvent" located at cell 'Data'!A2.
   Facts: isDetectedBy "TheftDetectionSystem"  # Generated from value "TheftDetectionSystem" located at cell 'Data'!C2.,
         isSupportedBy "HighSpeedIndicator"  # Generated from value "HighSpeedIndicator" located at cell 'Data'!D2.,
         isRecordedIn "Database001"  # Generated from value "Database001" located at cell 'Data'!E2.
   Types: TheftEvent
   Annotations: rdfs:label "HighSpeedTheftEvent"
Individual: HighSpeedTheftEvent  # Generated from value "HighSpeedTheftEvent" located at cell 'Data'!A2.
   Facts: isDetectedBy "TheftDetectionSystem"  # Generated from value "TheftDetectionSystem" located at cell 'Data'!C2.,
         isSupportedBy "HighSpeedIndicator"  # Generated from value "HighSpeedIndicator" located at cell 'Data'!D2.,
         isRecordedIn "Database001"  # Generated from value "Database001" located at cell 'Data'!E2.
   Types: TheftEvent
   Annotations: rdfs:label "HighSpeedTheftEvent"
Individual: HighSpeedTheftEvent  # Generated from value "HighSpeedTheftEvent" located at cell 'Data'!A2.
   Facts: isDetectedBy "TheftDetectionSystem"  # Generated from value "TheftDetectionSystem" located at cell 'Data'!C2.,
         isSupportedBy "HighSpeedIndicator"  # Generated from value "HighSpeedIndicator" located at cell 'Data'!D2.,
         isRecordedIn "Database001"  # Generated from value "Database001" located at cell 'Data'!E2.
   Types: TheftEvent
   Annotations: rdfs:label "HighSpeedTheftEvent"
Individual: HighSpeedTheftEvent  # Generated from value "HighSpeedTheftEvent" located at cell 'Data'!A2.
   Facts: isDetectedBy "TheftDetectionSystem"  # Generated from value "TheftDetectionSystem" located at cell 'Data'!C2.,
         isSupportedBy "HighSpeedIndicator"  # Generated from value "HighSpeedIndicator" located at cell 'Data'!D2.,
         isRecordedIn "Database001"  # Generated from value "Database001" located at cell 'Data'!E2.
   Types: TheftEvent
   Annotations: rdfs:label "HighSpeedTheftEvent"
Individual: HighSpeedTheftEvent  # Generated from value "HighSpeedTheftEvent" located at cell 'Data'!A2.
   Facts: isDetectedBy "TheftDetectionSystem"  # Generated from value "TheftDetectionSystem" located at cell 'Data'!C2.,
         isSupportedBy "HighSpeedIndicator"  # Generated from value "HighSpeedIndicator" located at cell 'Data'!D2.,
         isRecordedIn "Database001"  # Generated from value "Database001" located at cell 'Data'!E2.
   Types: TheftEvent
   Annotations: rdfs:label "HighSpeedTheftEvent"
Individual: HighSpeedTheftEvent  # Generated from value "HighSpeedTheftEvent" located at cell 'Data'!A2.
   Facts: isDetectedBy "TheftDetectionSystem"  # Generated from value "TheftDetectionSystem" located at cell 'Data'!C2.,
         isSupportedBy "HighSpeedIndicator"  # Generated from value "HighSpeedIndicator" located at cell 'Data'!D2.,
         isRecordedIn "Database001"  # Generated from value "Database001" located at cell 'Data'!E2.
   Types: TheftEvent
   Annotations: rdfs:label "HighSpeedTheftEvent"
Individual: HighSpeedTheftEvent  # Generated from value "HighSpeedTheftEvent" located at cell 'Data'!A2.
   Facts: isDetectedBy "TheftDetectionSystem"  # Generated from value "TheftDetectionSystem" located at cell 'Data'!C2.,
         isSupportedBy "HighSpeedIndicator"  # Generated from value "HighSpeedIndicator" located at cell 'Data'!D2.,
         isRecordedIn "Database001"  # Generated from value "Database001" located at cell 'Data'!E2.
   Types: TheftEvent
   Annotations: rdfs:label "HighSpeedTheftEvent"
Individual: HighSpeedTheftEvent  # Generated from value "HighSpeedTheftEvent" located at cell 'Data'!A2.
   Facts: isDetectedBy "TheftDetectionSystem"  # Generated from value "TheftDetectionSystem" located at cell 'Data'!C2.,
         isSupportedBy "HighSpeedIndicator"  # Generated from value "HighSpeedIndicator" located at cell 'Data'!D2.,
         isRecordedIn "Database001"  # Generated from value "Database001" located at cell 'Data'!E2.
   Types: TheftEvent
   Annotations: rdfs:label "HighSpeedTheftEvent"
Individual: HighSpeedTheftEvent  # Generated from value "HighSpeedTheftEvent" located at cell 'Data'!A2.
   Facts: isDetectedBy "TheftDetectionSystem"  # Generated from value "TheftDetectionSystem" located at cell 'Data'!C2.,
         isSupportedBy "HighSpeedIndicator"  # Generated from value "HighSpeedIndicator" located at cell 'Data'!D2.,
         isRecordedIn "Database001"  # Generated from value "Database001" located at cell 'Data'!E2.
   Types: TheftEvent
   Annotations: rdfs:label "HighSpeedTheftEvent"
Individual: HighSpeedTheftEvent  # Generated from value "HighSpeedTheftEvent" located at cell 'Data'!A2.
   Facts: isDetectedBy "TheftDetectionSystem"  # Generated from value "TheftDetectionSystem" located at cell 'Data'!C2.,
         isSupportedBy "HighSpeedIndicator"  # Generated from value "HighSpeedIndicator" located at cell 'Data'!D2.,
         isRecordedIn "Database001"  # Generated from value "Database001" located at cell 'Data'!E2.
   Types: TheftEvent
   Annotations: rdfs:label "HighSpeedTheftEvent"
Individual: HighSpeedTheftEvent  # Generated from value "HighSpeedTheftEvent" located at cell 'Data'!A2.
   Facts: isDetectedBy "TheftDetectionSystem"  # Generated from value "TheftDetectionSystem" located at cell 'Data'!C2.,
         isSupportedBy "HighSpeedIndicator"  # Generated from value "HighSpeedIndicator" located at cell 'Data'!D2.,
         isRecordedIn "Database001"  # Generated from value "Database001" located at cell 'Data'!E2.
   Types: TheftEvent
   Annotations: rdfs:label "HighSpeedTheftEvent"
Individual: HighSpeedTheftEvent  # Generated from value "HighSpeedTheftEvent" located at cell 'Data'!A2.
   Facts: isDetectedBy "TheftDetectionSystem"  # Generated from value "TheftDetectionSystem" located at cell 'Data'!C2.,
         isSupportedBy "HighSpeedIndicator"  # Generated from value "HighSpeedIndicator" located at cell 'Data'!D2.,
         isRecordedIn "Database001"  # Generated from value "Database001" located at cell 'Data'!E2.
   Types: TheftEvent
   Annotations: rdfs:label "HighSpeedTheftEvent"
Individual: HighSpeedTheftEvent  # Generated from value "HighSpeedTheftEvent" located at cell 'Data'!A2.
   Facts: isDetectedBy "TheftDetectionSystem"  # Generated from value "TheftDetectionSystem" located at cell 'Data'!C2.,
         isSupportedBy "HighSpeedIndicator"  # Generated from value "HighSpeedIndicator" located at cell 'Data'!D2.,
         isRecordedIn "Database001"  # Generated from value "Database001" located at cell 'Data'!E2.
   Types: TheftEvent
   Annotations: rdfs:label "HighSpeedTheftEvent"
Individual: HighSpeedTheftEvent  # Generated from value "HighSpeedTheftEvent" located at cell 'Data'!A2.
   Facts: isDetectedBy "TheftDetectionSystem"  # Generated from value "TheftDetectionSystem" located at cell 'Data'!C2.,
         isSupportedBy "HighSpeedIndicator"  # Generated from value "HighSpeedIndicator" located at cell 'Data'!D2.,
         isRecordedIn "Database001"  # Generated from value "Database001" located at cell 'Data'!E2.
   Types: TheftEvent
   Annotations: rdfs:label "HighSpeedTheftEvent"
Individual: HighSpeedTheftEvent  # Generated from value "HighSpeedTheftEvent" located at cell 'Data'!A2.
   Facts: isDetectedBy "TheftDetectionSystem"  # Generated from value "TheftDetectionSystem" located at cell 'Data'!C2.,
         isSupportedBy "HighSpeedIndicator"  # Generated from value "HighSpeedIndicator" located at cell 'Data'!D2.,
         isRecordedIn "Database001"  # Generated from value "Database001" located at cell 'Data'!E2.
   Types: TheftEvent
   Annotations: rdfs:label "HighSpeedTheftEvent"
Individual: HighSpeedTheftEvent  # Generated from value "HighSpeedTheftEvent" located at cell 'Data'!A2.
   Facts: isDetectedBy "TheftDetectionSystem"  # Generated from value "TheftDetectionSystem" located at cell 'Data'!C2.,
         isSupportedBy "HighSpeedIndicator"  # Generated from value "HighSpeedIndicator" located at cell 'Data'!D2.,
         isRecordedIn "Database001"  # Generated from value "Database001" located at cell 'Data'!E2.
   Types: TheftEvent
   Annotations: rdfs:label "HighSpeedTheftEvent"
Individual: HighSpeedTheftEvent  # Generated from value "HighSpeedTheftEvent" located at cell 'Data'!A2.
   Facts: isDetectedBy "TheftDetectionSystem"  # Generated from value "TheftDetectionSystem" located at cell 'Data'!C2.,
         isSupportedBy "HighSpeedIndicator"  # Generated from value "HighSpeedIndicator" located at cell 'Data'!D2.,
         isRecordedIn "Database001"  # Generated from value "Database001" located at cell 'Data'!E2.
   Types: TheftEvent
   Annotations: rdfs:label "HighSpeedTheftEvent"
Individual: HighSpeedTheftEvent  # Generated from value "HighSpeedTheftEvent" located at cell 'Data'!A2.
   Facts: isDetectedBy "TheftDetectionSystem"  # Generated from value "TheftDetectionSystem" located at cell 'Data'!C2.,
         isSupportedBy "HighSpeedIndicator"  # Generated from value "HighSpeedIndicator" located at cell 'Data'!D2.,
         isRecordedIn "Database001"  # Generated from value "Database001" located at cell 'Data'!E2.
   Types: TheftEvent
   Annotations: rdfs:label "HighSpeedTheftEvent"
Individual: HighSpeedTheftEvent  # Generated from value "HighSpeedTheftEvent" located at cell 'Data'!A2.
   Facts: isDetectedBy "TheftDetectionSystem"  # Generated from value "TheftDetectionSystem" located at cell 'Data'!C2.,
         isSupportedBy "HighSpeedIndicator"  # Generated from value "HighSpeedIndicator" located at cell 'Data'!D2.,
         isRecordedIn "Database001"  # Generated from value "Database001" located at cell 'Data'!E2.
   Types: TheftEvent
   Annotations: rdfs:label "HighSpeedTheftEvent"
Individual: HighSpeedTheftEvent  # Generated from value "HighSpeedTheftEvent" located at cell 'Data'!A2.
   Facts: isDetectedBy "TheftDetectionSystem"  # Generated from value "TheftDetectionSystem" located at cell 'Data'!C2.,
         isSupportedBy "HighSpeedIndicator"  # Generated from value "HighSpeedIndicator" located at cell 'Data'!D2.,
         isRecordedIn "Database001"  # Generated from value "Database001" located at cell 'Data'!E2.
   Types: TheftEvent
   Annotations: rdfs:label "HighSpeedTheftEvent"
Individual: HighSpeedTheftEvent  # Generated from value "HighSpeedTheftEvent" located at cell 'Data'!A2.
   Facts: isDetectedBy "TheftDetectionSystem"  # Generated from value "TheftDetectionSystem" located at cell 'Data'!C2.,
         isSupportedBy "HighSpeedIndicator"  # Generated from value "HighSpeedIndicator" located at cell 'Data'!D2.,
         isRecordedIn "Database001"  # Generated from value "Database001" located at cell 'Data'!E2.
   Types: TheftEvent
   Annotations: rdfs:label "HighSpeedTheftEvent"

# Cell range: (Data!A2:E+) Comment: ""
# Individual: @A3 Annotations: rdfs:label @A3 Types: @B3 Facts: isDetectedBy @C3,isSupportedBy @D3,isRecordedIn @E3

Individual: SlowEscapedEvent  # Generated from value "SlowEscapedEvent" located at cell 'Data'!A3.
   Facts: isDetectedBy "EscapeDetectionMethod"  # Generated from value "EscapeDetectionMethod" located at cell 'Data'!C3.,
         isSupportedBy "SlowEscapedIndicator"  # Generated from value "SlowEscapedIndicator" located at cell 'Data'!D3.,
         isRecordedIn "Database001"  # Generated from value "Database001" located at cell 'Data'!E3.
   Types: EscapedLivestock
   Annotations: rdfs:label "SlowEscapedEvent"
Individual: SlowEscapedEvent  # Generated from value "SlowEscapedEvent" located at cell 'Data'!A3.
   Facts: isDetectedBy "EscapeDetectionMethod"  # Generated from value "EscapeDetectionMethod" located at cell 'Data'!C3.,
         isSupportedBy "SlowEscapedIndicator"  # Generated from value "SlowEscapedIndicator" located at cell 'Data'!D3.,
         isRecordedIn "Database001"  # Generated from value "Database001" located at cell 'Data'!E3.
   Types: EscapedLivestock
   Annotations: rdfs:label "SlowEscapedEvent"
Individual: SlowEscapedEvent  # Generated from value "SlowEscapedEvent" located at cell 'Data'!A3.
   Facts: isDetectedBy "EscapeDetectionMethod"  # Generated from value "EscapeDetectionMethod" located at cell 'Data'!C3.,
         isSupportedBy "SlowEscapedIndicator"  # Generated from value "SlowEscapedIndicator" located at cell 'Data'!D3.,
         isRecordedIn "Database001"  # Generated from value "Database001" located at cell 'Data'!E3.
   Types: EscapedLivestock
   Annotations: rdfs:label "SlowEscapedEvent"
Individual: SlowEscapedEvent  # Generated from value "SlowEscapedEvent" located at cell 'Data'!A3.
   Facts: isDetectedBy "EscapeDetectionMethod"  # Generated from value "EscapeDetectionMethod" located at cell 'Data'!C3.,
         isSupportedBy "SlowEscapedIndicator"  # Generated from value "SlowEscapedIndicator" located at cell 'Data'!D3.,
         isRecordedIn "Database001"  # Generated from value "Database001" located at cell 'Data'!E3.
   Types: EscapedLivestock
   Annotations: rdfs:label "SlowEscapedEvent"
Individual: SlowEscapedEvent  # Generated from value "SlowEscapedEvent" located at cell 'Data'!A3.
   Facts: isDetectedBy "EscapeDetectionMethod"  # Generated from value "EscapeDetectionMethod" located at cell 'Data'!C3.,
         isSupportedBy "SlowEscapedIndicator"  # Generated from value "SlowEscapedIndicator" located at cell 'Data'!D3.,
         isRecordedIn "Database001"  # Generated from value "Database001" located at cell 'Data'!E3.
   Types: EscapedLivestock
   Annotations: rdfs:label "SlowEscapedEvent"
Individual: SlowEscapedEvent  # Generated from value "SlowEscapedEvent" located at cell 'Data'!A3.
   Facts: isDetectedBy "EscapeDetectionMethod"  # Generated from value "EscapeDetectionMethod" located at cell 'Data'!C3.,
         isSupportedBy "SlowEscapedIndicator"  # Generated from value "SlowEscapedIndicator" located at cell 'Data'!D3.,
         isRecordedIn "Database001"  # Generated from value "Database001" located at cell 'Data'!E3.
   Types: EscapedLivestock
   Annotations: rdfs:label "SlowEscapedEvent"
Individual: SlowEscapedEvent  # Generated from value "SlowEscapedEvent" located at cell 'Data'!A3.
   Facts: isDetectedBy "EscapeDetectionMethod"  # Generated from value "EscapeDetectionMethod" located at cell 'Data'!C3.,
         isSupportedBy "SlowEscapedIndicator"  # Generated from value "SlowEscapedIndicator" located at cell 'Data'!D3.,
         isRecordedIn "Database001"  # Generated from value "Database001" located at cell 'Data'!E3.
   Types: EscapedLivestock
   Annotations: rdfs:label "SlowEscapedEvent"
Individual: SlowEscapedEvent  # Generated from value "SlowEscapedEvent" located at cell 'Data'!A3.
   Facts: isDetectedBy "EscapeDetectionMethod"  # Generated from value "EscapeDetectionMethod" located at cell 'Data'!C3.,
         isSupportedBy "SlowEscapedIndicator"  # Generated from value "SlowEscapedIndicator" located at cell 'Data'!D3.,
         isRecordedIn "Database001"  # Generated from value "Database001" located at cell 'Data'!E3.
   Types: EscapedLivestock
   Annotations: rdfs:label "SlowEscapedEvent"
Individual: SlowEscapedEvent  # Generated from value "SlowEscapedEvent" located at cell 'Data'!A3.
   Facts: isDetectedBy "EscapeDetectionMethod"  # Generated from value "EscapeDetectionMethod" located at cell 'Data'!C3.,
         isSupportedBy "SlowEscapedIndicator"  # Generated from value "SlowEscapedIndicator" located at cell 'Data'!D3.,
         isRecordedIn "Database001"  # Generated from value "Database001" located at cell 'Data'!E3.
   Types: EscapedLivestock
   Annotations: rdfs:label "SlowEscapedEvent"
Individual: SlowEscapedEvent  # Generated from value "SlowEscapedEvent" located at cell 'Data'!A3.
   Facts: isDetectedBy "EscapeDetectionMethod"  # Generated from value "EscapeDetectionMethod" located at cell 'Data'!C3.,
         isSupportedBy "SlowEscapedIndicator"  # Generated from value "SlowEscapedIndicator" located at cell 'Data'!D3.,
         isRecordedIn "Database001"  # Generated from value "Database001" located at cell 'Data'!E3.
   Types: EscapedLivestock
   Annotations: rdfs:label "SlowEscapedEvent"
Individual: SlowEscapedEvent  # Generated from value "SlowEscapedEvent" located at cell 'Data'!A3.
   Facts: isDetectedBy "EscapeDetectionMethod"  # Generated from value "EscapeDetectionMethod" located at cell 'Data'!C3.,
         isSupportedBy "SlowEscapedIndicator"  # Generated from value "SlowEscapedIndicator" located at cell 'Data'!D3.,
         isRecordedIn "Database001"  # Generated from value "Database001" located at cell 'Data'!E3.
   Types: EscapedLivestock
   Annotations: rdfs:label "SlowEscapedEvent"
Individual: SlowEscapedEvent  # Generated from value "SlowEscapedEvent" located at cell 'Data'!A3.
   Facts: isDetectedBy "EscapeDetectionMethod"  # Generated from value "EscapeDetectionMethod" located at cell 'Data'!C3.,
         isSupportedBy "SlowEscapedIndicator"  # Generated from value "SlowEscapedIndicator" located at cell 'Data'!D3.,
         isRecordedIn "Database001"  # Generated from value "Database001" located at cell 'Data'!E3.
   Types: EscapedLivestock
   Annotations: rdfs:label "SlowEscapedEvent"
Individual: SlowEscapedEvent  # Generated from value "SlowEscapedEvent" located at cell 'Data'!A3.
   Facts: isDetectedBy "EscapeDetectionMethod"  # Generated from value "EscapeDetectionMethod" located at cell 'Data'!C3.,
         isSupportedBy "SlowEscapedIndicator"  # Generated from value "SlowEscapedIndicator" located at cell 'Data'!D3.,
         isRecordedIn "Database001"  # Generated from value "Database001" located at cell 'Data'!E3.
   Types: EscapedLivestock
   Annotations: rdfs:label "SlowEscapedEvent"
Individual: SlowEscapedEvent  # Generated from value "SlowEscapedEvent" located at cell 'Data'!A3.
   Facts: isDetectedBy "EscapeDetectionMethod"  # Generated from value "EscapeDetectionMethod" located at cell 'Data'!C3.,
         isSupportedBy "SlowEscapedIndicator"  # Generated from value "SlowEscapedIndicator" located at cell 'Data'!D3.,
         isRecordedIn "Database001"  # Generated from value "Database001" located at cell 'Data'!E3.
   Types: EscapedLivestock
   Annotations: rdfs:label "SlowEscapedEvent"
Individual: SlowEscapedEvent  # Generated from value "SlowEscapedEvent" located at cell 'Data'!A3.
   Facts: isDetectedBy "EscapeDetectionMethod"  # Generated from value "EscapeDetectionMethod" located at cell 'Data'!C3.,
         isSupportedBy "SlowEscapedIndicator"  # Generated from value "SlowEscapedIndicator" located at cell 'Data'!D3.,
         isRecordedIn "Database001"  # Generated from value "Database001" located at cell 'Data'!E3.
   Types: EscapedLivestock
   Annotations: rdfs:label "SlowEscapedEvent"
Individual: SlowEscapedEvent  # Generated from value "SlowEscapedEvent" located at cell 'Data'!A3.
   Facts: isDetectedBy "EscapeDetectionMethod"  # Generated from value "EscapeDetectionMethod" located at cell 'Data'!C3.,
         isSupportedBy "SlowEscapedIndicator"  # Generated from value "SlowEscapedIndicator" located at cell 'Data'!D3.,
         isRecordedIn "Database001"  # Generated from value "Database001" located at cell 'Data'!E3.
   Types: EscapedLivestock
   Annotations: rdfs:label "SlowEscapedEvent"
Individual: SlowEscapedEvent  # Generated from value "SlowEscapedEvent" located at cell 'Data'!A3.
   Facts: isDetectedBy "EscapeDetectionMethod"  # Generated from value "EscapeDetectionMethod" located at cell 'Data'!C3.,
         isSupportedBy "SlowEscapedIndicator"  # Generated from value "SlowEscapedIndicator" located at cell 'Data'!D3.,
         isRecordedIn "Database001"  # Generated from value "Database001" located at cell 'Data'!E3.
   Types: EscapedLivestock
   Annotations: rdfs:label "SlowEscapedEvent"
Individual: SlowEscapedEvent  # Generated from value "SlowEscapedEvent" located at cell 'Data'!A3.
   Facts: isDetectedBy "EscapeDetectionMethod"  # Generated from value "EscapeDetectionMethod" located at cell 'Data'!C3.,
         isSupportedBy "SlowEscapedIndicator"  # Generated from value "SlowEscapedIndicator" located at cell 'Data'!D3.,
         isRecordedIn "Database001"  # Generated from value "Database001" located at cell 'Data'!E3.
   Types: EscapedLivestock
   Annotations: rdfs:label "SlowEscapedEvent"
Individual: SlowEscapedEvent  # Generated from value "SlowEscapedEvent" located at cell 'Data'!A3.
   Facts: isDetectedBy "EscapeDetectionMethod"  # Generated from value "EscapeDetectionMethod" located at cell 'Data'!C3.,
         isSupportedBy "SlowEscapedIndicator"  # Generated from value "SlowEscapedIndicator" located at cell 'Data'!D3.,
         isRecordedIn "Database001"  # Generated from value "Database001" located at cell 'Data'!E3.
   Types: EscapedLivestock
   Annotations: rdfs:label "SlowEscapedEvent"
Individual: SlowEscapedEvent  # Generated from value "SlowEscapedEvent" located at cell 'Data'!A3.
   Facts: isDetectedBy "EscapeDetectionMethod"  # Generated from value "EscapeDetectionMethod" located at cell 'Data'!C3.,
         isSupportedBy "SlowEscapedIndicator"  # Generated from value "SlowEscapedIndicator" located at cell 'Data'!D3.,
         isRecordedIn "Database001"  # Generated from value "Database001" located at cell 'Data'!E3.
   Types: EscapedLivestock
   Annotations: rdfs:label "SlowEscapedEvent"
Individual: SlowEscapedEvent  # Generated from value "SlowEscapedEvent" located at cell 'Data'!A3.
   Facts: isDetectedBy "EscapeDetectionMethod"  # Generated from value "EscapeDetectionMethod" located at cell 'Data'!C3.,
         isSupportedBy "SlowEscapedIndicator"  # Generated from value "SlowEscapedIndicator" located at cell 'Data'!D3.,
         isRecordedIn "Database001"  # Generated from value "Database001" located at cell 'Data'!E3.
   Types: EscapedLivestock
   Annotations: rdfs:label "SlowEscapedEvent"
Individual: SlowEscapedEvent  # Generated from value "SlowEscapedEvent" located at cell 'Data'!A3.
   Facts: isDetectedBy "EscapeDetectionMethod"  # Generated from value "EscapeDetectionMethod" located at cell 'Data'!C3.,
         isSupportedBy "SlowEscapedIndicator"  # Generated from value "SlowEscapedIndicator" located at cell 'Data'!D3.,
         isRecordedIn "Database001"  # Generated from value "Database001" located at cell 'Data'!E3.
   Types: EscapedLivestock
   Annotations: rdfs:label "SlowEscapedEvent"
Individual: SlowEscapedEvent  # Generated from value "SlowEscapedEvent" located at cell 'Data'!A3.
   Facts: isDetectedBy "EscapeDetectionMethod"  # Generated from value "EscapeDetectionMethod" located at cell 'Data'!C3.,
         isSupportedBy "SlowEscapedIndicator"  # Generated from value "SlowEscapedIndicator" located at cell 'Data'!D3.,
         isRecordedIn "Database001"  # Generated from value "Database001" located at cell 'Data'!E3.
   Types: EscapedLivestock
   Annotations: rdfs:label "SlowEscapedEvent"
Individual: SlowEscapedEvent  # Generated from value "SlowEscapedEvent" located at cell 'Data'!A3.
   Facts: isDetectedBy "EscapeDetectionMethod"  # Generated from value "EscapeDetectionMethod" located at cell 'Data'!C3.,
         isSupportedBy "SlowEscapedIndicator"  # Generated from value "SlowEscapedIndicator" located at cell 'Data'!D3.,
         isRecordedIn "Database001"  # Generated from value "Database001" located at cell 'Data'!E3.
   Types: EscapedLivestock
   Annotations: rdfs:label "SlowEscapedEvent"
Individual: SlowEscapedEvent  # Generated from value "SlowEscapedEvent" located at cell 'Data'!A3.
   Facts: isDetectedBy "EscapeDetectionMethod"  # Generated from value "EscapeDetectionMethod" located at cell 'Data'!C3.,
         isSupportedBy "SlowEscapedIndicator"  # Generated from value "SlowEscapedIndicator" located at cell 'Data'!D3.,
         isRecordedIn "Database001"  # Generated from value "Database001" located at cell 'Data'!E3.
   Types: EscapedLivestock
   Annotations: rdfs:label "SlowEscapedEvent"
Individual: SlowEscapedEvent  # Generated from value "SlowEscapedEvent" located at cell 'Data'!A3.
   Facts: isDetectedBy "EscapeDetectionMethod"  # Generated from value "EscapeDetectionMethod" located at cell 'Data'!C3.,
         isSupportedBy "SlowEscapedIndicator"  # Generated from value "SlowEscapedIndicator" located at cell 'Data'!D3.,
         isRecordedIn "Database001"  # Generated from value "Database001" located at cell 'Data'!E3.
   Types: EscapedLivestock
   Annotations: rdfs:label "SlowEscapedEvent"
Individual: SlowEscapedEvent  # Generated from value "SlowEscapedEvent" located at cell 'Data'!A3.
   Facts: isDetectedBy "EscapeDetectionMethod"  # Generated from value "EscapeDetectionMethod" located at cell 'Data'!C3.,
         isSupportedBy "SlowEscapedIndicator"  # Generated from value "SlowEscapedIndicator" located at cell 'Data'!D3.,
         isRecordedIn "Database001"  # Generated from value "Database001" located at cell 'Data'!E3.
   Types: EscapedLivestock
   Annotations: rdfs:label "SlowEscapedEvent"
Individual: SlowEscapedEvent  # Generated from value "SlowEscapedEvent" located at cell 'Data'!A3.
   Facts: isDetectedBy "EscapeDetectionMethod"  # Generated from value "EscapeDetectionMethod" located at cell 'Data'!C3.,
         isSupportedBy "SlowEscapedIndicator"  # Generated from value "SlowEscapedIndicator" located at cell 'Data'!D3.,
         isRecordedIn "Database001"  # Generated from value "Database001" located at cell 'Data'!E3.
   Types: EscapedLivestock
   Annotations: rdfs:label "SlowEscapedEvent"
Individual: SlowEscapedEvent  # Generated from value "SlowEscapedEvent" located at cell 'Data'!A3.
   Facts: isDetectedBy "EscapeDetectionMethod"  # Generated from value "EscapeDetectionMethod" located at cell 'Data'!C3.,
         isSupportedBy "SlowEscapedIndicator"  # Generated from value "SlowEscapedIndicator" located at cell 'Data'!D3.,
         isRecordedIn "Database001"  # Generated from value "Database001" located at cell 'Data'!E3.
   Types: EscapedLivestock
   Annotations: rdfs:label "SlowEscapedEvent"
Individual: SlowEscapedEvent  # Generated from value "SlowEscapedEvent" located at cell 'Data'!A3.
   Facts: isDetectedBy "EscapeDetectionMethod"  # Generated from value "EscapeDetectionMethod" located at cell 'Data'!C3.,
         isSupportedBy "SlowEscapedIndicator"  # Generated from value "SlowEscapedIndicator" located at cell 'Data'!D3.,
         isRecordedIn "Database001"  # Generated from value "Database001" located at cell 'Data'!E3.
   Types: EscapedLivestock
   Annotations: rdfs:label "SlowEscapedEvent"
Individual: SlowEscapedEvent  # Generated from value "SlowEscapedEvent" located at cell 'Data'!A3.
   Facts: isDetectedBy "EscapeDetectionMethod"  # Generated from value "EscapeDetectionMethod" located at cell 'Data'!C3.,
         isSupportedBy "SlowEscapedIndicator"  # Generated from value "SlowEscapedIndicator" located at cell 'Data'!D3.,
         isRecordedIn "Database001"  # Generated from value "Database001" located at cell 'Data'!E3.
   Types: EscapedLivestock
   Annotations: rdfs:label "SlowEscapedEvent"
Individual: SlowEscapedEvent  # Generated from value "SlowEscapedEvent" located at cell 'Data'!A3.
   Facts: isDetectedBy "EscapeDetectionMethod"  # Generated from value "EscapeDetectionMethod" located at cell 'Data'!C3.,
         isSupportedBy "SlowEscapedIndicator"  # Generated from value "SlowEscapedIndicator" located at cell 'Data'!D3.,
         isRecordedIn "Database001"  # Generated from value "Database001" located at cell 'Data'!E3.
   Types: EscapedLivestock
   Annotations: rdfs:label "SlowEscapedEvent"
Individual: SlowEscapedEvent  # Generated from value "SlowEscapedEvent" located at cell 'Data'!A3.
   Facts: isDetectedBy "EscapeDetectionMethod"  # Generated from value "EscapeDetectionMethod" located at cell 'Data'!C3.,
         isSupportedBy "SlowEscapedIndicator"  # Generated from value "SlowEscapedIndicator" located at cell 'Data'!D3.,
         isRecordedIn "Database001"  # Generated from value "Database001" located at cell 'Data'!E3.
   Types: EscapedLivestock
   Annotations: rdfs:label "SlowEscapedEvent"
Individual: SlowEscapedEvent  # Generated from value "SlowEscapedEvent" located at cell 'Data'!A3.
   Facts: isDetectedBy "EscapeDetectionMethod"  # Generated from value "EscapeDetectionMethod" located at cell 'Data'!C3.,
         isSupportedBy "SlowEscapedIndicator"  # Generated from value "SlowEscapedIndicator" located at cell 'Data'!D3.,
         isRecordedIn "Database001"  # Generated from value "Database001" located at cell 'Data'!E3.
   Types: EscapedLivestock
   Annotations: rdfs:label "SlowEscapedEvent"
Individual: SlowEscapedEvent  # Generated from value "SlowEscapedEvent" located at cell 'Data'!A3.
   Facts: isDetectedBy "EscapeDetectionMethod"  # Generated from value "EscapeDetectionMethod" located at cell 'Data'!C3.,
         isSupportedBy "SlowEscapedIndicator"  # Generated from value "SlowEscapedIndicator" located at cell 'Data'!D3.,
         isRecordedIn "Database001"  # Generated from value "Database001" located at cell 'Data'!E3.
   Types: EscapedLivestock
   Annotations: rdfs:label "SlowEscapedEvent"

# Cell range: (Data!A2:E+) Comment: ""
# Individual: @A4 Annotations: rdfs:label @A4 Types: @B4 Facts: isDetectedBy @C4,isSupportedBy @D4,isRecordedIn @E4

Individual: HighHealthAlertEvent  # Generated from value "HighHealthAlertEvent" located at cell 'Data'!A4.
   Facts: isDetectedBy "HealthDetectionMethod"  # Generated from value "HealthDetectionMethod" located at cell 'Data'!C4.,
         isSupportedBy "LethargyIndicator"  # Generated from value "LethargyIndicator" located at cell 'Data'!D4.,
         isRecordedIn "Database001"  # Generated from value "Database001" located at cell 'Data'!E4.
   Types: HealthAlertEvent
   Annotations: rdfs:label "HighHealthAlertEvent"
Individual: HighHealthAlertEvent  # Generated from value "HighHealthAlertEvent" located at cell 'Data'!A4.
   Facts: isDetectedBy "HealthDetectionMethod"  # Generated from value "HealthDetectionMethod" located at cell 'Data'!C4.,
         isSupportedBy "LethargyIndicator"  # Generated from value "LethargyIndicator" located at cell 'Data'!D4.,
         isRecordedIn "Database001"  # Generated from value "Database001" located at cell 'Data'!E4.
   Types: HealthAlertEvent
   Annotations: rdfs:label "HighHealthAlertEvent"
Individual: HighHealthAlertEvent  # Generated from value "HighHealthAlertEvent" located at cell 'Data'!A4.
   Facts: isDetectedBy "HealthDetectionMethod"  # Generated from value "HealthDetectionMethod" located at cell 'Data'!C4.,
         isSupportedBy "LethargyIndicator"  # Generated from value "LethargyIndicator" located at cell 'Data'!D4.,
         isRecordedIn "Database001"  # Generated from value "Database001" located at cell 'Data'!E4.
   Types: HealthAlertEvent
   Annotations: rdfs:label "HighHealthAlertEvent"
Individual: HighHealthAlertEvent  # Generated from value "HighHealthAlertEvent" located at cell 'Data'!A4.
   Facts: isDetectedBy "HealthDetectionMethod"  # Generated from value "HealthDetectionMethod" located at cell 'Data'!C4.,
         isSupportedBy "LethargyIndicator"  # Generated from value "LethargyIndicator" located at cell 'Data'!D4.,
         isRecordedIn "Database001"  # Generated from value "Database001" located at cell 'Data'!E4.
   Types: HealthAlertEvent
   Annotations: rdfs:label "HighHealthAlertEvent"
Individual: HighHealthAlertEvent  # Generated from value "HighHealthAlertEvent" located at cell 'Data'!A4.
   Facts: isDetectedBy "HealthDetectionMethod"  # Generated from value "HealthDetectionMethod" located at cell 'Data'!C4.,
         isSupportedBy "LethargyIndicator"  # Generated from value "LethargyIndicator" located at cell 'Data'!D4.,
         isRecordedIn "Database001"  # Generated from value "Database001" located at cell 'Data'!E4.
   Types: HealthAlertEvent
   Annotations: rdfs:label "HighHealthAlertEvent"
Individual: HighHealthAlertEvent  # Generated from value "HighHealthAlertEvent" located at cell 'Data'!A4.
   Facts: isDetectedBy "HealthDetectionMethod"  # Generated from value "HealthDetectionMethod" located at cell 'Data'!C4.,
         isSupportedBy "LethargyIndicator"  # Generated from value "LethargyIndicator" located at cell 'Data'!D4.,
         isRecordedIn "Database001"  # Generated from value "Database001" located at cell 'Data'!E4.
   Types: HealthAlertEvent
   Annotations: rdfs:label "HighHealthAlertEvent"
Individual: HighHealthAlertEvent  # Generated from value "HighHealthAlertEvent" located at cell 'Data'!A4.
   Facts: isDetectedBy "HealthDetectionMethod"  # Generated from value "HealthDetectionMethod" located at cell 'Data'!C4.,
         isSupportedBy "LethargyIndicator"  # Generated from value "LethargyIndicator" located at cell 'Data'!D4.,
         isRecordedIn "Database001"  # Generated from value "Database001" located at cell 'Data'!E4.
   Types: HealthAlertEvent
   Annotations: rdfs:label "HighHealthAlertEvent"
Individual: HighHealthAlertEvent  # Generated from value "HighHealthAlertEvent" located at cell 'Data'!A4.
   Facts: isDetectedBy "HealthDetectionMethod"  # Generated from value "HealthDetectionMethod" located at cell 'Data'!C4.,
         isSupportedBy "LethargyIndicator"  # Generated from value "LethargyIndicator" located at cell 'Data'!D4.,
         isRecordedIn "Database001"  # Generated from value "Database001" located at cell 'Data'!E4.
   Types: HealthAlertEvent
   Annotations: rdfs:label "HighHealthAlertEvent"
Individual: HighHealthAlertEvent  # Generated from value "HighHealthAlertEvent" located at cell 'Data'!A4.
   Facts: isDetectedBy "HealthDetectionMethod"  # Generated from value "HealthDetectionMethod" located at cell 'Data'!C4.,
         isSupportedBy "LethargyIndicator"  # Generated from value "LethargyIndicator" located at cell 'Data'!D4.,
         isRecordedIn "Database001"  # Generated from value "Database001" located at cell 'Data'!E4.
   Types: HealthAlertEvent
   Annotations: rdfs:label "HighHealthAlertEvent"
Individual: HighHealthAlertEvent  # Generated from value "HighHealthAlertEvent" located at cell 'Data'!A4.
   Facts: isDetectedBy "HealthDetectionMethod"  # Generated from value "HealthDetectionMethod" located at cell 'Data'!C4.,
         isSupportedBy "LethargyIndicator"  # Generated from value "LethargyIndicator" located at cell 'Data'!D4.,
         isRecordedIn "Database001"  # Generated from value "Database001" located at cell 'Data'!E4.
   Types: HealthAlertEvent
   Annotations: rdfs:label "HighHealthAlertEvent"
Individual: HighHealthAlertEvent  # Generated from value "HighHealthAlertEvent" located at cell 'Data'!A4.
   Facts: isDetectedBy "HealthDetectionMethod"  # Generated from value "HealthDetectionMethod" located at cell 'Data'!C4.,
         isSupportedBy "LethargyIndicator"  # Generated from value "LethargyIndicator" located at cell 'Data'!D4.,
         isRecordedIn "Database001"  # Generated from value "Database001" located at cell 'Data'!E4.
   Types: HealthAlertEvent
   Annotations: rdfs:label "HighHealthAlertEvent"
Individual: HighHealthAlertEvent  # Generated from value "HighHealthAlertEvent" located at cell 'Data'!A4.
   Facts: isDetectedBy "HealthDetectionMethod"  # Generated from value "HealthDetectionMethod" located at cell 'Data'!C4.,
         isSupportedBy "LethargyIndicator"  # Generated from value "LethargyIndicator" located at cell 'Data'!D4.,
         isRecordedIn "Database001"  # Generated from value "Database001" located at cell 'Data'!E4.
   Types: HealthAlertEvent
   Annotations: rdfs:label "HighHealthAlertEvent"
Individual: HighHealthAlertEvent  # Generated from value "HighHealthAlertEvent" located at cell 'Data'!A4.
   Facts: isDetectedBy "HealthDetectionMethod"  # Generated from value "HealthDetectionMethod" located at cell 'Data'!C4.,
         isSupportedBy "LethargyIndicator"  # Generated from value "LethargyIndicator" located at cell 'Data'!D4.,
         isRecordedIn "Database001"  # Generated from value "Database001" located at cell 'Data'!E4.
   Types: HealthAlertEvent
   Annotations: rdfs:label "HighHealthAlertEvent"
Individual: HighHealthAlertEvent  # Generated from value "HighHealthAlertEvent" located at cell 'Data'!A4.
   Facts: isDetectedBy "HealthDetectionMethod"  # Generated from value "HealthDetectionMethod" located at cell 'Data'!C4.,
         isSupportedBy "LethargyIndicator"  # Generated from value "LethargyIndicator" located at cell 'Data'!D4.,
         isRecordedIn "Database001"  # Generated from value "Database001" located at cell 'Data'!E4.
   Types: HealthAlertEvent
   Annotations: rdfs:label "HighHealthAlertEvent"
Individual: HighHealthAlertEvent  # Generated from value "HighHealthAlertEvent" located at cell 'Data'!A4.
   Facts: isDetectedBy "HealthDetectionMethod"  # Generated from value "HealthDetectionMethod" located at cell 'Data'!C4.,
         isSupportedBy "LethargyIndicator"  # Generated from value "LethargyIndicator" located at cell 'Data'!D4.,
         isRecordedIn "Database001"  # Generated from value "Database001" located at cell 'Data'!E4.
   Types: HealthAlertEvent
   Annotations: rdfs:label "HighHealthAlertEvent"
Individual: HighHealthAlertEvent  # Generated from value "HighHealthAlertEvent" located at cell 'Data'!A4.
   Facts: isDetectedBy "HealthDetectionMethod"  # Generated from value "HealthDetectionMethod" located at cell 'Data'!C4.,
         isSupportedBy "LethargyIndicator"  # Generated from value "LethargyIndicator" located at cell 'Data'!D4.,
         isRecordedIn "Database001"  # Generated from value "Database001" located at cell 'Data'!E4.
   Types: HealthAlertEvent
   Annotations: rdfs:label "HighHealthAlertEvent"
Individual: HighHealthAlertEvent  # Generated from value "HighHealthAlertEvent" located at cell 'Data'!A4.
   Facts: isDetectedBy "HealthDetectionMethod"  # Generated from value "HealthDetectionMethod" located at cell 'Data'!C4.,
         isSupportedBy "LethargyIndicator"  # Generated from value "LethargyIndicator" located at cell 'Data'!D4.,
         isRecordedIn "Database001"  # Generated from value "Database001" located at cell 'Data'!E4.
   Types: HealthAlertEvent
   Annotations: rdfs:label "HighHealthAlertEvent"
Individual: HighHealthAlertEvent  # Generated from value "HighHealthAlertEvent" located at cell 'Data'!A4.
   Facts: isDetectedBy "HealthDetectionMethod"  # Generated from value "HealthDetectionMethod" located at cell 'Data'!C4.,
         isSupportedBy "LethargyIndicator"  # Generated from value "LethargyIndicator" located at cell 'Data'!D4.,
         isRecordedIn "Database001"  # Generated from value "Database001" located at cell 'Data'!E4.
   Types: HealthAlertEvent
   Annotations: rdfs:label "HighHealthAlertEvent"
Individual: HighHealthAlertEvent  # Generated from value "HighHealthAlertEvent" located at cell 'Data'!A4.
   Facts: isDetectedBy "HealthDetectionMethod"  # Generated from value "HealthDetectionMethod" located at cell 'Data'!C4.,
         isSupportedBy "LethargyIndicator"  # Generated from value "LethargyIndicator" located at cell 'Data'!D4.,
         isRecordedIn "Database001"  # Generated from value "Database001" located at cell 'Data'!E4.
   Types: HealthAlertEvent
   Annotations: rdfs:label "HighHealthAlertEvent"
Individual: HighHealthAlertEvent  # Generated from value "HighHealthAlertEvent" located at cell 'Data'!A4.
   Facts: isDetectedBy "HealthDetectionMethod"  # Generated from value "HealthDetectionMethod" located at cell 'Data'!C4.,
         isSupportedBy "LethargyIndicator"  # Generated from value "LethargyIndicator" located at cell 'Data'!D4.,
         isRecordedIn "Database001"  # Generated from value "Database001" located at cell 'Data'!E4.
   Types: HealthAlertEvent
   Annotations: rdfs:label "HighHealthAlertEvent"
Individual: HighHealthAlertEvent  # Generated from value "HighHealthAlertEvent" located at cell 'Data'!A4.
   Facts: isDetectedBy "HealthDetectionMethod"  # Generated from value "HealthDetectionMethod" located at cell 'Data'!C4.,
         isSupportedBy "LethargyIndicator"  # Generated from value "LethargyIndicator" located at cell 'Data'!D4.,
         isRecordedIn "Database001"  # Generated from value "Database001" located at cell 'Data'!E4.
   Types: HealthAlertEvent
   Annotations: rdfs:label "HighHealthAlertEvent"
Individual: HighHealthAlertEvent  # Generated from value "HighHealthAlertEvent" located at cell 'Data'!A4.
   Facts: isDetectedBy "HealthDetectionMethod"  # Generated from value "HealthDetectionMethod" located at cell 'Data'!C4.,
         isSupportedBy "LethargyIndicator"  # Generated from value "LethargyIndicator" located at cell 'Data'!D4.,
         isRecordedIn "Database001"  # Generated from value "Database001" located at cell 'Data'!E4.
   Types: HealthAlertEvent
   Annotations: rdfs:label "HighHealthAlertEvent"
Individual: HighHealthAlertEvent  # Generated from value "HighHealthAlertEvent" located at cell 'Data'!A4.
   Facts: isDetectedBy "HealthDetectionMethod"  # Generated from value "HealthDetectionMethod" located at cell 'Data'!C4.,
         isSupportedBy "LethargyIndicator"  # Generated from value "LethargyIndicator" located at cell 'Data'!D4.,
         isRecordedIn "Database001"  # Generated from value "Database001" located at cell 'Data'!E4.
   Types: HealthAlertEvent
   Annotations: rdfs:label "HighHealthAlertEvent"
Individual: HighHealthAlertEvent  # Generated from value "HighHealthAlertEvent" located at cell 'Data'!A4.
   Facts: isDetectedBy "HealthDetectionMethod"  # Generated from value "HealthDetectionMethod" located at cell 'Data'!C4.,
         isSupportedBy "LethargyIndicator"  # Generated from value "LethargyIndicator" located at cell 'Data'!D4.,
         isRecordedIn "Database001"  # Generated from value "Database001" located at cell 'Data'!E4.
   Types: HealthAlertEvent
   Annotations: rdfs:label "HighHealthAlertEvent"
Individual: HighHealthAlertEvent  # Generated from value "HighHealthAlertEvent" located at cell 'Data'!A4.
   Facts: isDetectedBy "HealthDetectionMethod"  # Generated from value "HealthDetectionMethod" located at cell 'Data'!C4.,
         isSupportedBy "LethargyIndicator"  # Generated from value "LethargyIndicator" located at cell 'Data'!D4.,
         isRecordedIn "Database001"  # Generated from value "Database001" located at cell 'Data'!E4.
   Types: HealthAlertEvent
   Annotations: rdfs:label "HighHealthAlertEvent"
Individual: HighHealthAlertEvent  # Generated from value "HighHealthAlertEvent" located at cell 'Data'!A4.
   Facts: isDetectedBy "HealthDetectionMethod"  # Generated from value "HealthDetectionMethod" located at cell 'Data'!C4.,
         isSupportedBy "LethargyIndicator"  # Generated from value "LethargyIndicator" located at cell 'Data'!D4.,
         isRecordedIn "Database001"  # Generated from value "Database001" located at cell 'Data'!E4.
   Types: HealthAlertEvent
   Annotations: rdfs:label "HighHealthAlertEvent"
Individual: HighHealthAlertEvent  # Generated from value "HighHealthAlertEvent" located at cell 'Data'!A4.
   Facts: isDetectedBy "HealthDetectionMethod"  # Generated from value "HealthDetectionMethod" located at cell 'Data'!C4.,
         isSupportedBy "LethargyIndicator"  # Generated from value "LethargyIndicator" located at cell 'Data'!D4.,
         isRecordedIn "Database001"  # Generated from value "Database001" located at cell 'Data'!E4.
   Types: HealthAlertEvent
   Annotations: rdfs:label "HighHealthAlertEvent"
Individual: HighHealthAlertEvent  # Generated from value "HighHealthAlertEvent" located at cell 'Data'!A4.
   Facts: isDetectedBy "HealthDetectionMethod"  # Generated from value "HealthDetectionMethod" located at cell 'Data'!C4.,
         isSupportedBy "LethargyIndicator"  # Generated from value "LethargyIndicator" located at cell 'Data'!D4.,
         isRecordedIn "Database001"  # Generated from value "Database001" located at cell 'Data'!E4.
   Types: HealthAlertEvent
   Annotations: rdfs:label "HighHealthAlertEvent"
Individual: HighHealthAlertEvent  # Generated from value "HighHealthAlertEvent" located at cell 'Data'!A4.
   Facts: isDetectedBy "HealthDetectionMethod"  # Generated from value "HealthDetectionMethod" located at cell 'Data'!C4.,
         isSupportedBy "LethargyIndicator"  # Generated from value "LethargyIndicator" located at cell 'Data'!D4.,
         isRecordedIn "Database001"  # Generated from value "Database001" located at cell 'Data'!E4.
   Types: HealthAlertEvent
   Annotations: rdfs:label "HighHealthAlertEvent"
Individual: HighHealthAlertEvent  # Generated from value "HighHealthAlertEvent" located at cell 'Data'!A4.
   Facts: isDetectedBy "HealthDetectionMethod"  # Generated from value "HealthDetectionMethod" located at cell 'Data'!C4.,
         isSupportedBy "LethargyIndicator"  # Generated from value "LethargyIndicator" located at cell 'Data'!D4.,
         isRecordedIn "Database001"  # Generated from value "Database001" located at cell 'Data'!E4.
   Types: HealthAlertEvent
   Annotations: rdfs:label "HighHealthAlertEvent"
Individual: HighHealthAlertEvent  # Generated from value "HighHealthAlertEvent" located at cell 'Data'!A4.
   Facts: isDetectedBy "HealthDetectionMethod"  # Generated from value "HealthDetectionMethod" located at cell 'Data'!C4.,
         isSupportedBy "LethargyIndicator"  # Generated from value "LethargyIndicator" located at cell 'Data'!D4.,
         isRecordedIn "Database001"  # Generated from value "Database001" located at cell 'Data'!E4.
   Types: HealthAlertEvent
   Annotations: rdfs:label "HighHealthAlertEvent"
Individual: HighHealthAlertEvent  # Generated from value "HighHealthAlertEvent" located at cell 'Data'!A4.
   Facts: isDetectedBy "HealthDetectionMethod"  # Generated from value "HealthDetectionMethod" located at cell 'Data'!C4.,
         isSupportedBy "LethargyIndicator"  # Generated from value "LethargyIndicator" located at cell 'Data'!D4.,
         isRecordedIn "Database001"  # Generated from value "Database001" located at cell 'Data'!E4.
   Types: HealthAlertEvent
   Annotations: rdfs:label "HighHealthAlertEvent"
Individual: HighHealthAlertEvent  # Generated from value "HighHealthAlertEvent" located at cell 'Data'!A4.
   Facts: isDetectedBy "HealthDetectionMethod"  # Generated from value "HealthDetectionMethod" located at cell 'Data'!C4.,
         isSupportedBy "LethargyIndicator"  # Generated from value "LethargyIndicator" located at cell 'Data'!D4.,
         isRecordedIn "Database001"  # Generated from value "Database001" located at cell 'Data'!E4.
   Types: HealthAlertEvent
   Annotations: rdfs:label "HighHealthAlertEvent"
Individual: HighHealthAlertEvent  # Generated from value "HighHealthAlertEvent" located at cell 'Data'!A4.
   Facts: isDetectedBy "HealthDetectionMethod"  # Generated from value "HealthDetectionMethod" located at cell 'Data'!C4.,
         isSupportedBy "LethargyIndicator"  # Generated from value "LethargyIndicator" located at cell 'Data'!D4.,
         isRecordedIn "Database001"  # Generated from value "Database001" located at cell 'Data'!E4.
   Types: HealthAlertEvent
   Annotations: rdfs:label "HighHealthAlertEvent"
Individual: HighHealthAlertEvent  # Generated from value "HighHealthAlertEvent" located at cell 'Data'!A4.
   Facts: isDetectedBy "HealthDetectionMethod"  # Generated from value "HealthDetectionMethod" located at cell 'Data'!C4.,
         isSupportedBy "LethargyIndicator"  # Generated from value "LethargyIndicator" located at cell 'Data'!D4.,
         isRecordedIn "Database001"  # Generated from value "Database001" located at cell 'Data'!E4.
   Types: HealthAlertEvent
   Annotations: rdfs:label "HighHealthAlertEvent"

# Cell range: (Data!A2:E+) Comment: ""
# Individual: @A5 Annotations: rdfs:label @A5 Types: @B5 Facts: isDetectedBy @C5,isSupportedBy @D5,isRecordedIn @E5

Individual: SuspiciousMovementEvent  # Generated from value "SuspiciousMovementEvent" located at cell 'Data'!A5.
   Facts: isDetectedBy "TheftDetectionSystem"  # Generated from value "TheftDetectionSystem" located at cell 'Data'!C5.,
         isSupportedBy "LowSuspiciousIndicator"  # Generated from value "LowSuspiciousIndicator" located at cell 'Data'!D5.,
         isRecordedIn "Database001"  # Generated from value "Database001" located at cell 'Data'!E5.
   Types: SuspiciousEvent
   Annotations: rdfs:label "SuspiciousMovementEvent"
Individual: SuspiciousMovementEvent  # Generated from value "SuspiciousMovementEvent" located at cell 'Data'!A5.
   Facts: isDetectedBy "TheftDetectionSystem"  # Generated from value "TheftDetectionSystem" located at cell 'Data'!C5.,
         isSupportedBy "LowSuspiciousIndicator"  # Generated from value "LowSuspiciousIndicator" located at cell 'Data'!D5.,
         isRecordedIn "Database001"  # Generated from value "Database001" located at cell 'Data'!E5.
   Types: SuspiciousEvent
   Annotations: rdfs:label "SuspiciousMovementEvent"
Individual: SuspiciousMovementEvent  # Generated from value "SuspiciousMovementEvent" located at cell 'Data'!A5.
   Facts: isDetectedBy "TheftDetectionSystem"  # Generated from value "TheftDetectionSystem" located at cell 'Data'!C5.,
         isSupportedBy "LowSuspiciousIndicator"  # Generated from value "LowSuspiciousIndicator" located at cell 'Data'!D5.,
         isRecordedIn "Database001"  # Generated from value "Database001" located at cell 'Data'!E5.
   Types: SuspiciousEvent
   Annotations: rdfs:label "SuspiciousMovementEvent"
Individual: SuspiciousMovementEvent  # Generated from value "SuspiciousMovementEvent" located at cell 'Data'!A5.
   Facts: isDetectedBy "TheftDetectionSystem"  # Generated from value "TheftDetectionSystem" located at cell 'Data'!C5.,
         isSupportedBy "LowSuspiciousIndicator"  # Generated from value "LowSuspiciousIndicator" located at cell 'Data'!D5.,
         isRecordedIn "Database001"  # Generated from value "Database001" located at cell 'Data'!E5.
   Types: SuspiciousEvent
   Annotations: rdfs:label "SuspiciousMovementEvent"
Individual: SuspiciousMovementEvent  # Generated from value "SuspiciousMovementEvent" located at cell 'Data'!A5.
   Facts: isDetectedBy "TheftDetectionSystem"  # Generated from value "TheftDetectionSystem" located at cell 'Data'!C5.,
         isSupportedBy "LowSuspiciousIndicator"  # Generated from value "LowSuspiciousIndicator" located at cell 'Data'!D5.,
         isRecordedIn "Database001"  # Generated from value "Database001" located at cell 'Data'!E5.
   Types: SuspiciousEvent
   Annotations: rdfs:label "SuspiciousMovementEvent"
Individual: SuspiciousMovementEvent  # Generated from value "SuspiciousMovementEvent" located at cell 'Data'!A5.
   Facts: isDetectedBy "TheftDetectionSystem"  # Generated from value "TheftDetectionSystem" located at cell 'Data'!C5.,
         isSupportedBy "LowSuspiciousIndicator"  # Generated from value "LowSuspiciousIndicator" located at cell 'Data'!D5.,
         isRecordedIn "Database001"  # Generated from value "Database001" located at cell 'Data'!E5.
   Types: SuspiciousEvent
   Annotations: rdfs:label "SuspiciousMovementEvent"
Individual: SuspiciousMovementEvent  # Generated from value "SuspiciousMovementEvent" located at cell 'Data'!A5.
   Facts: isDetectedBy "TheftDetectionSystem"  # Generated from value "TheftDetectionSystem" located at cell 'Data'!C5.,
         isSupportedBy "LowSuspiciousIndicator"  # Generated from value "LowSuspiciousIndicator" located at cell 'Data'!D5.,
         isRecordedIn "Database001"  # Generated from value "Database001" located at cell 'Data'!E5.
   Types: SuspiciousEvent
   Annotations: rdfs:label "SuspiciousMovementEvent"
Individual: SuspiciousMovementEvent  # Generated from value "SuspiciousMovementEvent" located at cell 'Data'!A5.
   Facts: isDetectedBy "TheftDetectionSystem"  # Generated from value "TheftDetectionSystem" located at cell 'Data'!C5.,
         isSupportedBy "LowSuspiciousIndicator"  # Generated from value "LowSuspiciousIndicator" located at cell 'Data'!D5.,
         isRecordedIn "Database001"  # Generated from value "Database001" located at cell 'Data'!E5.
   Types: SuspiciousEvent
   Annotations: rdfs:label "SuspiciousMovementEvent"
Individual: SuspiciousMovementEvent  # Generated from value "SuspiciousMovementEvent" located at cell 'Data'!A5.
   Facts: isDetectedBy "TheftDetectionSystem"  # Generated from value "TheftDetectionSystem" located at cell 'Data'!C5.,
         isSupportedBy "LowSuspiciousIndicator"  # Generated from value "LowSuspiciousIndicator" located at cell 'Data'!D5.,
         isRecordedIn "Database001"  # Generated from value "Database001" located at cell 'Data'!E5.
   Types: SuspiciousEvent
   Annotations: rdfs:label "SuspiciousMovementEvent"
Individual: SuspiciousMovementEvent  # Generated from value "SuspiciousMovementEvent" located at cell 'Data'!A5.
   Facts: isDetectedBy "TheftDetectionSystem"  # Generated from value "TheftDetectionSystem" located at cell 'Data'!C5.,
         isSupportedBy "LowSuspiciousIndicator"  # Generated from value "LowSuspiciousIndicator" located at cell 'Data'!D5.,
         isRecordedIn "Database001"  # Generated from value "Database001" located at cell 'Data'!E5.
   Types: SuspiciousEvent
   Annotations: rdfs:label "SuspiciousMovementEvent"
Individual: SuspiciousMovementEvent  # Generated from value "SuspiciousMovementEvent" located at cell 'Data'!A5.
   Facts: isDetectedBy "TheftDetectionSystem"  # Generated from value "TheftDetectionSystem" located at cell 'Data'!C5.,
         isSupportedBy "LowSuspiciousIndicator"  # Generated from value "LowSuspiciousIndicator" located at cell 'Data'!D5.,
         isRecordedIn "Database001"  # Generated from value "Database001" located at cell 'Data'!E5.
   Types: SuspiciousEvent
   Annotations: rdfs:label "SuspiciousMovementEvent"
Individual: SuspiciousMovementEvent  # Generated from value "SuspiciousMovementEvent" located at cell 'Data'!A5.
   Facts: isDetectedBy "TheftDetectionSystem"  # Generated from value "TheftDetectionSystem" located at cell 'Data'!C5.,
         isSupportedBy "LowSuspiciousIndicator"  # Generated from value "LowSuspiciousIndicator" located at cell 'Data'!D5.,
         isRecordedIn "Database001"  # Generated from value "Database001" located at cell 'Data'!E5.
   Types: SuspiciousEvent
   Annotations: rdfs:label "SuspiciousMovementEvent"
Individual: SuspiciousMovementEvent  # Generated from value "SuspiciousMovementEvent" located at cell 'Data'!A5.
   Facts: isDetectedBy "TheftDetectionSystem"  # Generated from value "TheftDetectionSystem" located at cell 'Data'!C5.,
         isSupportedBy "LowSuspiciousIndicator"  # Generated from value "LowSuspiciousIndicator" located at cell 'Data'!D5.,
         isRecordedIn "Database001"  # Generated from value "Database001" located at cell 'Data'!E5.
   Types: SuspiciousEvent
   Annotations: rdfs:label "SuspiciousMovementEvent"
Individual: SuspiciousMovementEvent  # Generated from value "SuspiciousMovementEvent" located at cell 'Data'!A5.
   Facts: isDetectedBy "TheftDetectionSystem"  # Generated from value "TheftDetectionSystem" located at cell 'Data'!C5.,
         isSupportedBy "LowSuspiciousIndicator"  # Generated from value "LowSuspiciousIndicator" located at cell 'Data'!D5.,
         isRecordedIn "Database001"  # Generated from value "Database001" located at cell 'Data'!E5.
   Types: SuspiciousEvent
   Annotations: rdfs:label "SuspiciousMovementEvent"
Individual: SuspiciousMovementEvent  # Generated from value "SuspiciousMovementEvent" located at cell 'Data'!A5.
   Facts: isDetectedBy "TheftDetectionSystem"  # Generated from value "TheftDetectionSystem" located at cell 'Data'!C5.,
         isSupportedBy "LowSuspiciousIndicator"  # Generated from value "LowSuspiciousIndicator" located at cell 'Data'!D5.,
         isRecordedIn "Database001"  # Generated from value "Database001" located at cell 'Data'!E5.
   Types: SuspiciousEvent
   Annotations: rdfs:label "SuspiciousMovementEvent"
Individual: SuspiciousMovementEvent  # Generated from value "SuspiciousMovementEvent" located at cell 'Data'!A5.
   Facts: isDetectedBy "TheftDetectionSystem"  # Generated from value "TheftDetectionSystem" located at cell 'Data'!C5.,
         isSupportedBy "LowSuspiciousIndicator"  # Generated from value "LowSuspiciousIndicator" located at cell 'Data'!D5.,
         isRecordedIn "Database001"  # Generated from value "Database001" located at cell 'Data'!E5.
   Types: SuspiciousEvent
   Annotations: rdfs:label "SuspiciousMovementEvent"
Individual: SuspiciousMovementEvent  # Generated from value "SuspiciousMovementEvent" located at cell 'Data'!A5.
   Facts: isDetectedBy "TheftDetectionSystem"  # Generated from value "TheftDetectionSystem" located at cell 'Data'!C5.,
         isSupportedBy "LowSuspiciousIndicator"  # Generated from value "LowSuspiciousIndicator" located at cell 'Data'!D5.,
         isRecordedIn "Database001"  # Generated from value "Database001" located at cell 'Data'!E5.
   Types: SuspiciousEvent
   Annotations: rdfs:label "SuspiciousMovementEvent"
Individual: SuspiciousMovementEvent  # Generated from value "SuspiciousMovementEvent" located at cell 'Data'!A5.
   Facts: isDetectedBy "TheftDetectionSystem"  # Generated from value "TheftDetectionSystem" located at cell 'Data'!C5.,
         isSupportedBy "LowSuspiciousIndicator"  # Generated from value "LowSuspiciousIndicator" located at cell 'Data'!D5.,
         isRecordedIn "Database001"  # Generated from value "Database001" located at cell 'Data'!E5.
   Types: SuspiciousEvent
   Annotations: rdfs:label "SuspiciousMovementEvent"
Individual: SuspiciousMovementEvent  # Generated from value "SuspiciousMovementEvent" located at cell 'Data'!A5.
   Facts: isDetectedBy "TheftDetectionSystem"  # Generated from value "TheftDetectionSystem" located at cell 'Data'!C5.,
         isSupportedBy "LowSuspiciousIndicator"  # Generated from value "LowSuspiciousIndicator" located at cell 'Data'!D5.,
         isRecordedIn "Database001"  # Generated from value "Database001" located at cell 'Data'!E5.
   Types: SuspiciousEvent
   Annotations: rdfs:label "SuspiciousMovementEvent"
Individual: SuspiciousMovementEvent  # Generated from value "SuspiciousMovementEvent" located at cell 'Data'!A5.
   Facts: isDetectedBy "TheftDetectionSystem"  # Generated from value "TheftDetectionSystem" located at cell 'Data'!C5.,
         isSupportedBy "LowSuspiciousIndicator"  # Generated from value "LowSuspiciousIndicator" located at cell 'Data'!D5.,
         isRecordedIn "Database001"  # Generated from value "Database001" located at cell 'Data'!E5.
   Types: SuspiciousEvent
   Annotations: rdfs:label "SuspiciousMovementEvent"
Individual: SuspiciousMovementEvent  # Generated from value "SuspiciousMovementEvent" located at cell 'Data'!A5.
   Facts: isDetectedBy "TheftDetectionSystem"  # Generated from value "TheftDetectionSystem" located at cell 'Data'!C5.,
         isSupportedBy "LowSuspiciousIndicator"  # Generated from value "LowSuspiciousIndicator" located at cell 'Data'!D5.,
         isRecordedIn "Database001"  # Generated from value "Database001" located at cell 'Data'!E5.
   Types: SuspiciousEvent
   Annotations: rdfs:label "SuspiciousMovementEvent"
Individual: SuspiciousMovementEvent  # Generated from value "SuspiciousMovementEvent" located at cell 'Data'!A5.
   Facts: isDetectedBy "TheftDetectionSystem"  # Generated from value "TheftDetectionSystem" located at cell 'Data'!C5.,
         isSupportedBy "LowSuspiciousIndicator"  # Generated from value "LowSuspiciousIndicator" located at cell 'Data'!D5.,
         isRecordedIn "Database001"  # Generated from value "Database001" located at cell 'Data'!E5.
   Types: SuspiciousEvent
   Annotations: rdfs:label "SuspiciousMovementEvent"
Individual: SuspiciousMovementEvent  # Generated from value "SuspiciousMovementEvent" located at cell 'Data'!A5.
   Facts: isDetectedBy "TheftDetectionSystem"  # Generated from value "TheftDetectionSystem" located at cell 'Data'!C5.,
         isSupportedBy "LowSuspiciousIndicator"  # Generated from value "LowSuspiciousIndicator" located at cell 'Data'!D5.,
         isRecordedIn "Database001"  # Generated from value "Database001" located at cell 'Data'!E5.
   Types: SuspiciousEvent
   Annotations: rdfs:label "SuspiciousMovementEvent"
Individual: SuspiciousMovementEvent  # Generated from value "SuspiciousMovementEvent" located at cell 'Data'!A5.
   Facts: isDetectedBy "TheftDetectionSystem"  # Generated from value "TheftDetectionSystem" located at cell 'Data'!C5.,
         isSupportedBy "LowSuspiciousIndicator"  # Generated from value "LowSuspiciousIndicator" located at cell 'Data'!D5.,
         isRecordedIn "Database001"  # Generated from value "Database001" located at cell 'Data'!E5.
   Types: SuspiciousEvent
   Annotations: rdfs:label "SuspiciousMovementEvent"
Individual: SuspiciousMovementEvent  # Generated from value "SuspiciousMovementEvent" located at cell 'Data'!A5.
   Facts: isDetectedBy "TheftDetectionSystem"  # Generated from value "TheftDetectionSystem" located at cell 'Data'!C5.,
         isSupportedBy "LowSuspiciousIndicator"  # Generated from value "LowSuspiciousIndicator" located at cell 'Data'!D5.,
         isRecordedIn "Database001"  # Generated from value "Database001" located at cell 'Data'!E5.
   Types: SuspiciousEvent
   Annotations: rdfs:label "SuspiciousMovementEvent"
Individual: SuspiciousMovementEvent  # Generated from value "SuspiciousMovementEvent" located at cell 'Data'!A5.
   Facts: isDetectedBy "TheftDetectionSystem"  # Generated from value "TheftDetectionSystem" located at cell 'Data'!C5.,
         isSupportedBy "LowSuspiciousIndicator"  # Generated from value "LowSuspiciousIndicator" located at cell 'Data'!D5.,
         isRecordedIn "Database001"  # Generated from value "Database001" located at cell 'Data'!E5.
   Types: SuspiciousEvent
   Annotations: rdfs:label "SuspiciousMovementEvent"
Individual: SuspiciousMovementEvent  # Generated from value "SuspiciousMovementEvent" located at cell 'Data'!A5.
   Facts: isDetectedBy "TheftDetectionSystem"  # Generated from value "TheftDetectionSystem" located at cell 'Data'!C5.,
         isSupportedBy "LowSuspiciousIndicator"  # Generated from value "LowSuspiciousIndicator" located at cell 'Data'!D5.,
         isRecordedIn "Database001"  # Generated from value "Database001" located at cell 'Data'!E5.
   Types: SuspiciousEvent
   Annotations: rdfs:label "SuspiciousMovementEvent"
Individual: SuspiciousMovementEvent  # Generated from value "SuspiciousMovementEvent" located at cell 'Data'!A5.
   Facts: isDetectedBy "TheftDetectionSystem"  # Generated from value "TheftDetectionSystem" located at cell 'Data'!C5.,
         isSupportedBy "LowSuspiciousIndicator"  # Generated from value "LowSuspiciousIndicator" located at cell 'Data'!D5.,
         isRecordedIn "Database001"  # Generated from value "Database001" located at cell 'Data'!E5.
   Types: SuspiciousEvent
   Annotations: rdfs:label "SuspiciousMovementEvent"
Individual: SuspiciousMovementEvent  # Generated from value "SuspiciousMovementEvent" located at cell 'Data'!A5.
   Facts: isDetectedBy "TheftDetectionSystem"  # Generated from value "TheftDetectionSystem" located at cell 'Data'!C5.,
         isSupportedBy "LowSuspiciousIndicator"  # Generated from value "LowSuspiciousIndicator" located at cell 'Data'!D5.,
         isRecordedIn "Database001"  # Generated from value "Database001" located at cell 'Data'!E5.
   Types: SuspiciousEvent
   Annotations: rdfs:label "SuspiciousMovementEvent"
Individual: SuspiciousMovementEvent  # Generated from value "SuspiciousMovementEvent" located at cell 'Data'!A5.
   Facts: isDetectedBy "TheftDetectionSystem"  # Generated from value "TheftDetectionSystem" located at cell 'Data'!C5.,
         isSupportedBy "LowSuspiciousIndicator"  # Generated from value "LowSuspiciousIndicator" located at cell 'Data'!D5.,
         isRecordedIn "Database001"  # Generated from value "Database001" located at cell 'Data'!E5.
   Types: SuspiciousEvent
   Annotations: rdfs:label "SuspiciousMovementEvent"
Individual: SuspiciousMovementEvent  # Generated from value "SuspiciousMovementEvent" located at cell 'Data'!A5.
   Facts: isDetectedBy "TheftDetectionSystem"  # Generated from value "TheftDetectionSystem" located at cell 'Data'!C5.,
         isSupportedBy "LowSuspiciousIndicator"  # Generated from value "LowSuspiciousIndicator" located at cell 'Data'!D5.,
         isRecordedIn "Database001"  # Generated from value "Database001" located at cell 'Data'!E5.
   Types: SuspiciousEvent
   Annotations: rdfs:label "SuspiciousMovementEvent"
Individual: SuspiciousMovementEvent  # Generated from value "SuspiciousMovementEvent" located at cell 'Data'!A5.
   Facts: isDetectedBy "TheftDetectionSystem"  # Generated from value "TheftDetectionSystem" located at cell 'Data'!C5.,
         isSupportedBy "LowSuspiciousIndicator"  # Generated from value "LowSuspiciousIndicator" located at cell 'Data'!D5.,
         isRecordedIn "Database001"  # Generated from value "Database001" located at cell 'Data'!E5.
   Types: SuspiciousEvent
   Annotations: rdfs:label "SuspiciousMovementEvent"
Individual: SuspiciousMovementEvent  # Generated from value "SuspiciousMovementEvent" located at cell 'Data'!A5.
   Facts: isDetectedBy "TheftDetectionSystem"  # Generated from value "TheftDetectionSystem" located at cell 'Data'!C5.,
         isSupportedBy "LowSuspiciousIndicator"  # Generated from value "LowSuspiciousIndicator" located at cell 'Data'!D5.,
         isRecordedIn "Database001"  # Generated from value "Database001" located at cell 'Data'!E5.
   Types: SuspiciousEvent
   Annotations: rdfs:label "SuspiciousMovementEvent"
Individual: SuspiciousMovementEvent  # Generated from value "SuspiciousMovementEvent" located at cell 'Data'!A5.
   Facts: isDetectedBy "TheftDetectionSystem"  # Generated from value "TheftDetectionSystem" located at cell 'Data'!C5.,
         isSupportedBy "LowSuspiciousIndicator"  # Generated from value "LowSuspiciousIndicator" located at cell 'Data'!D5.,
         isRecordedIn "Database001"  # Generated from value "Database001" located at cell 'Data'!E5.
   Types: SuspiciousEvent
   Annotations: rdfs:label "SuspiciousMovementEvent"
Individual: SuspiciousMovementEvent  # Generated from value "SuspiciousMovementEvent" located at cell 'Data'!A5.
   Facts: isDetectedBy "TheftDetectionSystem"  # Generated from value "TheftDetectionSystem" located at cell 'Data'!C5.,
         isSupportedBy "LowSuspiciousIndicator"  # Generated from value "LowSuspiciousIndicator" located at cell 'Data'!D5.,
         isRecordedIn "Database001"  # Generated from value "Database001" located at cell 'Data'!E5.
   Types: SuspiciousEvent
   Annotations: rdfs:label "SuspiciousMovementEvent"

# Cell range: (Data!A2:E+) Comment: ""
# Individual: @A6 Annotations: rdfs:label @A6 Types: @B6 Facts: isDetectedBy @C6,isSupportedBy @D6,isRecordedIn @E6

Individual: SystemStatusUpdateEvent  # Generated from value "SystemStatusUpdateEvent" located at cell 'Data'!A6.
   Facts: isDetectedBy "TheftDetectionSystem"  # Generated from value "TheftDetectionSystem" located at cell 'Data'!C6.,
         isSupportedBy "NormalActivityIndicator"  # Generated from value "NormalActivityIndicator" located at cell 'Data'!D6.,
         isRecordedIn "Database001"  # Generated from value "Database001" located at cell 'Data'!E6.
   Types: StatusUpdateEvent
   Annotations: rdfs:label "SystemStatusUpdateEvent"
Individual: SystemStatusUpdateEvent  # Generated from value "SystemStatusUpdateEvent" located at cell 'Data'!A6.
   Facts: isDetectedBy "TheftDetectionSystem"  # Generated from value "TheftDetectionSystem" located at cell 'Data'!C6.,
         isSupportedBy "NormalActivityIndicator"  # Generated from value "NormalActivityIndicator" located at cell 'Data'!D6.,
         isRecordedIn "Database001"  # Generated from value "Database001" located at cell 'Data'!E6.
   Types: StatusUpdateEvent
   Annotations: rdfs:label "SystemStatusUpdateEvent"
Individual: SystemStatusUpdateEvent  # Generated from value "SystemStatusUpdateEvent" located at cell 'Data'!A6.
   Facts: isDetectedBy "TheftDetectionSystem"  # Generated from value "TheftDetectionSystem" located at cell 'Data'!C6.,
         isSupportedBy "NormalActivityIndicator"  # Generated from value "NormalActivityIndicator" located at cell 'Data'!D6.,
         isRecordedIn "Database001"  # Generated from value "Database001" located at cell 'Data'!E6.
   Types: StatusUpdateEvent
   Annotations: rdfs:label "SystemStatusUpdateEvent"
Individual: SystemStatusUpdateEvent  # Generated from value "SystemStatusUpdateEvent" located at cell 'Data'!A6.
   Facts: isDetectedBy "TheftDetectionSystem"  # Generated from value "TheftDetectionSystem" located at cell 'Data'!C6.,
         isSupportedBy "NormalActivityIndicator"  # Generated from value "NormalActivityIndicator" located at cell 'Data'!D6.,
         isRecordedIn "Database001"  # Generated from value "Database001" located at cell 'Data'!E6.
   Types: StatusUpdateEvent
   Annotations: rdfs:label "SystemStatusUpdateEvent"
Individual: SystemStatusUpdateEvent  # Generated from value "SystemStatusUpdateEvent" located at cell 'Data'!A6.
   Facts: isDetectedBy "TheftDetectionSystem"  # Generated from value "TheftDetectionSystem" located at cell 'Data'!C6.,
         isSupportedBy "NormalActivityIndicator"  # Generated from value "NormalActivityIndicator" located at cell 'Data'!D6.,
         isRecordedIn "Database001"  # Generated from value "Database001" located at cell 'Data'!E6.
   Types: StatusUpdateEvent
   Annotations: rdfs:label "SystemStatusUpdateEvent"
Individual: SystemStatusUpdateEvent  # Generated from value "SystemStatusUpdateEvent" located at cell 'Data'!A6.
   Facts: isDetectedBy "TheftDetectionSystem"  # Generated from value "TheftDetectionSystem" located at cell 'Data'!C6.,
         isSupportedBy "NormalActivityIndicator"  # Generated from value "NormalActivityIndicator" located at cell 'Data'!D6.,
         isRecordedIn "Database001"  # Generated from value "Database001" located at cell 'Data'!E6.
   Types: StatusUpdateEvent
   Annotations: rdfs:label "SystemStatusUpdateEvent"
Individual: SystemStatusUpdateEvent  # Generated from value "SystemStatusUpdateEvent" located at cell 'Data'!A6.
   Facts: isDetectedBy "TheftDetectionSystem"  # Generated from value "TheftDetectionSystem" located at cell 'Data'!C6.,
         isSupportedBy "NormalActivityIndicator"  # Generated from value "NormalActivityIndicator" located at cell 'Data'!D6.,
         isRecordedIn "Database001"  # Generated from value "Database001" located at cell 'Data'!E6.
   Types: StatusUpdateEvent
   Annotations: rdfs:label "SystemStatusUpdateEvent"
Individual: SystemStatusUpdateEvent  # Generated from value "SystemStatusUpdateEvent" located at cell 'Data'!A6.
   Facts: isDetectedBy "TheftDetectionSystem"  # Generated from value "TheftDetectionSystem" located at cell 'Data'!C6.,
         isSupportedBy "NormalActivityIndicator"  # Generated from value "NormalActivityIndicator" located at cell 'Data'!D6.,
         isRecordedIn "Database001"  # Generated from value "Database001" located at cell 'Data'!E6.
   Types: StatusUpdateEvent
   Annotations: rdfs:label "SystemStatusUpdateEvent"
Individual: SystemStatusUpdateEvent  # Generated from value "SystemStatusUpdateEvent" located at cell 'Data'!A6.
   Facts: isDetectedBy "TheftDetectionSystem"  # Generated from value "TheftDetectionSystem" located at cell 'Data'!C6.,
         isSupportedBy "NormalActivityIndicator"  # Generated from value "NormalActivityIndicator" located at cell 'Data'!D6.,
         isRecordedIn "Database001"  # Generated from value "Database001" located at cell 'Data'!E6.
   Types: StatusUpdateEvent
   Annotations: rdfs:label "SystemStatusUpdateEvent"
Individual: SystemStatusUpdateEvent  # Generated from value "SystemStatusUpdateEvent" located at cell 'Data'!A6.
   Facts: isDetectedBy "TheftDetectionSystem"  # Generated from value "TheftDetectionSystem" located at cell 'Data'!C6.,
         isSupportedBy "NormalActivityIndicator"  # Generated from value "NormalActivityIndicator" located at cell 'Data'!D6.,
         isRecordedIn "Database001"  # Generated from value "Database001" located at cell 'Data'!E6.
   Types: StatusUpdateEvent
   Annotations: rdfs:label "SystemStatusUpdateEvent"
Individual: SystemStatusUpdateEvent  # Generated from value "SystemStatusUpdateEvent" located at cell 'Data'!A6.
   Facts: isDetectedBy "TheftDetectionSystem"  # Generated from value "TheftDetectionSystem" located at cell 'Data'!C6.,
         isSupportedBy "NormalActivityIndicator"  # Generated from value "NormalActivityIndicator" located at cell 'Data'!D6.,
         isRecordedIn "Database001"  # Generated from value "Database001" located at cell 'Data'!E6.
   Types: StatusUpdateEvent
   Annotations: rdfs:label "SystemStatusUpdateEvent"
Individual: SystemStatusUpdateEvent  # Generated from value "SystemStatusUpdateEvent" located at cell 'Data'!A6.
   Facts: isDetectedBy "TheftDetectionSystem"  # Generated from value "TheftDetectionSystem" located at cell 'Data'!C6.,
         isSupportedBy "NormalActivityIndicator"  # Generated from value "NormalActivityIndicator" located at cell 'Data'!D6.,
         isRecordedIn "Database001"  # Generated from value "Database001" located at cell 'Data'!E6.
   Types: StatusUpdateEvent
   Annotations: rdfs:label "SystemStatusUpdateEvent"
Individual: SystemStatusUpdateEvent  # Generated from value "SystemStatusUpdateEvent" located at cell 'Data'!A6.
   Facts: isDetectedBy "TheftDetectionSystem"  # Generated from value "TheftDetectionSystem" located at cell 'Data'!C6.,
         isSupportedBy "NormalActivityIndicator"  # Generated from value "NormalActivityIndicator" located at cell 'Data'!D6.,
         isRecordedIn "Database001"  # Generated from value "Database001" located at cell 'Data'!E6.
   Types: StatusUpdateEvent
   Annotations: rdfs:label "SystemStatusUpdateEvent"
Individual: SystemStatusUpdateEvent  # Generated from value "SystemStatusUpdateEvent" located at cell 'Data'!A6.
   Facts: isDetectedBy "TheftDetectionSystem"  # Generated from value "TheftDetectionSystem" located at cell 'Data'!C6.,
         isSupportedBy "NormalActivityIndicator"  # Generated from value "NormalActivityIndicator" located at cell 'Data'!D6.,
         isRecordedIn "Database001"  # Generated from value "Database001" located at cell 'Data'!E6.
   Types: StatusUpdateEvent
   Annotations: rdfs:label "SystemStatusUpdateEvent"
Individual: SystemStatusUpdateEvent  # Generated from value "SystemStatusUpdateEvent" located at cell 'Data'!A6.
   Facts: isDetectedBy "TheftDetectionSystem"  # Generated from value "TheftDetectionSystem" located at cell 'Data'!C6.,
         isSupportedBy "NormalActivityIndicator"  # Generated from value "NormalActivityIndicator" located at cell 'Data'!D6.,
         isRecordedIn "Database001"  # Generated from value "Database001" located at cell 'Data'!E6.
   Types: StatusUpdateEvent
   Annotations: rdfs:label "SystemStatusUpdateEvent"
Individual: SystemStatusUpdateEvent  # Generated from value "SystemStatusUpdateEvent" located at cell 'Data'!A6.
   Facts: isDetectedBy "TheftDetectionSystem"  # Generated from value "TheftDetectionSystem" located at cell 'Data'!C6.,
         isSupportedBy "NormalActivityIndicator"  # Generated from value "NormalActivityIndicator" located at cell 'Data'!D6.,
         isRecordedIn "Database001"  # Generated from value "Database001" located at cell 'Data'!E6.
   Types: StatusUpdateEvent
   Annotations: rdfs:label "SystemStatusUpdateEvent"
Individual: SystemStatusUpdateEvent  # Generated from value "SystemStatusUpdateEvent" located at cell 'Data'!A6.
   Facts: isDetectedBy "TheftDetectionSystem"  # Generated from value "TheftDetectionSystem" located at cell 'Data'!C6.,
         isSupportedBy "NormalActivityIndicator"  # Generated from value "NormalActivityIndicator" located at cell 'Data'!D6.,
         isRecordedIn "Database001"  # Generated from value "Database001" located at cell 'Data'!E6.
   Types: StatusUpdateEvent
   Annotations: rdfs:label "SystemStatusUpdateEvent"
Individual: SystemStatusUpdateEvent  # Generated from value "SystemStatusUpdateEvent" located at cell 'Data'!A6.
   Facts: isDetectedBy "TheftDetectionSystem"  # Generated from value "TheftDetectionSystem" located at cell 'Data'!C6.,
         isSupportedBy "NormalActivityIndicator"  # Generated from value "NormalActivityIndicator" located at cell 'Data'!D6.,
         isRecordedIn "Database001"  # Generated from value "Database001" located at cell 'Data'!E6.
   Types: StatusUpdateEvent
   Annotations: rdfs:label "SystemStatusUpdateEvent"
Individual: SystemStatusUpdateEvent  # Generated from value "SystemStatusUpdateEvent" located at cell 'Data'!A6.
   Facts: isDetectedBy "TheftDetectionSystem"  # Generated from value "TheftDetectionSystem" located at cell 'Data'!C6.,
         isSupportedBy "NormalActivityIndicator"  # Generated from value "NormalActivityIndicator" located at cell 'Data'!D6.,
         isRecordedIn "Database001"  # Generated from value "Database001" located at cell 'Data'!E6.
   Types: StatusUpdateEvent
   Annotations: rdfs:label "SystemStatusUpdateEvent"
Individual: SystemStatusUpdateEvent  # Generated from value "SystemStatusUpdateEvent" located at cell 'Data'!A6.
   Facts: isDetectedBy "TheftDetectionSystem"  # Generated from value "TheftDetectionSystem" located at cell 'Data'!C6.,
         isSupportedBy "NormalActivityIndicator"  # Generated from value "NormalActivityIndicator" located at cell 'Data'!D6.,
         isRecordedIn "Database001"  # Generated from value "Database001" located at cell 'Data'!E6.
   Types: StatusUpdateEvent
   Annotations: rdfs:label "SystemStatusUpdateEvent"
Individual: SystemStatusUpdateEvent  # Generated from value "SystemStatusUpdateEvent" located at cell 'Data'!A6.
   Facts: isDetectedBy "TheftDetectionSystem"  # Generated from value "TheftDetectionSystem" located at cell 'Data'!C6.,
         isSupportedBy "NormalActivityIndicator"  # Generated from value "NormalActivityIndicator" located at cell 'Data'!D6.,
         isRecordedIn "Database001"  # Generated from value "Database001" located at cell 'Data'!E6.
   Types: StatusUpdateEvent
   Annotations: rdfs:label "SystemStatusUpdateEvent"
Individual: SystemStatusUpdateEvent  # Generated from value "SystemStatusUpdateEvent" located at cell 'Data'!A6.
   Facts: isDetectedBy "TheftDetectionSystem"  # Generated from value "TheftDetectionSystem" located at cell 'Data'!C6.,
         isSupportedBy "NormalActivityIndicator"  # Generated from value "NormalActivityIndicator" located at cell 'Data'!D6.,
         isRecordedIn "Database001"  # Generated from value "Database001" located at cell 'Data'!E6.
   Types: StatusUpdateEvent
   Annotations: rdfs:label "SystemStatusUpdateEvent"
Individual: SystemStatusUpdateEvent  # Generated from value "SystemStatusUpdateEvent" located at cell 'Data'!A6.
   Facts: isDetectedBy "TheftDetectionSystem"  # Generated from value "TheftDetectionSystem" located at cell 'Data'!C6.,
         isSupportedBy "NormalActivityIndicator"  # Generated from value "NormalActivityIndicator" located at cell 'Data'!D6.,
         isRecordedIn "Database001"  # Generated from value "Database001" located at cell 'Data'!E6.
   Types: StatusUpdateEvent
   Annotations: rdfs:label "SystemStatusUpdateEvent"
Individual: SystemStatusUpdateEvent  # Generated from value "SystemStatusUpdateEvent" located at cell 'Data'!A6.
   Facts: isDetectedBy "TheftDetectionSystem"  # Generated from value "TheftDetectionSystem" located at cell 'Data'!C6.,
         isSupportedBy "NormalActivityIndicator"  # Generated from value "NormalActivityIndicator" located at cell 'Data'!D6.,
         isRecordedIn "Database001"  # Generated from value "Database001" located at cell 'Data'!E6.
   Types: StatusUpdateEvent
   Annotations: rdfs:label "SystemStatusUpdateEvent"
Individual: SystemStatusUpdateEvent  # Generated from value "SystemStatusUpdateEvent" located at cell 'Data'!A6.
   Facts: isDetectedBy "TheftDetectionSystem"  # Generated from value "TheftDetectionSystem" located at cell 'Data'!C6.,
         isSupportedBy "NormalActivityIndicator"  # Generated from value "NormalActivityIndicator" located at cell 'Data'!D6.,
         isRecordedIn "Database001"  # Generated from value "Database001" located at cell 'Data'!E6.
   Types: StatusUpdateEvent
   Annotations: rdfs:label "SystemStatusUpdateEvent"
Individual: SystemStatusUpdateEvent  # Generated from value "SystemStatusUpdateEvent" located at cell 'Data'!A6.
   Facts: isDetectedBy "TheftDetectionSystem"  # Generated from value "TheftDetectionSystem" located at cell 'Data'!C6.,
         isSupportedBy "NormalActivityIndicator"  # Generated from value "NormalActivityIndicator" located at cell 'Data'!D6.,
         isRecordedIn "Database001"  # Generated from value "Database001" located at cell 'Data'!E6.
   Types: StatusUpdateEvent
   Annotations: rdfs:label "SystemStatusUpdateEvent"
Individual: SystemStatusUpdateEvent  # Generated from value "SystemStatusUpdateEvent" located at cell 'Data'!A6.
   Facts: isDetectedBy "TheftDetectionSystem"  # Generated from value "TheftDetectionSystem" located at cell 'Data'!C6.,
         isSupportedBy "NormalActivityIndicator"  # Generated from value "NormalActivityIndicator" located at cell 'Data'!D6.,
         isRecordedIn "Database001"  # Generated from value "Database001" located at cell 'Data'!E6.
   Types: StatusUpdateEvent
   Annotations: rdfs:label "SystemStatusUpdateEvent"
Individual: SystemStatusUpdateEvent  # Generated from value "SystemStatusUpdateEvent" located at cell 'Data'!A6.
   Facts: isDetectedBy "TheftDetectionSystem"  # Generated from value "TheftDetectionSystem" located at cell 'Data'!C6.,
         isSupportedBy "NormalActivityIndicator"  # Generated from value "NormalActivityIndicator" located at cell 'Data'!D6.,
         isRecordedIn "Database001"  # Generated from value "Database001" located at cell 'Data'!E6.
   Types: StatusUpdateEvent
   Annotations: rdfs:label "SystemStatusUpdateEvent"
Individual: SystemStatusUpdateEvent  # Generated from value "SystemStatusUpdateEvent" located at cell 'Data'!A6.
   Facts: isDetectedBy "TheftDetectionSystem"  # Generated from value "TheftDetectionSystem" located at cell 'Data'!C6.,
         isSupportedBy "NormalActivityIndicator"  # Generated from value "NormalActivityIndicator" located at cell 'Data'!D6.,
         isRecordedIn "Database001"  # Generated from value "Database001" located at cell 'Data'!E6.
   Types: StatusUpdateEvent
   Annotations: rdfs:label "SystemStatusUpdateEvent"
Individual: SystemStatusUpdateEvent  # Generated from value "SystemStatusUpdateEvent" located at cell 'Data'!A6.
   Facts: isDetectedBy "TheftDetectionSystem"  # Generated from value "TheftDetectionSystem" located at cell 'Data'!C6.,
         isSupportedBy "NormalActivityIndicator"  # Generated from value "NormalActivityIndicator" located at cell 'Data'!D6.,
         isRecordedIn "Database001"  # Generated from value "Database001" located at cell 'Data'!E6.
   Types: StatusUpdateEvent
   Annotations: rdfs:label "SystemStatusUpdateEvent"
Individual: SystemStatusUpdateEvent  # Generated from value "SystemStatusUpdateEvent" located at cell 'Data'!A6.
   Facts: isDetectedBy "TheftDetectionSystem"  # Generated from value "TheftDetectionSystem" located at cell 'Data'!C6.,
         isSupportedBy "NormalActivityIndicator"  # Generated from value "NormalActivityIndicator" located at cell 'Data'!D6.,
         isRecordedIn "Database001"  # Generated from value "Database001" located at cell 'Data'!E6.
   Types: StatusUpdateEvent
   Annotations: rdfs:label "SystemStatusUpdateEvent"
Individual: SystemStatusUpdateEvent  # Generated from value "SystemStatusUpdateEvent" located at cell 'Data'!A6.
   Facts: isDetectedBy "TheftDetectionSystem"  # Generated from value "TheftDetectionSystem" located at cell 'Data'!C6.,
         isSupportedBy "NormalActivityIndicator"  # Generated from value "NormalActivityIndicator" located at cell 'Data'!D6.,
         isRecordedIn "Database001"  # Generated from value "Database001" located at cell 'Data'!E6.
   Types: StatusUpdateEvent
   Annotations: rdfs:label "SystemStatusUpdateEvent"
Individual: SystemStatusUpdateEvent  # Generated from value "SystemStatusUpdateEvent" located at cell 'Data'!A6.
   Facts: isDetectedBy "TheftDetectionSystem"  # Generated from value "TheftDetectionSystem" located at cell 'Data'!C6.,
         isSupportedBy "NormalActivityIndicator"  # Generated from value "NormalActivityIndicator" located at cell 'Data'!D6.,
         isRecordedIn "Database001"  # Generated from value "Database001" located at cell 'Data'!E6.
   Types: StatusUpdateEvent
   Annotations: rdfs:label "SystemStatusUpdateEvent"
Individual: SystemStatusUpdateEvent  # Generated from value "SystemStatusUpdateEvent" located at cell 'Data'!A6.
   Facts: isDetectedBy "TheftDetectionSystem"  # Generated from value "TheftDetectionSystem" located at cell 'Data'!C6.,
         isSupportedBy "NormalActivityIndicator"  # Generated from value "NormalActivityIndicator" located at cell 'Data'!D6.,
         isRecordedIn "Database001"  # Generated from value "Database001" located at cell 'Data'!E6.
   Types: StatusUpdateEvent
   Annotations: rdfs:label "SystemStatusUpdateEvent"
Individual: SystemStatusUpdateEvent  # Generated from value "SystemStatusUpdateEvent" located at cell 'Data'!A6.
   Facts: isDetectedBy "TheftDetectionSystem"  # Generated from value "TheftDetectionSystem" located at cell 'Data'!C6.,
         isSupportedBy "NormalActivityIndicator"  # Generated from value "NormalActivityIndicator" located at cell 'Data'!D6.,
         isRecordedIn "Database001"  # Generated from value "Database001" located at cell 'Data'!E6.
   Types: StatusUpdateEvent
   Annotations: rdfs:label "SystemStatusUpdateEvent"

# Cell range: (Data!A2:E+) Comment: ""
# Individual: @A8 Annotations: rdfs:label @A8 Types: @B8 Facts: isDetectedBy @C8,isSupportedBy @D8,isRecordedIn @E8

Individual: EscapedEvent  # Generated from value "EscapedEvent" located at cell 'Data'!A8.
   Facts: isDetectedBy "EscapeDetectionMethod"  # Generated from value "EscapeDetectionMethod" located at cell 'Data'!C8.,
         isSupportedBy "EscapedActivityIndicator"  # Generated from value "EscapedActivityIndicator" located at cell 'Data'!D8.,
         isRecordedIn "Database001"  # Generated from value "Database001" located at cell 'Data'!E8.
   Types: EscapedLivestock
   Annotations: rdfs:label "EscapedEvent"
Individual: EscapedEvent  # Generated from value "EscapedEvent" located at cell 'Data'!A8.
   Facts: isDetectedBy "EscapeDetectionMethod"  # Generated from value "EscapeDetectionMethod" located at cell 'Data'!C8.,
         isSupportedBy "EscapedActivityIndicator"  # Generated from value "EscapedActivityIndicator" located at cell 'Data'!D8.,
         isRecordedIn "Database001"  # Generated from value "Database001" located at cell 'Data'!E8.
   Types: EscapedLivestock
   Annotations: rdfs:label "EscapedEvent"
Individual: EscapedEvent  # Generated from value "EscapedEvent" located at cell 'Data'!A8.
   Facts: isDetectedBy "EscapeDetectionMethod"  # Generated from value "EscapeDetectionMethod" located at cell 'Data'!C8.,
         isSupportedBy "EscapedActivityIndicator"  # Generated from value "EscapedActivityIndicator" located at cell 'Data'!D8.,
         isRecordedIn "Database001"  # Generated from value "Database001" located at cell 'Data'!E8.
   Types: EscapedLivestock
   Annotations: rdfs:label "EscapedEvent"
Individual: EscapedEvent  # Generated from value "EscapedEvent" located at cell 'Data'!A8.
   Facts: isDetectedBy "EscapeDetectionMethod"  # Generated from value "EscapeDetectionMethod" located at cell 'Data'!C8.,
         isSupportedBy "EscapedActivityIndicator"  # Generated from value "EscapedActivityIndicator" located at cell 'Data'!D8.,
         isRecordedIn "Database001"  # Generated from value "Database001" located at cell 'Data'!E8.
   Types: EscapedLivestock
   Annotations: rdfs:label "EscapedEvent"
Individual: EscapedEvent  # Generated from value "EscapedEvent" located at cell 'Data'!A8.
   Facts: isDetectedBy "EscapeDetectionMethod"  # Generated from value "EscapeDetectionMethod" located at cell 'Data'!C8.,
         isSupportedBy "EscapedActivityIndicator"  # Generated from value "EscapedActivityIndicator" located at cell 'Data'!D8.,
         isRecordedIn "Database001"  # Generated from value "Database001" located at cell 'Data'!E8.
   Types: EscapedLivestock
   Annotations: rdfs:label "EscapedEvent"
Individual: EscapedEvent  # Generated from value "EscapedEvent" located at cell 'Data'!A8.
   Facts: isDetectedBy "EscapeDetectionMethod"  # Generated from value "EscapeDetectionMethod" located at cell 'Data'!C8.,
         isSupportedBy "EscapedActivityIndicator"  # Generated from value "EscapedActivityIndicator" located at cell 'Data'!D8.,
         isRecordedIn "Database001"  # Generated from value "Database001" located at cell 'Data'!E8.
   Types: EscapedLivestock
   Annotations: rdfs:label "EscapedEvent"
Individual: EscapedEvent  # Generated from value "EscapedEvent" located at cell 'Data'!A8.
   Facts: isDetectedBy "EscapeDetectionMethod"  # Generated from value "EscapeDetectionMethod" located at cell 'Data'!C8.,
         isSupportedBy "EscapedActivityIndicator"  # Generated from value "EscapedActivityIndicator" located at cell 'Data'!D8.,
         isRecordedIn "Database001"  # Generated from value "Database001" located at cell 'Data'!E8.
   Types: EscapedLivestock
   Annotations: rdfs:label "EscapedEvent"
Individual: EscapedEvent  # Generated from value "EscapedEvent" located at cell 'Data'!A8.
   Facts: isDetectedBy "EscapeDetectionMethod"  # Generated from value "EscapeDetectionMethod" located at cell 'Data'!C8.,
         isSupportedBy "EscapedActivityIndicator"  # Generated from value "EscapedActivityIndicator" located at cell 'Data'!D8.,
         isRecordedIn "Database001"  # Generated from value "Database001" located at cell 'Data'!E8.
   Types: EscapedLivestock
   Annotations: rdfs:label "EscapedEvent"
Individual: EscapedEvent  # Generated from value "EscapedEvent" located at cell 'Data'!A8.
   Facts: isDetectedBy "EscapeDetectionMethod"  # Generated from value "EscapeDetectionMethod" located at cell 'Data'!C8.,
         isSupportedBy "EscapedActivityIndicator"  # Generated from value "EscapedActivityIndicator" located at cell 'Data'!D8.,
         isRecordedIn "Database001"  # Generated from value "Database001" located at cell 'Data'!E8.
   Types: EscapedLivestock
   Annotations: rdfs:label "EscapedEvent"
Individual: EscapedEvent  # Generated from value "EscapedEvent" located at cell 'Data'!A8.
   Facts: isDetectedBy "EscapeDetectionMethod"  # Generated from value "EscapeDetectionMethod" located at cell 'Data'!C8.,
         isSupportedBy "EscapedActivityIndicator"  # Generated from value "EscapedActivityIndicator" located at cell 'Data'!D8.,
         isRecordedIn "Database001"  # Generated from value "Database001" located at cell 'Data'!E8.
   Types: EscapedLivestock
   Annotations: rdfs:label "EscapedEvent"
Individual: EscapedEvent  # Generated from value "EscapedEvent" located at cell 'Data'!A8.
   Facts: isDetectedBy "EscapeDetectionMethod"  # Generated from value "EscapeDetectionMethod" located at cell 'Data'!C8.,
         isSupportedBy "EscapedActivityIndicator"  # Generated from value "EscapedActivityIndicator" located at cell 'Data'!D8.,
         isRecordedIn "Database001"  # Generated from value "Database001" located at cell 'Data'!E8.
   Types: EscapedLivestock
   Annotations: rdfs:label "EscapedEvent"
Individual: EscapedEvent  # Generated from value "EscapedEvent" located at cell 'Data'!A8.
   Facts: isDetectedBy "EscapeDetectionMethod"  # Generated from value "EscapeDetectionMethod" located at cell 'Data'!C8.,
         isSupportedBy "EscapedActivityIndicator"  # Generated from value "EscapedActivityIndicator" located at cell 'Data'!D8.,
         isRecordedIn "Database001"  # Generated from value "Database001" located at cell 'Data'!E8.
   Types: EscapedLivestock
   Annotations: rdfs:label "EscapedEvent"
Individual: EscapedEvent  # Generated from value "EscapedEvent" located at cell 'Data'!A8.
   Facts: isDetectedBy "EscapeDetectionMethod"  # Generated from value "EscapeDetectionMethod" located at cell 'Data'!C8.,
         isSupportedBy "EscapedActivityIndicator"  # Generated from value "EscapedActivityIndicator" located at cell 'Data'!D8.,
         isRecordedIn "Database001"  # Generated from value "Database001" located at cell 'Data'!E8.
   Types: EscapedLivestock
   Annotations: rdfs:label "EscapedEvent"
Individual: EscapedEvent  # Generated from value "EscapedEvent" located at cell 'Data'!A8.
   Facts: isDetectedBy "EscapeDetectionMethod"  # Generated from value "EscapeDetectionMethod" located at cell 'Data'!C8.,
         isSupportedBy "EscapedActivityIndicator"  # Generated from value "EscapedActivityIndicator" located at cell 'Data'!D8.,
         isRecordedIn "Database001"  # Generated from value "Database001" located at cell 'Data'!E8.
   Types: EscapedLivestock
   Annotations: rdfs:label "EscapedEvent"
Individual: EscapedEvent  # Generated from value "EscapedEvent" located at cell 'Data'!A8.
   Facts: isDetectedBy "EscapeDetectionMethod"  # Generated from value "EscapeDetectionMethod" located at cell 'Data'!C8.,
         isSupportedBy "EscapedActivityIndicator"  # Generated from value "EscapedActivityIndicator" located at cell 'Data'!D8.,
         isRecordedIn "Database001"  # Generated from value "Database001" located at cell 'Data'!E8.
   Types: EscapedLivestock
   Annotations: rdfs:label "EscapedEvent"
Individual: EscapedEvent  # Generated from value "EscapedEvent" located at cell 'Data'!A8.
   Facts: isDetectedBy "EscapeDetectionMethod"  # Generated from value "EscapeDetectionMethod" located at cell 'Data'!C8.,
         isSupportedBy "EscapedActivityIndicator"  # Generated from value "EscapedActivityIndicator" located at cell 'Data'!D8.,
         isRecordedIn "Database001"  # Generated from value "Database001" located at cell 'Data'!E8.
   Types: EscapedLivestock
   Annotations: rdfs:label "EscapedEvent"
Individual: EscapedEvent  # Generated from value "EscapedEvent" located at cell 'Data'!A8.
   Facts: isDetectedBy "EscapeDetectionMethod"  # Generated from value "EscapeDetectionMethod" located at cell 'Data'!C8.,
         isSupportedBy "EscapedActivityIndicator"  # Generated from value "EscapedActivityIndicator" located at cell 'Data'!D8.,
         isRecordedIn "Database001"  # Generated from value "Database001" located at cell 'Data'!E8.
   Types: EscapedLivestock
   Annotations: rdfs:label "EscapedEvent"
Individual: EscapedEvent  # Generated from value "EscapedEvent" located at cell 'Data'!A8.
   Facts: isDetectedBy "EscapeDetectionMethod"  # Generated from value "EscapeDetectionMethod" located at cell 'Data'!C8.,
         isSupportedBy "EscapedActivityIndicator"  # Generated from value "EscapedActivityIndicator" located at cell 'Data'!D8.,
         isRecordedIn "Database001"  # Generated from value "Database001" located at cell 'Data'!E8.
   Types: EscapedLivestock
   Annotations: rdfs:label "EscapedEvent"
Individual: EscapedEvent  # Generated from value "EscapedEvent" located at cell 'Data'!A8.
   Facts: isDetectedBy "EscapeDetectionMethod"  # Generated from value "EscapeDetectionMethod" located at cell 'Data'!C8.,
         isSupportedBy "EscapedActivityIndicator"  # Generated from value "EscapedActivityIndicator" located at cell 'Data'!D8.,
         isRecordedIn "Database001"  # Generated from value "Database001" located at cell 'Data'!E8.
   Types: EscapedLivestock
   Annotations: rdfs:label "EscapedEvent"
Individual: EscapedEvent  # Generated from value "EscapedEvent" located at cell 'Data'!A8.
   Facts: isDetectedBy "EscapeDetectionMethod"  # Generated from value "EscapeDetectionMethod" located at cell 'Data'!C8.,
         isSupportedBy "EscapedActivityIndicator"  # Generated from value "EscapedActivityIndicator" located at cell 'Data'!D8.,
         isRecordedIn "Database001"  # Generated from value "Database001" located at cell 'Data'!E8.
   Types: EscapedLivestock
   Annotations: rdfs:label "EscapedEvent"
Individual: EscapedEvent  # Generated from value "EscapedEvent" located at cell 'Data'!A8.
   Facts: isDetectedBy "EscapeDetectionMethod"  # Generated from value "EscapeDetectionMethod" located at cell 'Data'!C8.,
         isSupportedBy "EscapedActivityIndicator"  # Generated from value "EscapedActivityIndicator" located at cell 'Data'!D8.,
         isRecordedIn "Database001"  # Generated from value "Database001" located at cell 'Data'!E8.
   Types: EscapedLivestock
   Annotations: rdfs:label "EscapedEvent"
Individual: EscapedEvent  # Generated from value "EscapedEvent" located at cell 'Data'!A8.
   Facts: isDetectedBy "EscapeDetectionMethod"  # Generated from value "EscapeDetectionMethod" located at cell 'Data'!C8.,
         isSupportedBy "EscapedActivityIndicator"  # Generated from value "EscapedActivityIndicator" located at cell 'Data'!D8.,
         isRecordedIn "Database001"  # Generated from value "Database001" located at cell 'Data'!E8.
   Types: EscapedLivestock
   Annotations: rdfs:label "EscapedEvent"
Individual: EscapedEvent  # Generated from value "EscapedEvent" located at cell 'Data'!A8.
   Facts: isDetectedBy "EscapeDetectionMethod"  # Generated from value "EscapeDetectionMethod" located at cell 'Data'!C8.,
         isSupportedBy "EscapedActivityIndicator"  # Generated from value "EscapedActivityIndicator" located at cell 'Data'!D8.,
         isRecordedIn "Database001"  # Generated from value "Database001" located at cell 'Data'!E8.
   Types: EscapedLivestock
   Annotations: rdfs:label "EscapedEvent"
Individual: EscapedEvent  # Generated from value "EscapedEvent" located at cell 'Data'!A8.
   Facts: isDetectedBy "EscapeDetectionMethod"  # Generated from value "EscapeDetectionMethod" located at cell 'Data'!C8.,
         isSupportedBy "EscapedActivityIndicator"  # Generated from value "EscapedActivityIndicator" located at cell 'Data'!D8.,
         isRecordedIn "Database001"  # Generated from value "Database001" located at cell 'Data'!E8.
   Types: EscapedLivestock
   Annotations: rdfs:label "EscapedEvent"
Individual: EscapedEvent  # Generated from value "EscapedEvent" located at cell 'Data'!A8.
   Facts: isDetectedBy "EscapeDetectionMethod"  # Generated from value "EscapeDetectionMethod" located at cell 'Data'!C8.,
         isSupportedBy "EscapedActivityIndicator"  # Generated from value "EscapedActivityIndicator" located at cell 'Data'!D8.,
         isRecordedIn "Database001"  # Generated from value "Database001" located at cell 'Data'!E8.
   Types: EscapedLivestock
   Annotations: rdfs:label "EscapedEvent"
Individual: EscapedEvent  # Generated from value "EscapedEvent" located at cell 'Data'!A8.
   Facts: isDetectedBy "EscapeDetectionMethod"  # Generated from value "EscapeDetectionMethod" located at cell 'Data'!C8.,
         isSupportedBy "EscapedActivityIndicator"  # Generated from value "EscapedActivityIndicator" located at cell 'Data'!D8.,
         isRecordedIn "Database001"  # Generated from value "Database001" located at cell 'Data'!E8.
   Types: EscapedLivestock
   Annotations: rdfs:label "EscapedEvent"
Individual: EscapedEvent  # Generated from value "EscapedEvent" located at cell 'Data'!A8.
   Facts: isDetectedBy "EscapeDetectionMethod"  # Generated from value "EscapeDetectionMethod" located at cell 'Data'!C8.,
         isSupportedBy "EscapedActivityIndicator"  # Generated from value "EscapedActivityIndicator" located at cell 'Data'!D8.,
         isRecordedIn "Database001"  # Generated from value "Database001" located at cell 'Data'!E8.
   Types: EscapedLivestock
   Annotations: rdfs:label "EscapedEvent"
Individual: EscapedEvent  # Generated from value "EscapedEvent" located at cell 'Data'!A8.
   Facts: isDetectedBy "EscapeDetectionMethod"  # Generated from value "EscapeDetectionMethod" located at cell 'Data'!C8.,
         isSupportedBy "EscapedActivityIndicator"  # Generated from value "EscapedActivityIndicator" located at cell 'Data'!D8.,
         isRecordedIn "Database001"  # Generated from value "Database001" located at cell 'Data'!E8.
   Types: EscapedLivestock
   Annotations: rdfs:label "EscapedEvent"
Individual: EscapedEvent  # Generated from value "EscapedEvent" located at cell 'Data'!A8.
   Facts: isDetectedBy "EscapeDetectionMethod"  # Generated from value "EscapeDetectionMethod" located at cell 'Data'!C8.,
         isSupportedBy "EscapedActivityIndicator"  # Generated from value "EscapedActivityIndicator" located at cell 'Data'!D8.,
         isRecordedIn "Database001"  # Generated from value "Database001" located at cell 'Data'!E8.
   Types: EscapedLivestock
   Annotations: rdfs:label "EscapedEvent"
Individual: EscapedEvent  # Generated from value "EscapedEvent" located at cell 'Data'!A8.
   Facts: isDetectedBy "EscapeDetectionMethod"  # Generated from value "EscapeDetectionMethod" located at cell 'Data'!C8.,
         isSupportedBy "EscapedActivityIndicator"  # Generated from value "EscapedActivityIndicator" located at cell 'Data'!D8.,
         isRecordedIn "Database001"  # Generated from value "Database001" located at cell 'Data'!E8.
   Types: EscapedLivestock
   Annotations: rdfs:label "EscapedEvent"
Individual: EscapedEvent  # Generated from value "EscapedEvent" located at cell 'Data'!A8.
   Facts: isDetectedBy "EscapeDetectionMethod"  # Generated from value "EscapeDetectionMethod" located at cell 'Data'!C8.,
         isSupportedBy "EscapedActivityIndicator"  # Generated from value "EscapedActivityIndicator" located at cell 'Data'!D8.,
         isRecordedIn "Database001"  # Generated from value "Database001" located at cell 'Data'!E8.
   Types: EscapedLivestock
   Annotations: rdfs:label "EscapedEvent"
Individual: EscapedEvent  # Generated from value "EscapedEvent" located at cell 'Data'!A8.
   Facts: isDetectedBy "EscapeDetectionMethod"  # Generated from value "EscapeDetectionMethod" located at cell 'Data'!C8.,
         isSupportedBy "EscapedActivityIndicator"  # Generated from value "EscapedActivityIndicator" located at cell 'Data'!D8.,
         isRecordedIn "Database001"  # Generated from value "Database001" located at cell 'Data'!E8.
   Types: EscapedLivestock
   Annotations: rdfs:label "EscapedEvent"
Individual: EscapedEvent  # Generated from value "EscapedEvent" located at cell 'Data'!A8.
   Facts: isDetectedBy "EscapeDetectionMethod"  # Generated from value "EscapeDetectionMethod" located at cell 'Data'!C8.,
         isSupportedBy "EscapedActivityIndicator"  # Generated from value "EscapedActivityIndicator" located at cell 'Data'!D8.,
         isRecordedIn "Database001"  # Generated from value "Database001" located at cell 'Data'!E8.
   Types: EscapedLivestock
   Annotations: rdfs:label "EscapedEvent"
Individual: EscapedEvent  # Generated from value "EscapedEvent" located at cell 'Data'!A8.
   Facts: isDetectedBy "EscapeDetectionMethod"  # Generated from value "EscapeDetectionMethod" located at cell 'Data'!C8.,
         isSupportedBy "EscapedActivityIndicator"  # Generated from value "EscapedActivityIndicator" located at cell 'Data'!D8.,
         isRecordedIn "Database001"  # Generated from value "Database001" located at cell 'Data'!E8.
   Types: EscapedLivestock
   Annotations: rdfs:label "EscapedEvent"
Individual: EscapedEvent  # Generated from value "EscapedEvent" located at cell 'Data'!A8.
   Facts: isDetectedBy "EscapeDetectionMethod"  # Generated from value "EscapeDetectionMethod" located at cell 'Data'!C8.,
         isSupportedBy "EscapedActivityIndicator"  # Generated from value "EscapedActivityIndicator" located at cell 'Data'!D8.,
         isRecordedIn "Database001"  # Generated from value "Database001" located at cell 'Data'!E8.
   Types: EscapedLivestock
   Annotations: rdfs:label "EscapedEvent"

===========================================================================================================
Date: 2026-05-24 18:14:07
Ontology source: /C:/Users/s2024165/OneDrive%20-%20SARS/Personal/Personal/Masters%20in%20Computer%20Science/2023/TUT/Dissertation/Chapter%204%20-%20Design%20and%20implementation%20of%20LFTDO%20and%20Architecture/Ontology/209332175_LFTDO_V0.12.owl
Worksheet source: C:\Users\s2024165\OneDrive - SARS\Personal\Personal\Masters in Computer Science\2023\TUT\Dissertation\Chapter 7 - Artefacts Evaluations (Architecture and LFTDO)\Empirical Data\Master Data\13.RoutineLogEvents_LoadData.xlsx
Transformation rules: C:\Users\s2024165\OneDrive - SARS\Personal\Personal\Masters in Computer Science\2023\TUT\Dissertation\Chapter 7 - Artefacts Evaluations (Architecture and LFTDO)\Empirical Data\Master Data\RoutineLogEvents_LoadData_RULE_MAPPING.json

# Cell range: (Data!A2:D+) Comment: ""
# Individual: @A2 Annotations: rdfs:label @A2 Types: @B2 Facts: isRecordedIn @C2,logGeneratedBy @D2

Individual: RoutineLog001  # Generated from value "RoutineLog001" located at cell 'Data'!A2.
   Facts: isRecordedIn "Database001"  # Generated from value "Database001" located at cell 'Data'!C2.,
         logGeneratedBy "SoftwareApp001"  # Generated from value "SoftwareApp001" located at cell 'Data'!D2.
   Types: RoutineLogEvent
   Annotations: rdfs:label "RoutineLog001"
Individual: RoutineLog001  # Generated from value "RoutineLog001" located at cell 'Data'!A2.
   Facts: isRecordedIn "Database001"  # Generated from value "Database001" located at cell 'Data'!C2.,
         logGeneratedBy "SoftwareApp001"  # Generated from value "SoftwareApp001" located at cell 'Data'!D2.
   Types: RoutineLogEvent
   Annotations: rdfs:label "RoutineLog001"
Individual: RoutineLog001  # Generated from value "RoutineLog001" located at cell 'Data'!A2.
   Facts: isRecordedIn "Database001"  # Generated from value "Database001" located at cell 'Data'!C2.,
         logGeneratedBy "SoftwareApp001"  # Generated from value "SoftwareApp001" located at cell 'Data'!D2.
   Types: RoutineLogEvent
   Annotations: rdfs:label "RoutineLog001"
Individual: RoutineLog001  # Generated from value "RoutineLog001" located at cell 'Data'!A2.
   Facts: isRecordedIn "Database001"  # Generated from value "Database001" located at cell 'Data'!C2.,
         logGeneratedBy "SoftwareApp001"  # Generated from value "SoftwareApp001" located at cell 'Data'!D2.
   Types: RoutineLogEvent
   Annotations: rdfs:label "RoutineLog001"

===========================================================================================================
Date: 2026-05-24 18:14:22
Ontology source: /C:/Users/s2024165/OneDrive%20-%20SARS/Personal/Personal/Masters%20in%20Computer%20Science/2023/TUT/Dissertation/Chapter%204%20-%20Design%20and%20implementation%20of%20LFTDO%20and%20Architecture/Ontology/209332175_LFTDO_V0.12.owl
Worksheet source: C:\Users\s2024165\OneDrive - SARS\Personal\Personal\Masters in Computer Science\2023\TUT\Dissertation\Chapter 7 - Artefacts Evaluations (Architecture and LFTDO)\Empirical Data\Master Data\13.RoutineLogEvents_LoadData.xlsx
Transformation rules: C:\Users\s2024165\OneDrive - SARS\Personal\Personal\Masters in Computer Science\2023\TUT\Dissertation\Chapter 7 - Artefacts Evaluations (Architecture and LFTDO)\Empirical Data\Master Data\RoutineLogEvents_LoadData_RULE_MAPPING.json

# Cell range: (Data!A2:D+) Comment: ""
# Individual: @A2 Annotations: rdfs:label @A2 Types: @B2 Facts: isRecordedIn @C2,logGeneratedBy @D2

Individual: RoutineLog001  # Generated from value "RoutineLog001" located at cell 'Data'!A2.
   Facts: isRecordedIn "Database001"  # Generated from value "Database001" located at cell 'Data'!C2.,
         logGeneratedBy "SoftwareApp001"  # Generated from value "SoftwareApp001" located at cell 'Data'!D2.
   Types: RoutineLogEvent
   Annotations: rdfs:label "RoutineLog001"
Individual: RoutineLog001  # Generated from value "RoutineLog001" located at cell 'Data'!A2.
   Facts: isRecordedIn "Database001"  # Generated from value "Database001" located at cell 'Data'!C2.,
         logGeneratedBy "SoftwareApp001"  # Generated from value "SoftwareApp001" located at cell 'Data'!D2.
   Types: RoutineLogEvent
   Annotations: rdfs:label "RoutineLog001"
Individual: RoutineLog001  # Generated from value "RoutineLog001" located at cell 'Data'!A2.
   Facts: isRecordedIn "Database001"  # Generated from value "Database001" located at cell 'Data'!C2.,
         logGeneratedBy "SoftwareApp001"  # Generated from value "SoftwareApp001" located at cell 'Data'!D2.
   Types: RoutineLogEvent
   Annotations: rdfs:label "RoutineLog001"
Individual: RoutineLog001  # Generated from value "RoutineLog001" located at cell 'Data'!A2.
   Facts: isRecordedIn "Database001"  # Generated from value "Database001" located at cell 'Data'!C2.,
         logGeneratedBy "SoftwareApp001"  # Generated from value "SoftwareApp001" located at cell 'Data'!D2.
   Types: RoutineLogEvent
   Annotations: rdfs:label "RoutineLog001"

===========================================================================================================
Date: 2026-05-24 18:19:18
Ontology source: /C:/Users/s2024165/OneDrive%20-%20SARS/Personal/Personal/Masters%20in%20Computer%20Science/2023/TUT/Dissertation/Chapter%204%20-%20Design%20and%20implementation%20of%20LFTDO%20and%20Architecture/Ontology/209332175_LFTDO_V0.12.owl
Worksheet source: C:\Users\s2024165\OneDrive - SARS\Personal\Personal\Masters in Computer Science\2023\TUT\Dissertation\Chapter 7 - Artefacts Evaluations (Architecture and LFTDO)\Empirical Data\Master Data\11.AbnormalState_LoadData.xlsx
Transformation rules: C:\Users\s2024165\OneDrive - SARS\Personal\Personal\Masters in Computer Science\2023\TUT\Dissertation\Chapter 7 - Artefacts Evaluations (Architecture and LFTDO)\Empirical Data\Master Data\11.AbnormalState_LoadData_RULE_MAPPING.json

# Cell range: (SheepUnusualBehaviour_LoadData!A2:C+) Comment: ""
# Individual: @A2 Annotations: rdfs:label @A2 Types: @B2 Facts: isCharacterisedBy @C2

Individual: UnusualMovement  # Generated from value "UnusualMovement" located at cell 'SheepUnusualBehaviour_LoadData'!A2.
   Facts: isCharacterisedBy "HighSpeedIndicator"  # Generated from value "HighSpeedIndicator" located at cell 'SheepUnusualBehaviour_LoadData'!C2.
   Types: AbnormalState
   Annotations: rdfs:label "UnusualMovement"
Individual: UnusualMovement  # Generated from value "UnusualMovement" located at cell 'SheepUnusualBehaviour_LoadData'!A2.
   Facts: isCharacterisedBy "HighSpeedIndicator"  # Generated from value "HighSpeedIndicator" located at cell 'SheepUnusualBehaviour_LoadData'!C2.
   Types: AbnormalState
   Annotations: rdfs:label "UnusualMovement"
Individual: UnusualMovement  # Generated from value "UnusualMovement" located at cell 'SheepUnusualBehaviour_LoadData'!A2.
   Facts: isCharacterisedBy "HighSpeedIndicator"  # Generated from value "HighSpeedIndicator" located at cell 'SheepUnusualBehaviour_LoadData'!C2.
   Types: AbnormalState
   Annotations: rdfs:label "UnusualMovement"
Individual: UnusualMovement  # Generated from value "UnusualMovement" located at cell 'SheepUnusualBehaviour_LoadData'!A2.
   Facts: isCharacterisedBy "HighSpeedIndicator"  # Generated from value "HighSpeedIndicator" located at cell 'SheepUnusualBehaviour_LoadData'!C2.
   Types: AbnormalState
   Annotations: rdfs:label "UnusualMovement"
Individual: UnusualMovement  # Generated from value "UnusualMovement" located at cell 'SheepUnusualBehaviour_LoadData'!A2.
   Facts: isCharacterisedBy "HighSpeedIndicator"  # Generated from value "HighSpeedIndicator" located at cell 'SheepUnusualBehaviour_LoadData'!C2.
   Types: AbnormalState
   Annotations: rdfs:label "UnusualMovement"
Individual: UnusualMovement  # Generated from value "UnusualMovement" located at cell 'SheepUnusualBehaviour_LoadData'!A2.
   Facts: isCharacterisedBy "HighSpeedIndicator"  # Generated from value "HighSpeedIndicator" located at cell 'SheepUnusualBehaviour_LoadData'!C2.
   Types: AbnormalState
   Annotations: rdfs:label "UnusualMovement"
Individual: UnusualMovement  # Generated from value "UnusualMovement" located at cell 'SheepUnusualBehaviour_LoadData'!A2.
   Facts: isCharacterisedBy "HighSpeedIndicator"  # Generated from value "HighSpeedIndicator" located at cell 'SheepUnusualBehaviour_LoadData'!C2.
   Types: AbnormalState
   Annotations: rdfs:label "UnusualMovement"
Individual: UnusualMovement  # Generated from value "UnusualMovement" located at cell 'SheepUnusualBehaviour_LoadData'!A2.
   Facts: isCharacterisedBy "HighSpeedIndicator"  # Generated from value "HighSpeedIndicator" located at cell 'SheepUnusualBehaviour_LoadData'!C2.
   Types: AbnormalState
   Annotations: rdfs:label "UnusualMovement"
Individual: UnusualMovement  # Generated from value "UnusualMovement" located at cell 'SheepUnusualBehaviour_LoadData'!A2.
   Facts: isCharacterisedBy "HighSpeedIndicator"  # Generated from value "HighSpeedIndicator" located at cell 'SheepUnusualBehaviour_LoadData'!C2.
   Types: AbnormalState
   Annotations: rdfs:label "UnusualMovement"
Individual: UnusualMovement  # Generated from value "UnusualMovement" located at cell 'SheepUnusualBehaviour_LoadData'!A2.
   Facts: isCharacterisedBy "HighSpeedIndicator"  # Generated from value "HighSpeedIndicator" located at cell 'SheepUnusualBehaviour_LoadData'!C2.
   Types: AbnormalState
   Annotations: rdfs:label "UnusualMovement"
Individual: UnusualMovement  # Generated from value "UnusualMovement" located at cell 'SheepUnusualBehaviour_LoadData'!A2.
   Facts: isCharacterisedBy "HighSpeedIndicator"  # Generated from value "HighSpeedIndicator" located at cell 'SheepUnusualBehaviour_LoadData'!C2.
   Types: AbnormalState
   Annotations: rdfs:label "UnusualMovement"
Individual: UnusualMovement  # Generated from value "UnusualMovement" located at cell 'SheepUnusualBehaviour_LoadData'!A2.
   Facts: isCharacterisedBy "HighSpeedIndicator"  # Generated from value "HighSpeedIndicator" located at cell 'SheepUnusualBehaviour_LoadData'!C2.
   Types: AbnormalState
   Annotations: rdfs:label "UnusualMovement"
Individual: UnusualMovement  # Generated from value "UnusualMovement" located at cell 'SheepUnusualBehaviour_LoadData'!A2.
   Facts: isCharacterisedBy "HighSpeedIndicator"  # Generated from value "HighSpeedIndicator" located at cell 'SheepUnusualBehaviour_LoadData'!C2.
   Types: AbnormalState
   Annotations: rdfs:label "UnusualMovement"
Individual: UnusualMovement  # Generated from value "UnusualMovement" located at cell 'SheepUnusualBehaviour_LoadData'!A2.
   Facts: isCharacterisedBy "HighSpeedIndicator"  # Generated from value "HighSpeedIndicator" located at cell 'SheepUnusualBehaviour_LoadData'!C2.
   Types: AbnormalState
   Annotations: rdfs:label "UnusualMovement"
Individual: UnusualMovement  # Generated from value "UnusualMovement" located at cell 'SheepUnusualBehaviour_LoadData'!A2.
   Facts: isCharacterisedBy "HighSpeedIndicator"  # Generated from value "HighSpeedIndicator" located at cell 'SheepUnusualBehaviour_LoadData'!C2.
   Types: AbnormalState
   Annotations: rdfs:label "UnusualMovement"
Individual: UnusualMovement  # Generated from value "UnusualMovement" located at cell 'SheepUnusualBehaviour_LoadData'!A2.
   Facts: isCharacterisedBy "HighSpeedIndicator"  # Generated from value "HighSpeedIndicator" located at cell 'SheepUnusualBehaviour_LoadData'!C2.
   Types: AbnormalState
   Annotations: rdfs:label "UnusualMovement"
Individual: UnusualMovement  # Generated from value "UnusualMovement" located at cell 'SheepUnusualBehaviour_LoadData'!A2.
   Facts: isCharacterisedBy "HighSpeedIndicator"  # Generated from value "HighSpeedIndicator" located at cell 'SheepUnusualBehaviour_LoadData'!C2.
   Types: AbnormalState
   Annotations: rdfs:label "UnusualMovement"
Individual: UnusualMovement  # Generated from value "UnusualMovement" located at cell 'SheepUnusualBehaviour_LoadData'!A2.
   Facts: isCharacterisedBy "HighSpeedIndicator"  # Generated from value "HighSpeedIndicator" located at cell 'SheepUnusualBehaviour_LoadData'!C2.
   Types: AbnormalState
   Annotations: rdfs:label "UnusualMovement"
Individual: UnusualMovement  # Generated from value "UnusualMovement" located at cell 'SheepUnusualBehaviour_LoadData'!A2.
   Facts: isCharacterisedBy "HighSpeedIndicator"  # Generated from value "HighSpeedIndicator" located at cell 'SheepUnusualBehaviour_LoadData'!C2.
   Types: AbnormalState
   Annotations: rdfs:label "UnusualMovement"
Individual: UnusualMovement  # Generated from value "UnusualMovement" located at cell 'SheepUnusualBehaviour_LoadData'!A2.
   Facts: isCharacterisedBy "HighSpeedIndicator"  # Generated from value "HighSpeedIndicator" located at cell 'SheepUnusualBehaviour_LoadData'!C2.
   Types: AbnormalState
   Annotations: rdfs:label "UnusualMovement"
Individual: UnusualMovement  # Generated from value "UnusualMovement" located at cell 'SheepUnusualBehaviour_LoadData'!A2.
   Facts: isCharacterisedBy "HighSpeedIndicator"  # Generated from value "HighSpeedIndicator" located at cell 'SheepUnusualBehaviour_LoadData'!C2.
   Types: AbnormalState
   Annotations: rdfs:label "UnusualMovement"
Individual: UnusualMovement  # Generated from value "UnusualMovement" located at cell 'SheepUnusualBehaviour_LoadData'!A2.
   Facts: isCharacterisedBy "HighSpeedIndicator"  # Generated from value "HighSpeedIndicator" located at cell 'SheepUnusualBehaviour_LoadData'!C2.
   Types: AbnormalState
   Annotations: rdfs:label "UnusualMovement"
Individual: UnusualMovement  # Generated from value "UnusualMovement" located at cell 'SheepUnusualBehaviour_LoadData'!A2.
   Facts: isCharacterisedBy "HighSpeedIndicator"  # Generated from value "HighSpeedIndicator" located at cell 'SheepUnusualBehaviour_LoadData'!C2.
   Types: AbnormalState
   Annotations: rdfs:label "UnusualMovement"
Individual: UnusualMovement  # Generated from value "UnusualMovement" located at cell 'SheepUnusualBehaviour_LoadData'!A2.
   Facts: isCharacterisedBy "HighSpeedIndicator"  # Generated from value "HighSpeedIndicator" located at cell 'SheepUnusualBehaviour_LoadData'!C2.
   Types: AbnormalState
   Annotations: rdfs:label "UnusualMovement"

===========================================================================================================
Date: 2026-05-24 18:19:58
Ontology source: /C:/Users/s2024165/OneDrive%20-%20SARS/Personal/Personal/Masters%20in%20Computer%20Science/2023/TUT/Dissertation/Chapter%204%20-%20Design%20and%20implementation%20of%20LFTDO%20and%20Architecture/Ontology/209332175_LFTDO_V0.12.owl
Worksheet source: C:\Users\s2024165\OneDrive - SARS\Personal\Personal\Masters in Computer Science\2023\TUT\Dissertation\Chapter 7 - Artefacts Evaluations (Architecture and LFTDO)\Empirical Data\Master Data\11.AbnormalState_LoadData.xlsx
Transformation rules: C:\Users\s2024165\OneDrive - SARS\Personal\Personal\Masters in Computer Science\2023\TUT\Dissertation\Chapter 7 - Artefacts Evaluations (Architecture and LFTDO)\Empirical Data\Master Data\11.AbnormalState_LoadData_RULE_MAPPING.json

# Cell range: (SheepUnusualBehaviour_LoadData!A2:C+) Comment: ""
# Individual: @A2 Annotations: rdfs:label @A2 Types: @B2 Facts: isCharacterisedBy @C2

Individual: UnusualMovement  # Generated from value "UnusualMovement" located at cell 'SheepUnusualBehaviour_LoadData'!A2.
   Facts: isCharacterisedBy "HighSpeedIndicator"  # Generated from value "HighSpeedIndicator" located at cell 'SheepUnusualBehaviour_LoadData'!C2.
   Types: AbnormalState
   Annotations: rdfs:label "UnusualMovement"
Individual: UnusualMovement  # Generated from value "UnusualMovement" located at cell 'SheepUnusualBehaviour_LoadData'!A2.
   Facts: isCharacterisedBy "HighSpeedIndicator"  # Generated from value "HighSpeedIndicator" located at cell 'SheepUnusualBehaviour_LoadData'!C2.
   Types: AbnormalState
   Annotations: rdfs:label "UnusualMovement"
Individual: UnusualMovement  # Generated from value "UnusualMovement" located at cell 'SheepUnusualBehaviour_LoadData'!A2.
   Facts: isCharacterisedBy "HighSpeedIndicator"  # Generated from value "HighSpeedIndicator" located at cell 'SheepUnusualBehaviour_LoadData'!C2.
   Types: AbnormalState
   Annotations: rdfs:label "UnusualMovement"
Individual: UnusualMovement  # Generated from value "UnusualMovement" located at cell 'SheepUnusualBehaviour_LoadData'!A2.
   Facts: isCharacterisedBy "HighSpeedIndicator"  # Generated from value "HighSpeedIndicator" located at cell 'SheepUnusualBehaviour_LoadData'!C2.
   Types: AbnormalState
   Annotations: rdfs:label "UnusualMovement"
Individual: UnusualMovement  # Generated from value "UnusualMovement" located at cell 'SheepUnusualBehaviour_LoadData'!A2.
   Facts: isCharacterisedBy "HighSpeedIndicator"  # Generated from value "HighSpeedIndicator" located at cell 'SheepUnusualBehaviour_LoadData'!C2.
   Types: AbnormalState
   Annotations: rdfs:label "UnusualMovement"
Individual: UnusualMovement  # Generated from value "UnusualMovement" located at cell 'SheepUnusualBehaviour_LoadData'!A2.
   Facts: isCharacterisedBy "HighSpeedIndicator"  # Generated from value "HighSpeedIndicator" located at cell 'SheepUnusualBehaviour_LoadData'!C2.
   Types: AbnormalState
   Annotations: rdfs:label "UnusualMovement"
Individual: UnusualMovement  # Generated from value "UnusualMovement" located at cell 'SheepUnusualBehaviour_LoadData'!A2.
   Facts: isCharacterisedBy "HighSpeedIndicator"  # Generated from value "HighSpeedIndicator" located at cell 'SheepUnusualBehaviour_LoadData'!C2.
   Types: AbnormalState
   Annotations: rdfs:label "UnusualMovement"
Individual: UnusualMovement  # Generated from value "UnusualMovement" located at cell 'SheepUnusualBehaviour_LoadData'!A2.
   Facts: isCharacterisedBy "HighSpeedIndicator"  # Generated from value "HighSpeedIndicator" located at cell 'SheepUnusualBehaviour_LoadData'!C2.
   Types: AbnormalState
   Annotations: rdfs:label "UnusualMovement"
Individual: UnusualMovement  # Generated from value "UnusualMovement" located at cell 'SheepUnusualBehaviour_LoadData'!A2.
   Facts: isCharacterisedBy "HighSpeedIndicator"  # Generated from value "HighSpeedIndicator" located at cell 'SheepUnusualBehaviour_LoadData'!C2.
   Types: AbnormalState
   Annotations: rdfs:label "UnusualMovement"
Individual: UnusualMovement  # Generated from value "UnusualMovement" located at cell 'SheepUnusualBehaviour_LoadData'!A2.
   Facts: isCharacterisedBy "HighSpeedIndicator"  # Generated from value "HighSpeedIndicator" located at cell 'SheepUnusualBehaviour_LoadData'!C2.
   Types: AbnormalState
   Annotations: rdfs:label "UnusualMovement"
Individual: UnusualMovement  # Generated from value "UnusualMovement" located at cell 'SheepUnusualBehaviour_LoadData'!A2.
   Facts: isCharacterisedBy "HighSpeedIndicator"  # Generated from value "HighSpeedIndicator" located at cell 'SheepUnusualBehaviour_LoadData'!C2.
   Types: AbnormalState
   Annotations: rdfs:label "UnusualMovement"
Individual: UnusualMovement  # Generated from value "UnusualMovement" located at cell 'SheepUnusualBehaviour_LoadData'!A2.
   Facts: isCharacterisedBy "HighSpeedIndicator"  # Generated from value "HighSpeedIndicator" located at cell 'SheepUnusualBehaviour_LoadData'!C2.
   Types: AbnormalState
   Annotations: rdfs:label "UnusualMovement"
Individual: UnusualMovement  # Generated from value "UnusualMovement" located at cell 'SheepUnusualBehaviour_LoadData'!A2.
   Facts: isCharacterisedBy "HighSpeedIndicator"  # Generated from value "HighSpeedIndicator" located at cell 'SheepUnusualBehaviour_LoadData'!C2.
   Types: AbnormalState
   Annotations: rdfs:label "UnusualMovement"
Individual: UnusualMovement  # Generated from value "UnusualMovement" located at cell 'SheepUnusualBehaviour_LoadData'!A2.
   Facts: isCharacterisedBy "HighSpeedIndicator"  # Generated from value "HighSpeedIndicator" located at cell 'SheepUnusualBehaviour_LoadData'!C2.
   Types: AbnormalState
   Annotations: rdfs:label "UnusualMovement"
Individual: UnusualMovement  # Generated from value "UnusualMovement" located at cell 'SheepUnusualBehaviour_LoadData'!A2.
   Facts: isCharacterisedBy "HighSpeedIndicator"  # Generated from value "HighSpeedIndicator" located at cell 'SheepUnusualBehaviour_LoadData'!C2.
   Types: AbnormalState
   Annotations: rdfs:label "UnusualMovement"
Individual: UnusualMovement  # Generated from value "UnusualMovement" located at cell 'SheepUnusualBehaviour_LoadData'!A2.
   Facts: isCharacterisedBy "HighSpeedIndicator"  # Generated from value "HighSpeedIndicator" located at cell 'SheepUnusualBehaviour_LoadData'!C2.
   Types: AbnormalState
   Annotations: rdfs:label "UnusualMovement"
Individual: UnusualMovement  # Generated from value "UnusualMovement" located at cell 'SheepUnusualBehaviour_LoadData'!A2.
   Facts: isCharacterisedBy "HighSpeedIndicator"  # Generated from value "HighSpeedIndicator" located at cell 'SheepUnusualBehaviour_LoadData'!C2.
   Types: AbnormalState
   Annotations: rdfs:label "UnusualMovement"
Individual: UnusualMovement  # Generated from value "UnusualMovement" located at cell 'SheepUnusualBehaviour_LoadData'!A2.
   Facts: isCharacterisedBy "HighSpeedIndicator"  # Generated from value "HighSpeedIndicator" located at cell 'SheepUnusualBehaviour_LoadData'!C2.
   Types: AbnormalState
   Annotations: rdfs:label "UnusualMovement"
Individual: UnusualMovement  # Generated from value "UnusualMovement" located at cell 'SheepUnusualBehaviour_LoadData'!A2.
   Facts: isCharacterisedBy "HighSpeedIndicator"  # Generated from value "HighSpeedIndicator" located at cell 'SheepUnusualBehaviour_LoadData'!C2.
   Types: AbnormalState
   Annotations: rdfs:label "UnusualMovement"
Individual: UnusualMovement  # Generated from value "UnusualMovement" located at cell 'SheepUnusualBehaviour_LoadData'!A2.
   Facts: isCharacterisedBy "HighSpeedIndicator"  # Generated from value "HighSpeedIndicator" located at cell 'SheepUnusualBehaviour_LoadData'!C2.
   Types: AbnormalState
   Annotations: rdfs:label "UnusualMovement"
Individual: UnusualMovement  # Generated from value "UnusualMovement" located at cell 'SheepUnusualBehaviour_LoadData'!A2.
   Facts: isCharacterisedBy "HighSpeedIndicator"  # Generated from value "HighSpeedIndicator" located at cell 'SheepUnusualBehaviour_LoadData'!C2.
   Types: AbnormalState
   Annotations: rdfs:label "UnusualMovement"
Individual: UnusualMovement  # Generated from value "UnusualMovement" located at cell 'SheepUnusualBehaviour_LoadData'!A2.
   Facts: isCharacterisedBy "HighSpeedIndicator"  # Generated from value "HighSpeedIndicator" located at cell 'SheepUnusualBehaviour_LoadData'!C2.
   Types: AbnormalState
   Annotations: rdfs:label "UnusualMovement"
Individual: UnusualMovement  # Generated from value "UnusualMovement" located at cell 'SheepUnusualBehaviour_LoadData'!A2.
   Facts: isCharacterisedBy "HighSpeedIndicator"  # Generated from value "HighSpeedIndicator" located at cell 'SheepUnusualBehaviour_LoadData'!C2.
   Types: AbnormalState
   Annotations: rdfs:label "UnusualMovement"
Individual: UnusualMovement  # Generated from value "UnusualMovement" located at cell 'SheepUnusualBehaviour_LoadData'!A2.
   Facts: isCharacterisedBy "HighSpeedIndicator"  # Generated from value "HighSpeedIndicator" located at cell 'SheepUnusualBehaviour_LoadData'!C2.
   Types: AbnormalState
   Annotations: rdfs:label "UnusualMovement"

===========================================================================================================
Date: 2026-05-24 18:22:34
Ontology source: /C:/Users/s2024165/OneDrive%20-%20SARS/Personal/Personal/Masters%20in%20Computer%20Science/2023/TUT/Dissertation/Chapter%204%20-%20Design%20and%20implementation%20of%20LFTDO%20and%20Architecture/Ontology/209332175_LFTDO_V0.12.owl
Worksheet source: C:\Users\s2024165\OneDrive - SARS\Personal\Personal\Masters in Computer Science\2023\TUT\Dissertation\Chapter 7 - Artefacts Evaluations (Architecture and LFTDO)\Empirical Data\Master Data\11.AbnormalState_LoadData.xlsx
Transformation rules: C:\Users\s2024165\OneDrive - SARS\Personal\Personal\Masters in Computer Science\2023\TUT\Dissertation\Chapter 7 - Artefacts Evaluations (Architecture and LFTDO)\Empirical Data\Master Data\11.AbnormalState_LoadData_RULE_MAPPING.json

# Cell range: (SheepUnusualBehaviour_LoadData!A2:C+) Comment: ""
# Individual: @A2 Annotations: rdfs:label @A2 Types: @B2 Facts: isCharacterisedBy @C2

Individual: UnusualMovement  # Generated from value "UnusualMovement" located at cell 'SheepUnusualBehaviour_LoadData'!A2.
   Facts: isCharacterisedBy "HighSpeedIndicator"  # Generated from value "HighSpeedIndicator" located at cell 'SheepUnusualBehaviour_LoadData'!C2.
   Types: AbnormalState
   Annotations: rdfs:label "UnusualMovement"
Individual: UnusualMovement  # Generated from value "UnusualMovement" located at cell 'SheepUnusualBehaviour_LoadData'!A2.
   Facts: isCharacterisedBy "HighSpeedIndicator"  # Generated from value "HighSpeedIndicator" located at cell 'SheepUnusualBehaviour_LoadData'!C2.
   Types: AbnormalState
   Annotations: rdfs:label "UnusualMovement"
Individual: UnusualMovement  # Generated from value "UnusualMovement" located at cell 'SheepUnusualBehaviour_LoadData'!A2.
   Facts: isCharacterisedBy "HighSpeedIndicator"  # Generated from value "HighSpeedIndicator" located at cell 'SheepUnusualBehaviour_LoadData'!C2.
   Types: AbnormalState
   Annotations: rdfs:label "UnusualMovement"
Individual: UnusualMovement  # Generated from value "UnusualMovement" located at cell 'SheepUnusualBehaviour_LoadData'!A2.
   Facts: isCharacterisedBy "HighSpeedIndicator"  # Generated from value "HighSpeedIndicator" located at cell 'SheepUnusualBehaviour_LoadData'!C2.
   Types: AbnormalState
   Annotations: rdfs:label "UnusualMovement"
Individual: UnusualMovement  # Generated from value "UnusualMovement" located at cell 'SheepUnusualBehaviour_LoadData'!A2.
   Facts: isCharacterisedBy "HighSpeedIndicator"  # Generated from value "HighSpeedIndicator" located at cell 'SheepUnusualBehaviour_LoadData'!C2.
   Types: AbnormalState
   Annotations: rdfs:label "UnusualMovement"
Individual: UnusualMovement  # Generated from value "UnusualMovement" located at cell 'SheepUnusualBehaviour_LoadData'!A2.
   Facts: isCharacterisedBy "HighSpeedIndicator"  # Generated from value "HighSpeedIndicator" located at cell 'SheepUnusualBehaviour_LoadData'!C2.
   Types: AbnormalState
   Annotations: rdfs:label "UnusualMovement"
Individual: UnusualMovement  # Generated from value "UnusualMovement" located at cell 'SheepUnusualBehaviour_LoadData'!A2.
   Facts: isCharacterisedBy "HighSpeedIndicator"  # Generated from value "HighSpeedIndicator" located at cell 'SheepUnusualBehaviour_LoadData'!C2.
   Types: AbnormalState
   Annotations: rdfs:label "UnusualMovement"
Individual: UnusualMovement  # Generated from value "UnusualMovement" located at cell 'SheepUnusualBehaviour_LoadData'!A2.
   Facts: isCharacterisedBy "HighSpeedIndicator"  # Generated from value "HighSpeedIndicator" located at cell 'SheepUnusualBehaviour_LoadData'!C2.
   Types: AbnormalState
   Annotations: rdfs:label "UnusualMovement"
Individual: UnusualMovement  # Generated from value "UnusualMovement" located at cell 'SheepUnusualBehaviour_LoadData'!A2.
   Facts: isCharacterisedBy "HighSpeedIndicator"  # Generated from value "HighSpeedIndicator" located at cell 'SheepUnusualBehaviour_LoadData'!C2.
   Types: AbnormalState
   Annotations: rdfs:label "UnusualMovement"
Individual: UnusualMovement  # Generated from value "UnusualMovement" located at cell 'SheepUnusualBehaviour_LoadData'!A2.
   Facts: isCharacterisedBy "HighSpeedIndicator"  # Generated from value "HighSpeedIndicator" located at cell 'SheepUnusualBehaviour_LoadData'!C2.
   Types: AbnormalState
   Annotations: rdfs:label "UnusualMovement"
Individual: UnusualMovement  # Generated from value "UnusualMovement" located at cell 'SheepUnusualBehaviour_LoadData'!A2.
   Facts: isCharacterisedBy "HighSpeedIndicator"  # Generated from value "HighSpeedIndicator" located at cell 'SheepUnusualBehaviour_LoadData'!C2.
   Types: AbnormalState
   Annotations: rdfs:label "UnusualMovement"
Individual: UnusualMovement  # Generated from value "UnusualMovement" located at cell 'SheepUnusualBehaviour_LoadData'!A2.
   Facts: isCharacterisedBy "HighSpeedIndicator"  # Generated from value "HighSpeedIndicator" located at cell 'SheepUnusualBehaviour_LoadData'!C2.
   Types: AbnormalState
   Annotations: rdfs:label "UnusualMovement"
Individual: UnusualMovement  # Generated from value "UnusualMovement" located at cell 'SheepUnusualBehaviour_LoadData'!A2.
   Facts: isCharacterisedBy "HighSpeedIndicator"  # Generated from value "HighSpeedIndicator" located at cell 'SheepUnusualBehaviour_LoadData'!C2.
   Types: AbnormalState
   Annotations: rdfs:label "UnusualMovement"
Individual: UnusualMovement  # Generated from value "UnusualMovement" located at cell 'SheepUnusualBehaviour_LoadData'!A2.
   Facts: isCharacterisedBy "HighSpeedIndicator"  # Generated from value "HighSpeedIndicator" located at cell 'SheepUnusualBehaviour_LoadData'!C2.
   Types: AbnormalState
   Annotations: rdfs:label "UnusualMovement"
Individual: UnusualMovement  # Generated from value "UnusualMovement" located at cell 'SheepUnusualBehaviour_LoadData'!A2.
   Facts: isCharacterisedBy "HighSpeedIndicator"  # Generated from value "HighSpeedIndicator" located at cell 'SheepUnusualBehaviour_LoadData'!C2.
   Types: AbnormalState
   Annotations: rdfs:label "UnusualMovement"
Individual: UnusualMovement  # Generated from value "UnusualMovement" located at cell 'SheepUnusualBehaviour_LoadData'!A2.
   Facts: isCharacterisedBy "HighSpeedIndicator"  # Generated from value "HighSpeedIndicator" located at cell 'SheepUnusualBehaviour_LoadData'!C2.
   Types: AbnormalState
   Annotations: rdfs:label "UnusualMovement"
Individual: UnusualMovement  # Generated from value "UnusualMovement" located at cell 'SheepUnusualBehaviour_LoadData'!A2.
   Facts: isCharacterisedBy "HighSpeedIndicator"  # Generated from value "HighSpeedIndicator" located at cell 'SheepUnusualBehaviour_LoadData'!C2.
   Types: AbnormalState
   Annotations: rdfs:label "UnusualMovement"
Individual: UnusualMovement  # Generated from value "UnusualMovement" located at cell 'SheepUnusualBehaviour_LoadData'!A2.
   Facts: isCharacterisedBy "HighSpeedIndicator"  # Generated from value "HighSpeedIndicator" located at cell 'SheepUnusualBehaviour_LoadData'!C2.
   Types: AbnormalState
   Annotations: rdfs:label "UnusualMovement"
Individual: UnusualMovement  # Generated from value "UnusualMovement" located at cell 'SheepUnusualBehaviour_LoadData'!A2.
   Facts: isCharacterisedBy "HighSpeedIndicator"  # Generated from value "HighSpeedIndicator" located at cell 'SheepUnusualBehaviour_LoadData'!C2.
   Types: AbnormalState
   Annotations: rdfs:label "UnusualMovement"
Individual: UnusualMovement  # Generated from value "UnusualMovement" located at cell 'SheepUnusualBehaviour_LoadData'!A2.
   Facts: isCharacterisedBy "HighSpeedIndicator"  # Generated from value "HighSpeedIndicator" located at cell 'SheepUnusualBehaviour_LoadData'!C2.
   Types: AbnormalState
   Annotations: rdfs:label "UnusualMovement"
Individual: UnusualMovement  # Generated from value "UnusualMovement" located at cell 'SheepUnusualBehaviour_LoadData'!A2.
   Facts: isCharacterisedBy "HighSpeedIndicator"  # Generated from value "HighSpeedIndicator" located at cell 'SheepUnusualBehaviour_LoadData'!C2.
   Types: AbnormalState
   Annotations: rdfs:label "UnusualMovement"
Individual: UnusualMovement  # Generated from value "UnusualMovement" located at cell 'SheepUnusualBehaviour_LoadData'!A2.
   Facts: isCharacterisedBy "HighSpeedIndicator"  # Generated from value "HighSpeedIndicator" located at cell 'SheepUnusualBehaviour_LoadData'!C2.
   Types: AbnormalState
   Annotations: rdfs:label "UnusualMovement"
Individual: UnusualMovement  # Generated from value "UnusualMovement" located at cell 'SheepUnusualBehaviour_LoadData'!A2.
   Facts: isCharacterisedBy "HighSpeedIndicator"  # Generated from value "HighSpeedIndicator" located at cell 'SheepUnusualBehaviour_LoadData'!C2.
   Types: AbnormalState
   Annotations: rdfs:label "UnusualMovement"
Individual: UnusualMovement  # Generated from value "UnusualMovement" located at cell 'SheepUnusualBehaviour_LoadData'!A2.
   Facts: isCharacterisedBy "HighSpeedIndicator"  # Generated from value "HighSpeedIndicator" located at cell 'SheepUnusualBehaviour_LoadData'!C2.
   Types: AbnormalState
   Annotations: rdfs:label "UnusualMovement"

# Cell range: (SheepUnusualBehaviour_LoadData!A2:C+) Comment: ""
# Individual: @A3 Annotations: rdfs:label @A3 Types: @B3 Facts: isCharacterisedBy @C3

Individual: UnusualHealthState  # Generated from value "UnusualHealthState" located at cell 'SheepUnusualBehaviour_LoadData'!A3.
   Facts: isCharacterisedBy "LethargyIndicator"  # Generated from value "LethargyIndicator" located at cell 'SheepUnusualBehaviour_LoadData'!C3.
   Types: AbnormalState
   Annotations: rdfs:label "UnusualHealthState"
Individual: UnusualHealthState  # Generated from value "UnusualHealthState" located at cell 'SheepUnusualBehaviour_LoadData'!A3.
   Facts: isCharacterisedBy "LethargyIndicator"  # Generated from value "LethargyIndicator" located at cell 'SheepUnusualBehaviour_LoadData'!C3.
   Types: AbnormalState
   Annotations: rdfs:label "UnusualHealthState"
Individual: UnusualHealthState  # Generated from value "UnusualHealthState" located at cell 'SheepUnusualBehaviour_LoadData'!A3.
   Facts: isCharacterisedBy "LethargyIndicator"  # Generated from value "LethargyIndicator" located at cell 'SheepUnusualBehaviour_LoadData'!C3.
   Types: AbnormalState
   Annotations: rdfs:label "UnusualHealthState"
Individual: UnusualHealthState  # Generated from value "UnusualHealthState" located at cell 'SheepUnusualBehaviour_LoadData'!A3.
   Facts: isCharacterisedBy "LethargyIndicator"  # Generated from value "LethargyIndicator" located at cell 'SheepUnusualBehaviour_LoadData'!C3.
   Types: AbnormalState
   Annotations: rdfs:label "UnusualHealthState"
Individual: UnusualHealthState  # Generated from value "UnusualHealthState" located at cell 'SheepUnusualBehaviour_LoadData'!A3.
   Facts: isCharacterisedBy "LethargyIndicator"  # Generated from value "LethargyIndicator" located at cell 'SheepUnusualBehaviour_LoadData'!C3.
   Types: AbnormalState
   Annotations: rdfs:label "UnusualHealthState"
Individual: UnusualHealthState  # Generated from value "UnusualHealthState" located at cell 'SheepUnusualBehaviour_LoadData'!A3.
   Facts: isCharacterisedBy "LethargyIndicator"  # Generated from value "LethargyIndicator" located at cell 'SheepUnusualBehaviour_LoadData'!C3.
   Types: AbnormalState
   Annotations: rdfs:label "UnusualHealthState"
Individual: UnusualHealthState  # Generated from value "UnusualHealthState" located at cell 'SheepUnusualBehaviour_LoadData'!A3.
   Facts: isCharacterisedBy "LethargyIndicator"  # Generated from value "LethargyIndicator" located at cell 'SheepUnusualBehaviour_LoadData'!C3.
   Types: AbnormalState
   Annotations: rdfs:label "UnusualHealthState"
Individual: UnusualHealthState  # Generated from value "UnusualHealthState" located at cell 'SheepUnusualBehaviour_LoadData'!A3.
   Facts: isCharacterisedBy "LethargyIndicator"  # Generated from value "LethargyIndicator" located at cell 'SheepUnusualBehaviour_LoadData'!C3.
   Types: AbnormalState
   Annotations: rdfs:label "UnusualHealthState"
Individual: UnusualHealthState  # Generated from value "UnusualHealthState" located at cell 'SheepUnusualBehaviour_LoadData'!A3.
   Facts: isCharacterisedBy "LethargyIndicator"  # Generated from value "LethargyIndicator" located at cell 'SheepUnusualBehaviour_LoadData'!C3.
   Types: AbnormalState
   Annotations: rdfs:label "UnusualHealthState"
Individual: UnusualHealthState  # Generated from value "UnusualHealthState" located at cell 'SheepUnusualBehaviour_LoadData'!A3.
   Facts: isCharacterisedBy "LethargyIndicator"  # Generated from value "LethargyIndicator" located at cell 'SheepUnusualBehaviour_LoadData'!C3.
   Types: AbnormalState
   Annotations: rdfs:label "UnusualHealthState"
Individual: UnusualHealthState  # Generated from value "UnusualHealthState" located at cell 'SheepUnusualBehaviour_LoadData'!A3.
   Facts: isCharacterisedBy "LethargyIndicator"  # Generated from value "LethargyIndicator" located at cell 'SheepUnusualBehaviour_LoadData'!C3.
   Types: AbnormalState
   Annotations: rdfs:label "UnusualHealthState"
Individual: UnusualHealthState  # Generated from value "UnusualHealthState" located at cell 'SheepUnusualBehaviour_LoadData'!A3.
   Facts: isCharacterisedBy "LethargyIndicator"  # Generated from value "LethargyIndicator" located at cell 'SheepUnusualBehaviour_LoadData'!C3.
   Types: AbnormalState
   Annotations: rdfs:label "UnusualHealthState"
Individual: UnusualHealthState  # Generated from value "UnusualHealthState" located at cell 'SheepUnusualBehaviour_LoadData'!A3.
   Facts: isCharacterisedBy "LethargyIndicator"  # Generated from value "LethargyIndicator" located at cell 'SheepUnusualBehaviour_LoadData'!C3.
   Types: AbnormalState
   Annotations: rdfs:label "UnusualHealthState"
Individual: UnusualHealthState  # Generated from value "UnusualHealthState" located at cell 'SheepUnusualBehaviour_LoadData'!A3.
   Facts: isCharacterisedBy "LethargyIndicator"  # Generated from value "LethargyIndicator" located at cell 'SheepUnusualBehaviour_LoadData'!C3.
   Types: AbnormalState
   Annotations: rdfs:label "UnusualHealthState"
Individual: UnusualHealthState  # Generated from value "UnusualHealthState" located at cell 'SheepUnusualBehaviour_LoadData'!A3.
   Facts: isCharacterisedBy "LethargyIndicator"  # Generated from value "LethargyIndicator" located at cell 'SheepUnusualBehaviour_LoadData'!C3.
   Types: AbnormalState
   Annotations: rdfs:label "UnusualHealthState"
Individual: UnusualHealthState  # Generated from value "UnusualHealthState" located at cell 'SheepUnusualBehaviour_LoadData'!A3.
   Facts: isCharacterisedBy "LethargyIndicator"  # Generated from value "LethargyIndicator" located at cell 'SheepUnusualBehaviour_LoadData'!C3.
   Types: AbnormalState
   Annotations: rdfs:label "UnusualHealthState"
Individual: UnusualHealthState  # Generated from value "UnusualHealthState" located at cell 'SheepUnusualBehaviour_LoadData'!A3.
   Facts: isCharacterisedBy "LethargyIndicator"  # Generated from value "LethargyIndicator" located at cell 'SheepUnusualBehaviour_LoadData'!C3.
   Types: AbnormalState
   Annotations: rdfs:label "UnusualHealthState"
Individual: UnusualHealthState  # Generated from value "UnusualHealthState" located at cell 'SheepUnusualBehaviour_LoadData'!A3.
   Facts: isCharacterisedBy "LethargyIndicator"  # Generated from value "LethargyIndicator" located at cell 'SheepUnusualBehaviour_LoadData'!C3.
   Types: AbnormalState
   Annotations: rdfs:label "UnusualHealthState"
Individual: UnusualHealthState  # Generated from value "UnusualHealthState" located at cell 'SheepUnusualBehaviour_LoadData'!A3.
   Facts: isCharacterisedBy "LethargyIndicator"  # Generated from value "LethargyIndicator" located at cell 'SheepUnusualBehaviour_LoadData'!C3.
   Types: AbnormalState
   Annotations: rdfs:label "UnusualHealthState"
Individual: UnusualHealthState  # Generated from value "UnusualHealthState" located at cell 'SheepUnusualBehaviour_LoadData'!A3.
   Facts: isCharacterisedBy "LethargyIndicator"  # Generated from value "LethargyIndicator" located at cell 'SheepUnusualBehaviour_LoadData'!C3.
   Types: AbnormalState
   Annotations: rdfs:label "UnusualHealthState"
Individual: UnusualHealthState  # Generated from value "UnusualHealthState" located at cell 'SheepUnusualBehaviour_LoadData'!A3.
   Facts: isCharacterisedBy "LethargyIndicator"  # Generated from value "LethargyIndicator" located at cell 'SheepUnusualBehaviour_LoadData'!C3.
   Types: AbnormalState
   Annotations: rdfs:label "UnusualHealthState"
Individual: UnusualHealthState  # Generated from value "UnusualHealthState" located at cell 'SheepUnusualBehaviour_LoadData'!A3.
   Facts: isCharacterisedBy "LethargyIndicator"  # Generated from value "LethargyIndicator" located at cell 'SheepUnusualBehaviour_LoadData'!C3.
   Types: AbnormalState
   Annotations: rdfs:label "UnusualHealthState"
Individual: UnusualHealthState  # Generated from value "UnusualHealthState" located at cell 'SheepUnusualBehaviour_LoadData'!A3.
   Facts: isCharacterisedBy "LethargyIndicator"  # Generated from value "LethargyIndicator" located at cell 'SheepUnusualBehaviour_LoadData'!C3.
   Types: AbnormalState
   Annotations: rdfs:label "UnusualHealthState"
Individual: UnusualHealthState  # Generated from value "UnusualHealthState" located at cell 'SheepUnusualBehaviour_LoadData'!A3.
   Facts: isCharacterisedBy "LethargyIndicator"  # Generated from value "LethargyIndicator" located at cell 'SheepUnusualBehaviour_LoadData'!C3.
   Types: AbnormalState
   Annotations: rdfs:label "UnusualHealthState"

# Cell range: (SheepUnusualBehaviour_LoadData!A1:C+) Comment: ""
# Individual: @A4 Annotations: rdfs:label @A4 Types: @B4 Facts: isCharacterisedBy @C4

Individual: EscapedState  # Generated from value "EscapedState" located at cell 'SheepUnusualBehaviour_LoadData'!A4.
   Facts: isCharacterisedBy "SlowEscapedIndicator"  # Generated from value "SlowEscapedIndicator" located at cell 'SheepUnusualBehaviour_LoadData'!C4.
   Types: AbnormalState
   Annotations: rdfs:label "EscapedState"
Individual: EscapedState  # Generated from value "EscapedState" located at cell 'SheepUnusualBehaviour_LoadData'!A4.
   Facts: isCharacterisedBy "SlowEscapedIndicator"  # Generated from value "SlowEscapedIndicator" located at cell 'SheepUnusualBehaviour_LoadData'!C4.
   Types: AbnormalState
   Annotations: rdfs:label "EscapedState"
Individual: EscapedState  # Generated from value "EscapedState" located at cell 'SheepUnusualBehaviour_LoadData'!A4.
   Facts: isCharacterisedBy "SlowEscapedIndicator"  # Generated from value "SlowEscapedIndicator" located at cell 'SheepUnusualBehaviour_LoadData'!C4.
   Types: AbnormalState
   Annotations: rdfs:label "EscapedState"
Individual: EscapedState  # Generated from value "EscapedState" located at cell 'SheepUnusualBehaviour_LoadData'!A4.
   Facts: isCharacterisedBy "SlowEscapedIndicator"  # Generated from value "SlowEscapedIndicator" located at cell 'SheepUnusualBehaviour_LoadData'!C4.
   Types: AbnormalState
   Annotations: rdfs:label "EscapedState"
Individual: EscapedState  # Generated from value "EscapedState" located at cell 'SheepUnusualBehaviour_LoadData'!A4.
   Facts: isCharacterisedBy "SlowEscapedIndicator"  # Generated from value "SlowEscapedIndicator" located at cell 'SheepUnusualBehaviour_LoadData'!C4.
   Types: AbnormalState
   Annotations: rdfs:label "EscapedState"
Individual: EscapedState  # Generated from value "EscapedState" located at cell 'SheepUnusualBehaviour_LoadData'!A4.
   Facts: isCharacterisedBy "SlowEscapedIndicator"  # Generated from value "SlowEscapedIndicator" located at cell 'SheepUnusualBehaviour_LoadData'!C4.
   Types: AbnormalState
   Annotations: rdfs:label "EscapedState"
Individual: EscapedState  # Generated from value "EscapedState" located at cell 'SheepUnusualBehaviour_LoadData'!A4.
   Facts: isCharacterisedBy "SlowEscapedIndicator"  # Generated from value "SlowEscapedIndicator" located at cell 'SheepUnusualBehaviour_LoadData'!C4.
   Types: AbnormalState
   Annotations: rdfs:label "EscapedState"
Individual: EscapedState  # Generated from value "EscapedState" located at cell 'SheepUnusualBehaviour_LoadData'!A4.
   Facts: isCharacterisedBy "SlowEscapedIndicator"  # Generated from value "SlowEscapedIndicator" located at cell 'SheepUnusualBehaviour_LoadData'!C4.
   Types: AbnormalState
   Annotations: rdfs:label "EscapedState"
Individual: EscapedState  # Generated from value "EscapedState" located at cell 'SheepUnusualBehaviour_LoadData'!A4.
   Facts: isCharacterisedBy "SlowEscapedIndicator"  # Generated from value "SlowEscapedIndicator" located at cell 'SheepUnusualBehaviour_LoadData'!C4.
   Types: AbnormalState
   Annotations: rdfs:label "EscapedState"
Individual: EscapedState  # Generated from value "EscapedState" located at cell 'SheepUnusualBehaviour_LoadData'!A4.
   Facts: isCharacterisedBy "SlowEscapedIndicator"  # Generated from value "SlowEscapedIndicator" located at cell 'SheepUnusualBehaviour_LoadData'!C4.
   Types: AbnormalState
   Annotations: rdfs:label "EscapedState"
Individual: EscapedState  # Generated from value "EscapedState" located at cell 'SheepUnusualBehaviour_LoadData'!A4.
   Facts: isCharacterisedBy "SlowEscapedIndicator"  # Generated from value "SlowEscapedIndicator" located at cell 'SheepUnusualBehaviour_LoadData'!C4.
   Types: AbnormalState
   Annotations: rdfs:label "EscapedState"
Individual: EscapedState  # Generated from value "EscapedState" located at cell 'SheepUnusualBehaviour_LoadData'!A4.
   Facts: isCharacterisedBy "SlowEscapedIndicator"  # Generated from value "SlowEscapedIndicator" located at cell 'SheepUnusualBehaviour_LoadData'!C4.
   Types: AbnormalState
   Annotations: rdfs:label "EscapedState"
Individual: EscapedState  # Generated from value "EscapedState" located at cell 'SheepUnusualBehaviour_LoadData'!A4.
   Facts: isCharacterisedBy "SlowEscapedIndicator"  # Generated from value "SlowEscapedIndicator" located at cell 'SheepUnusualBehaviour_LoadData'!C4.
   Types: AbnormalState
   Annotations: rdfs:label "EscapedState"
Individual: EscapedState  # Generated from value "EscapedState" located at cell 'SheepUnusualBehaviour_LoadData'!A4.
   Facts: isCharacterisedBy "SlowEscapedIndicator"  # Generated from value "SlowEscapedIndicator" located at cell 'SheepUnusualBehaviour_LoadData'!C4.
   Types: AbnormalState
   Annotations: rdfs:label "EscapedState"
Individual: EscapedState  # Generated from value "EscapedState" located at cell 'SheepUnusualBehaviour_LoadData'!A4.
   Facts: isCharacterisedBy "SlowEscapedIndicator"  # Generated from value "SlowEscapedIndicator" located at cell 'SheepUnusualBehaviour_LoadData'!C4.
   Types: AbnormalState
   Annotations: rdfs:label "EscapedState"
Individual: EscapedState  # Generated from value "EscapedState" located at cell 'SheepUnusualBehaviour_LoadData'!A4.
   Facts: isCharacterisedBy "SlowEscapedIndicator"  # Generated from value "SlowEscapedIndicator" located at cell 'SheepUnusualBehaviour_LoadData'!C4.
   Types: AbnormalState
   Annotations: rdfs:label "EscapedState"
Individual: EscapedState  # Generated from value "EscapedState" located at cell 'SheepUnusualBehaviour_LoadData'!A4.
   Facts: isCharacterisedBy "SlowEscapedIndicator"  # Generated from value "SlowEscapedIndicator" located at cell 'SheepUnusualBehaviour_LoadData'!C4.
   Types: AbnormalState
   Annotations: rdfs:label "EscapedState"
Individual: EscapedState  # Generated from value "EscapedState" located at cell 'SheepUnusualBehaviour_LoadData'!A4.
   Facts: isCharacterisedBy "SlowEscapedIndicator"  # Generated from value "SlowEscapedIndicator" located at cell 'SheepUnusualBehaviour_LoadData'!C4.
   Types: AbnormalState
   Annotations: rdfs:label "EscapedState"
Individual: EscapedState  # Generated from value "EscapedState" located at cell 'SheepUnusualBehaviour_LoadData'!A4.
   Facts: isCharacterisedBy "SlowEscapedIndicator"  # Generated from value "SlowEscapedIndicator" located at cell 'SheepUnusualBehaviour_LoadData'!C4.
   Types: AbnormalState
   Annotations: rdfs:label "EscapedState"
Individual: EscapedState  # Generated from value "EscapedState" located at cell 'SheepUnusualBehaviour_LoadData'!A4.
   Facts: isCharacterisedBy "SlowEscapedIndicator"  # Generated from value "SlowEscapedIndicator" located at cell 'SheepUnusualBehaviour_LoadData'!C4.
   Types: AbnormalState
   Annotations: rdfs:label "EscapedState"
Individual: EscapedState  # Generated from value "EscapedState" located at cell 'SheepUnusualBehaviour_LoadData'!A4.
   Facts: isCharacterisedBy "SlowEscapedIndicator"  # Generated from value "SlowEscapedIndicator" located at cell 'SheepUnusualBehaviour_LoadData'!C4.
   Types: AbnormalState
   Annotations: rdfs:label "EscapedState"
Individual: EscapedState  # Generated from value "EscapedState" located at cell 'SheepUnusualBehaviour_LoadData'!A4.
   Facts: isCharacterisedBy "SlowEscapedIndicator"  # Generated from value "SlowEscapedIndicator" located at cell 'SheepUnusualBehaviour_LoadData'!C4.
   Types: AbnormalState
   Annotations: rdfs:label "EscapedState"
Individual: EscapedState  # Generated from value "EscapedState" located at cell 'SheepUnusualBehaviour_LoadData'!A4.
   Facts: isCharacterisedBy "SlowEscapedIndicator"  # Generated from value "SlowEscapedIndicator" located at cell 'SheepUnusualBehaviour_LoadData'!C4.
   Types: AbnormalState
   Annotations: rdfs:label "EscapedState"
Individual: EscapedState  # Generated from value "EscapedState" located at cell 'SheepUnusualBehaviour_LoadData'!A4.
   Facts: isCharacterisedBy "SlowEscapedIndicator"  # Generated from value "SlowEscapedIndicator" located at cell 'SheepUnusualBehaviour_LoadData'!C4.
   Types: AbnormalState
   Annotations: rdfs:label "EscapedState"
Individual: EscapedState  # Generated from value "EscapedState" located at cell 'SheepUnusualBehaviour_LoadData'!A4.
   Facts: isCharacterisedBy "SlowEscapedIndicator"  # Generated from value "SlowEscapedIndicator" located at cell 'SheepUnusualBehaviour_LoadData'!C4.
   Types: AbnormalState
   Annotations: rdfs:label "EscapedState"
Individual: EscapedState  # Generated from value "EscapedState" located at cell 'SheepUnusualBehaviour_LoadData'!A4.
   Facts: isCharacterisedBy "SlowEscapedIndicator"  # Generated from value "SlowEscapedIndicator" located at cell 'SheepUnusualBehaviour_LoadData'!C4.
   Types: AbnormalState
   Annotations: rdfs:label "EscapedState"
Individual: EscapedState  # Generated from value "EscapedState" located at cell 'SheepUnusualBehaviour_LoadData'!A4.
   Facts: isCharacterisedBy "SlowEscapedIndicator"  # Generated from value "SlowEscapedIndicator" located at cell 'SheepUnusualBehaviour_LoadData'!C4.
   Types: AbnormalState
   Annotations: rdfs:label "EscapedState"

# Cell range: (SheepUnusualBehaviour_LoadData!A1:A+) Comment: ""
# Individual: @A5 Annotations: rdfs:label @A5 Types: @B5 Facts: isCharacterisedBy @C5

Individual: SuspiciousActivityState  # Generated from value "SuspiciousActivityState" located at cell 'SheepUnusualBehaviour_LoadData'!A5.
   Facts: isCharacterisedBy "LowSuspiciousIndicator"  # Generated from value "LowSuspiciousIndicator" located at cell 'SheepUnusualBehaviour_LoadData'!C5.
   Types: AbnormalState
   Annotations: rdfs:label "SuspiciousActivityState"
Individual: SuspiciousActivityState  # Generated from value "SuspiciousActivityState" located at cell 'SheepUnusualBehaviour_LoadData'!A5.
   Facts: isCharacterisedBy "LowSuspiciousIndicator"  # Generated from value "LowSuspiciousIndicator" located at cell 'SheepUnusualBehaviour_LoadData'!C5.
   Types: AbnormalState
   Annotations: rdfs:label "SuspiciousActivityState"
Individual: SuspiciousActivityState  # Generated from value "SuspiciousActivityState" located at cell 'SheepUnusualBehaviour_LoadData'!A5.
   Facts: isCharacterisedBy "LowSuspiciousIndicator"  # Generated from value "LowSuspiciousIndicator" located at cell 'SheepUnusualBehaviour_LoadData'!C5.
   Types: AbnormalState
   Annotations: rdfs:label "SuspiciousActivityState"
Individual: SuspiciousActivityState  # Generated from value "SuspiciousActivityState" located at cell 'SheepUnusualBehaviour_LoadData'!A5.
   Facts: isCharacterisedBy "LowSuspiciousIndicator"  # Generated from value "LowSuspiciousIndicator" located at cell 'SheepUnusualBehaviour_LoadData'!C5.
   Types: AbnormalState
   Annotations: rdfs:label "SuspiciousActivityState"
Individual: SuspiciousActivityState  # Generated from value "SuspiciousActivityState" located at cell 'SheepUnusualBehaviour_LoadData'!A5.
   Facts: isCharacterisedBy "LowSuspiciousIndicator"  # Generated from value "LowSuspiciousIndicator" located at cell 'SheepUnusualBehaviour_LoadData'!C5.
   Types: AbnormalState
   Annotations: rdfs:label "SuspiciousActivityState"
Individual: SuspiciousActivityState  # Generated from value "SuspiciousActivityState" located at cell 'SheepUnusualBehaviour_LoadData'!A5.
   Facts: isCharacterisedBy "LowSuspiciousIndicator"  # Generated from value "LowSuspiciousIndicator" located at cell 'SheepUnusualBehaviour_LoadData'!C5.
   Types: AbnormalState
   Annotations: rdfs:label "SuspiciousActivityState"
Individual: SuspiciousActivityState  # Generated from value "SuspiciousActivityState" located at cell 'SheepUnusualBehaviour_LoadData'!A5.
   Facts: isCharacterisedBy "LowSuspiciousIndicator"  # Generated from value "LowSuspiciousIndicator" located at cell 'SheepUnusualBehaviour_LoadData'!C5.
   Types: AbnormalState
   Annotations: rdfs:label "SuspiciousActivityState"
Individual: SuspiciousActivityState  # Generated from value "SuspiciousActivityState" located at cell 'SheepUnusualBehaviour_LoadData'!A5.
   Facts: isCharacterisedBy "LowSuspiciousIndicator"  # Generated from value "LowSuspiciousIndicator" located at cell 'SheepUnusualBehaviour_LoadData'!C5.
   Types: AbnormalState
   Annotations: rdfs:label "SuspiciousActivityState"
Individual: SuspiciousActivityState  # Generated from value "SuspiciousActivityState" located at cell 'SheepUnusualBehaviour_LoadData'!A5.
   Facts: isCharacterisedBy "LowSuspiciousIndicator"  # Generated from value "LowSuspiciousIndicator" located at cell 'SheepUnusualBehaviour_LoadData'!C5.
   Types: AbnormalState
   Annotations: rdfs:label "SuspiciousActivityState"

# Cell range: (SheepUnusualBehaviour_LoadData!A1:A+) Comment: ""
# Individual: @A6 Annotations: rdfs:label @A6 Types: @B6 Facts: isCharacterisedBy @C6

Individual: NormalGrazingState  # Generated from value "NormalGrazingState" located at cell 'SheepUnusualBehaviour_LoadData'!A6.
   Facts: isCharacterisedBy "NormalActivityIndicator"  # Generated from value "NormalActivityIndicator" located at cell 'SheepUnusualBehaviour_LoadData'!C6.
   Types: NormalState
   Annotations: rdfs:label "NormalGrazingState"
Individual: NormalGrazingState  # Generated from value "NormalGrazingState" located at cell 'SheepUnusualBehaviour_LoadData'!A6.
   Facts: isCharacterisedBy "NormalActivityIndicator"  # Generated from value "NormalActivityIndicator" located at cell 'SheepUnusualBehaviour_LoadData'!C6.
   Types: NormalState
   Annotations: rdfs:label "NormalGrazingState"
Individual: NormalGrazingState  # Generated from value "NormalGrazingState" located at cell 'SheepUnusualBehaviour_LoadData'!A6.
   Facts: isCharacterisedBy "NormalActivityIndicator"  # Generated from value "NormalActivityIndicator" located at cell 'SheepUnusualBehaviour_LoadData'!C6.
   Types: NormalState
   Annotations: rdfs:label "NormalGrazingState"
Individual: NormalGrazingState  # Generated from value "NormalGrazingState" located at cell 'SheepUnusualBehaviour_LoadData'!A6.
   Facts: isCharacterisedBy "NormalActivityIndicator"  # Generated from value "NormalActivityIndicator" located at cell 'SheepUnusualBehaviour_LoadData'!C6.
   Types: NormalState
   Annotations: rdfs:label "NormalGrazingState"
Individual: NormalGrazingState  # Generated from value "NormalGrazingState" located at cell 'SheepUnusualBehaviour_LoadData'!A6.
   Facts: isCharacterisedBy "NormalActivityIndicator"  # Generated from value "NormalActivityIndicator" located at cell 'SheepUnusualBehaviour_LoadData'!C6.
   Types: NormalState
   Annotations: rdfs:label "NormalGrazingState"
Individual: NormalGrazingState  # Generated from value "NormalGrazingState" located at cell 'SheepUnusualBehaviour_LoadData'!A6.
   Facts: isCharacterisedBy "NormalActivityIndicator"  # Generated from value "NormalActivityIndicator" located at cell 'SheepUnusualBehaviour_LoadData'!C6.
   Types: NormalState
   Annotations: rdfs:label "NormalGrazingState"
Individual: NormalGrazingState  # Generated from value "NormalGrazingState" located at cell 'SheepUnusualBehaviour_LoadData'!A6.
   Facts: isCharacterisedBy "NormalActivityIndicator"  # Generated from value "NormalActivityIndicator" located at cell 'SheepUnusualBehaviour_LoadData'!C6.
   Types: NormalState
   Annotations: rdfs:label "NormalGrazingState"
Individual: NormalGrazingState  # Generated from value "NormalGrazingState" located at cell 'SheepUnusualBehaviour_LoadData'!A6.
   Facts: isCharacterisedBy "NormalActivityIndicator"  # Generated from value "NormalActivityIndicator" located at cell 'SheepUnusualBehaviour_LoadData'!C6.
   Types: NormalState
   Annotations: rdfs:label "NormalGrazingState"
Individual: NormalGrazingState  # Generated from value "NormalGrazingState" located at cell 'SheepUnusualBehaviour_LoadData'!A6.
   Facts: isCharacterisedBy "NormalActivityIndicator"  # Generated from value "NormalActivityIndicator" located at cell 'SheepUnusualBehaviour_LoadData'!C6.
   Types: NormalState
   Annotations: rdfs:label "NormalGrazingState"

# Cell range: (SheepUnusualBehaviour_LoadData!A1:A+) Comment: ""
# Individual: @A7 Annotations: rdfs:label @A7 Types: @B7 Facts: isCharacterisedBy @C7

Individual: EscapedSheepState  # Generated from value "EscapedSheepState" located at cell 'SheepUnusualBehaviour_LoadData'!A7.
   Facts: isCharacterisedBy "EscapedActivityIndicator"  # Generated from value "EscapedActivityIndicator" located at cell 'SheepUnusualBehaviour_LoadData'!C7.
   Types: AbnormalState
   Annotations: rdfs:label "EscapedSheepState"
Individual: EscapedSheepState  # Generated from value "EscapedSheepState" located at cell 'SheepUnusualBehaviour_LoadData'!A7.
   Facts: isCharacterisedBy "EscapedActivityIndicator"  # Generated from value "EscapedActivityIndicator" located at cell 'SheepUnusualBehaviour_LoadData'!C7.
   Types: AbnormalState
   Annotations: rdfs:label "EscapedSheepState"
Individual: EscapedSheepState  # Generated from value "EscapedSheepState" located at cell 'SheepUnusualBehaviour_LoadData'!A7.
   Facts: isCharacterisedBy "EscapedActivityIndicator"  # Generated from value "EscapedActivityIndicator" located at cell 'SheepUnusualBehaviour_LoadData'!C7.
   Types: AbnormalState
   Annotations: rdfs:label "EscapedSheepState"
Individual: EscapedSheepState  # Generated from value "EscapedSheepState" located at cell 'SheepUnusualBehaviour_LoadData'!A7.
   Facts: isCharacterisedBy "EscapedActivityIndicator"  # Generated from value "EscapedActivityIndicator" located at cell 'SheepUnusualBehaviour_LoadData'!C7.
   Types: AbnormalState
   Annotations: rdfs:label "EscapedSheepState"
Individual: EscapedSheepState  # Generated from value "EscapedSheepState" located at cell 'SheepUnusualBehaviour_LoadData'!A7.
   Facts: isCharacterisedBy "EscapedActivityIndicator"  # Generated from value "EscapedActivityIndicator" located at cell 'SheepUnusualBehaviour_LoadData'!C7.
   Types: AbnormalState
   Annotations: rdfs:label "EscapedSheepState"
Individual: EscapedSheepState  # Generated from value "EscapedSheepState" located at cell 'SheepUnusualBehaviour_LoadData'!A7.
   Facts: isCharacterisedBy "EscapedActivityIndicator"  # Generated from value "EscapedActivityIndicator" located at cell 'SheepUnusualBehaviour_LoadData'!C7.
   Types: AbnormalState
   Annotations: rdfs:label "EscapedSheepState"
Individual: EscapedSheepState  # Generated from value "EscapedSheepState" located at cell 'SheepUnusualBehaviour_LoadData'!A7.
   Facts: isCharacterisedBy "EscapedActivityIndicator"  # Generated from value "EscapedActivityIndicator" located at cell 'SheepUnusualBehaviour_LoadData'!C7.
   Types: AbnormalState
   Annotations: rdfs:label "EscapedSheepState"
Individual: EscapedSheepState  # Generated from value "EscapedSheepState" located at cell 'SheepUnusualBehaviour_LoadData'!A7.
   Facts: isCharacterisedBy "EscapedActivityIndicator"  # Generated from value "EscapedActivityIndicator" located at cell 'SheepUnusualBehaviour_LoadData'!C7.
   Types: AbnormalState
   Annotations: rdfs:label "EscapedSheepState"
Individual: EscapedSheepState  # Generated from value "EscapedSheepState" located at cell 'SheepUnusualBehaviour_LoadData'!A7.
   Facts: isCharacterisedBy "EscapedActivityIndicator"  # Generated from value "EscapedActivityIndicator" located at cell 'SheepUnusualBehaviour_LoadData'!C7.
   Types: AbnormalState
   Annotations: rdfs:label "EscapedSheepState"

# Cell range: (SheepUnusualBehaviour_LoadData!A1:A+) Comment: ""
# Individual: @A8 Annotations: rdfs:label @A8 Types: @B8 Facts: isCharacterisedBy @C8

Individual: HighSpeedTheftState  # Generated from value "HighSpeedTheftState" located at cell 'SheepUnusualBehaviour_LoadData'!A8.
   Facts: isCharacterisedBy "HighSpeedIndicator"  # Generated from value "HighSpeedIndicator" located at cell 'SheepUnusualBehaviour_LoadData'!C8.
   Types: AbnormalState
   Annotations: rdfs:label "HighSpeedTheftState"
Individual: HighSpeedTheftState  # Generated from value "HighSpeedTheftState" located at cell 'SheepUnusualBehaviour_LoadData'!A8.
   Facts: isCharacterisedBy "HighSpeedIndicator"  # Generated from value "HighSpeedIndicator" located at cell 'SheepUnusualBehaviour_LoadData'!C8.
   Types: AbnormalState
   Annotations: rdfs:label "HighSpeedTheftState"
Individual: HighSpeedTheftState  # Generated from value "HighSpeedTheftState" located at cell 'SheepUnusualBehaviour_LoadData'!A8.
   Facts: isCharacterisedBy "HighSpeedIndicator"  # Generated from value "HighSpeedIndicator" located at cell 'SheepUnusualBehaviour_LoadData'!C8.
   Types: AbnormalState
   Annotations: rdfs:label "HighSpeedTheftState"
Individual: HighSpeedTheftState  # Generated from value "HighSpeedTheftState" located at cell 'SheepUnusualBehaviour_LoadData'!A8.
   Facts: isCharacterisedBy "HighSpeedIndicator"  # Generated from value "HighSpeedIndicator" located at cell 'SheepUnusualBehaviour_LoadData'!C8.
   Types: AbnormalState
   Annotations: rdfs:label "HighSpeedTheftState"
Individual: HighSpeedTheftState  # Generated from value "HighSpeedTheftState" located at cell 'SheepUnusualBehaviour_LoadData'!A8.
   Facts: isCharacterisedBy "HighSpeedIndicator"  # Generated from value "HighSpeedIndicator" located at cell 'SheepUnusualBehaviour_LoadData'!C8.
   Types: AbnormalState
   Annotations: rdfs:label "HighSpeedTheftState"
Individual: HighSpeedTheftState  # Generated from value "HighSpeedTheftState" located at cell 'SheepUnusualBehaviour_LoadData'!A8.
   Facts: isCharacterisedBy "HighSpeedIndicator"  # Generated from value "HighSpeedIndicator" located at cell 'SheepUnusualBehaviour_LoadData'!C8.
   Types: AbnormalState
   Annotations: rdfs:label "HighSpeedTheftState"
Individual: HighSpeedTheftState  # Generated from value "HighSpeedTheftState" located at cell 'SheepUnusualBehaviour_LoadData'!A8.
   Facts: isCharacterisedBy "HighSpeedIndicator"  # Generated from value "HighSpeedIndicator" located at cell 'SheepUnusualBehaviour_LoadData'!C8.
   Types: AbnormalState
   Annotations: rdfs:label "HighSpeedTheftState"
Individual: HighSpeedTheftState  # Generated from value "HighSpeedTheftState" located at cell 'SheepUnusualBehaviour_LoadData'!A8.
   Facts: isCharacterisedBy "HighSpeedIndicator"  # Generated from value "HighSpeedIndicator" located at cell 'SheepUnusualBehaviour_LoadData'!C8.
   Types: AbnormalState
   Annotations: rdfs:label "HighSpeedTheftState"
Individual: HighSpeedTheftState  # Generated from value "HighSpeedTheftState" located at cell 'SheepUnusualBehaviour_LoadData'!A8.
   Facts: isCharacterisedBy "HighSpeedIndicator"  # Generated from value "HighSpeedIndicator" located at cell 'SheepUnusualBehaviour_LoadData'!C8.
   Types: AbnormalState
   Annotations: rdfs:label "HighSpeedTheftState"

# Cell range: (SheepUnusualBehaviour_LoadData!A1:A+) Comment: ""
# Individual: @A9 Annotations: rdfs:label @A9 Types: @B9 Facts: isCharacterisedBy @C9

Individual: UnusualRestingState  # Generated from value "UnusualRestingState" located at cell 'SheepUnusualBehaviour_LoadData'!A9.
   Facts: isCharacterisedBy "LethargyIndicator"  # Generated from value "LethargyIndicator" located at cell 'SheepUnusualBehaviour_LoadData'!C9.
   Types: AbnormalState
   Annotations: rdfs:label "UnusualRestingState"
Individual: UnusualRestingState  # Generated from value "UnusualRestingState" located at cell 'SheepUnusualBehaviour_LoadData'!A9.
   Facts: isCharacterisedBy "LethargyIndicator"  # Generated from value "LethargyIndicator" located at cell 'SheepUnusualBehaviour_LoadData'!C9.
   Types: AbnormalState
   Annotations: rdfs:label "UnusualRestingState"
Individual: UnusualRestingState  # Generated from value "UnusualRestingState" located at cell 'SheepUnusualBehaviour_LoadData'!A9.
   Facts: isCharacterisedBy "LethargyIndicator"  # Generated from value "LethargyIndicator" located at cell 'SheepUnusualBehaviour_LoadData'!C9.
   Types: AbnormalState
   Annotations: rdfs:label "UnusualRestingState"
Individual: UnusualRestingState  # Generated from value "UnusualRestingState" located at cell 'SheepUnusualBehaviour_LoadData'!A9.
   Facts: isCharacterisedBy "LethargyIndicator"  # Generated from value "LethargyIndicator" located at cell 'SheepUnusualBehaviour_LoadData'!C9.
   Types: AbnormalState
   Annotations: rdfs:label "UnusualRestingState"
Individual: UnusualRestingState  # Generated from value "UnusualRestingState" located at cell 'SheepUnusualBehaviour_LoadData'!A9.
   Facts: isCharacterisedBy "LethargyIndicator"  # Generated from value "LethargyIndicator" located at cell 'SheepUnusualBehaviour_LoadData'!C9.
   Types: AbnormalState
   Annotations: rdfs:label "UnusualRestingState"
Individual: UnusualRestingState  # Generated from value "UnusualRestingState" located at cell 'SheepUnusualBehaviour_LoadData'!A9.
   Facts: isCharacterisedBy "LethargyIndicator"  # Generated from value "LethargyIndicator" located at cell 'SheepUnusualBehaviour_LoadData'!C9.
   Types: AbnormalState
   Annotations: rdfs:label "UnusualRestingState"
Individual: UnusualRestingState  # Generated from value "UnusualRestingState" located at cell 'SheepUnusualBehaviour_LoadData'!A9.
   Facts: isCharacterisedBy "LethargyIndicator"  # Generated from value "LethargyIndicator" located at cell 'SheepUnusualBehaviour_LoadData'!C9.
   Types: AbnormalState
   Annotations: rdfs:label "UnusualRestingState"
Individual: UnusualRestingState  # Generated from value "UnusualRestingState" located at cell 'SheepUnusualBehaviour_LoadData'!A9.
   Facts: isCharacterisedBy "LethargyIndicator"  # Generated from value "LethargyIndicator" located at cell 'SheepUnusualBehaviour_LoadData'!C9.
   Types: AbnormalState
   Annotations: rdfs:label "UnusualRestingState"
Individual: UnusualRestingState  # Generated from value "UnusualRestingState" located at cell 'SheepUnusualBehaviour_LoadData'!A9.
   Facts: isCharacterisedBy "LethargyIndicator"  # Generated from value "LethargyIndicator" located at cell 'SheepUnusualBehaviour_LoadData'!C9.
   Types: AbnormalState
   Annotations: rdfs:label "UnusualRestingState"

===========================================================================================================
Date: 2026-05-24 18:51:33
Ontology source: /C:/Users/s2024165/OneDrive%20-%20SARS/Personal/Personal/Masters%20in%20Computer%20Science/2023/TUT/Dissertation/Chapter%204%20-%20Design%20and%20implementation%20of%20LFTDO%20and%20Architecture/Ontology/209332175_LFTDO_V0.12.owl
Worksheet source: C:\Users\s2024165\OneDrive - SARS\Personal\Personal\Masters in Computer Science\2023\TUT\Dissertation\Chapter 7 - Artefacts Evaluations (Architecture and LFTDO)\Empirical Data\Master Data\12.EnvironmentalConditions_LoadData.xlsx
Transformation rules: C:\Users\s2024165\OneDrive - SARS\Personal\Personal\Masters in Computer Science\2023\TUT\Dissertation\Chapter 7 - Artefacts Evaluations (Architecture and LFTDO)\Empirical Data\Master Data\12.EvironmentalConditions_LoadData_RULE_MAPPING.json

# Cell range: (Data!A2:D+) Comment: ""
# Individual: @A2 Annotations: rdfs:label @A2 Types: @B2 Facts: isRecordedIn @C2,logGeneratedBy @D2

Individual: DayAmbientTemp001  # Generated from value "DayAmbientTemp001" located at cell 'Data'!A2.
   Facts: isRecordedIn "OpenFieldLocation001"  # Generated from value "OpenFieldLocation001" located at cell 'Data'!C2.
   Types: AmbientTemperature
   Annotations: rdfs:label "DayAmbientTemp001"
Individual: DayAmbientTemp001  # Generated from value "DayAmbientTemp001" located at cell 'Data'!A2.
   Facts: isRecordedIn "OpenFieldLocation001"  # Generated from value "OpenFieldLocation001" located at cell 'Data'!C2.
   Types: AmbientTemperature
   Annotations: rdfs:label "DayAmbientTemp001"
Individual: DayAmbientTemp001  # Generated from value "DayAmbientTemp001" located at cell 'Data'!A2.
   Facts: isRecordedIn "OpenFieldLocation001"  # Generated from value "OpenFieldLocation001" located at cell 'Data'!C2.
   Types: AmbientTemperature
   Annotations: rdfs:label "DayAmbientTemp001"
Individual: DayAmbientTemp001  # Generated from value "DayAmbientTemp001" located at cell 'Data'!A2.
   Facts: isRecordedIn "OpenFieldLocation001"  # Generated from value "OpenFieldLocation001" located at cell 'Data'!C2.
   Types: AmbientTemperature
   Annotations: rdfs:label "DayAmbientTemp001"

===========================================================================================================
Date: 2026-05-24 20:40:33
Ontology source: /C:/Users/s2024165/OneDrive%20-%20SARS/Personal/Personal/Masters%20in%20Computer%20Science/2023/TUT/Dissertation/Chapter%204%20-%20Design%20and%20implementation%20of%20LFTDO%20and%20Architecture/Ontology/209332175_LFTDO_V0.12.owl
Worksheet source: C:\Users\s2024165\OneDrive - SARS\Personal\Personal\Masters in Computer Science\2023\TUT\Dissertation\Chapter 7 - Artefacts Evaluations (Architecture and LFTDO)\Empirical Data\Master Data\14.Device_LoadData.xlsx
Transformation rules: C:\Users\s2024165\OneDrive - SARS\Personal\Personal\Masters in Computer Science\2023\TUT\Dissertation\Chapter 7 - Artefacts Evaluations (Architecture and LFTDO)\Empirical Data\Master Data\14.Device_LoadData_RULE_MAPPING.json

# Cell range: (Data!A2:D+) Comment: ""
# Individual: @A2 Annotations: rdfs:label @A2 Types: @B2 Facts: isRecordedIn @C2,logGeneratedBy @D2

Individual: RoutineLog001  # Generated from value "RoutineLog001" located at cell 'Data'!A2.
   Facts: isRecordedIn "Database001"  # Generated from value "Database001" located at cell 'Data'!C2.,
         logGeneratedBy "SoftwareApplication001"  # Generated from value "SoftwareApplication001" located at cell 'Data'!D2.
   Types: RoutineLogEvent
   Annotations: rdfs:label "RoutineLog001"
Individual: RoutineLog001  # Generated from value "RoutineLog001" located at cell 'Data'!A2.
   Facts: isRecordedIn "Database001"  # Generated from value "Database001" located at cell 'Data'!C2.,
         logGeneratedBy "SoftwareApplication001"  # Generated from value "SoftwareApplication001" located at cell 'Data'!D2.
   Types: RoutineLogEvent
   Annotations: rdfs:label "RoutineLog001"
Individual: RoutineLog001  # Generated from value "RoutineLog001" located at cell 'Data'!A2.
   Facts: isRecordedIn "Database001"  # Generated from value "Database001" located at cell 'Data'!C2.,
         logGeneratedBy "SoftwareApplication001"  # Generated from value "SoftwareApplication001" located at cell 'Data'!D2.
   Types: RoutineLogEvent
   Annotations: rdfs:label "RoutineLog001"
Individual: RoutineLog001  # Generated from value "RoutineLog001" located at cell 'Data'!A2.
   Facts: isRecordedIn "Database001"  # Generated from value "Database001" located at cell 'Data'!C2.,
         logGeneratedBy "SoftwareApplication001"  # Generated from value "SoftwareApplication001" located at cell 'Data'!D2.
   Types: RoutineLogEvent
   Annotations: rdfs:label "RoutineLog001"

===========================================================================================================
Date: 2026-05-26 08:39:57
Ontology source: /C:/Users/s2024165/OneDrive%20-%20SARS/Personal/Personal/Masters%20in%20Computer%20Science/2023/TUT/Dissertation/Chapter%204%20-%20Design%20and%20implementation%20of%20LFTDO%20and%20Architecture/Ontology/209332175_LFTDO_V0.12.owl
Worksheet source: C:\Users\s2024165\OneDrive - SARS\Personal\Personal\Masters in Computer Science\2023\TUT\Dissertation\Chapter 7 - Artefacts Evaluations (Architecture and LFTDO)\Empirical Data\Master Data\14.Device_LoadData.xlsx
Transformation rules: C:\Users\s2024165\OneDrive - SARS\Personal\Personal\Masters in Computer Science\2023\TUT\Dissertation\Chapter 7 - Artefacts Evaluations (Architecture and LFTDO)\Empirical Data\Master Data\14.Device_LoadData_RULE_MAPPING.json

# Cell range: (Data!A2:K+) Comment: ""
# Individual: @A2	Annotations: rdfs:label @A2 	Types: @B2	Facts: hasDeviceType @C2	(xsd:string),	isSuitableForRuralAreas @D2	(xsd:boolean),	hasPowerStatus @E2	,transmitSensorDataTo @F2	,hasLatitude @H2	(xsd:decimal),	hasLongitude @I2	(xsd:decimal),isDeviceOnline @J2	(xsd:boolean)

Individual: MotionSensorDevice001  # Generated from value "MotionSensorDevice001" located at cell 'Data'!A2.
   Facts: hasDeviceType "MotionSensor"  # Generated from value "MotionSensor" located at cell 'Data'!C2.,
         isSuitableForRuralAreas true  # Generated from value "true" located at cell 'Data'!D2.,
         hasPowerStatus "Off"  # Generated from value "Off" located at cell 'Data'!E2.,
         transmitSensorDataTo "DataTransmission001"  # Generated from value "DataTransmission001" located at cell 'Data'!F2.,
         hasLatitude -25.89  # Generated from value "-25.89" located at cell 'Data'!H2.,
         hasLongitude 28.16  # Generated from value "28.16" located at cell 'Data'!I2.,
         isDeviceOnline false  # Generated from value "false" located at cell 'Data'!J2.
   Types: Device
   Annotations: rdfs:label "MotionSensorDevice001"
Individual: MotionSensorDevice001  # Generated from value "MotionSensorDevice001" located at cell 'Data'!A2.
   Facts: hasDeviceType "MotionSensor"  # Generated from value "MotionSensor" located at cell 'Data'!C2.,
         isSuitableForRuralAreas true  # Generated from value "true" located at cell 'Data'!D2.,
         hasPowerStatus "Off"  # Generated from value "Off" located at cell 'Data'!E2.,
         transmitSensorDataTo "DataTransmission001"  # Generated from value "DataTransmission001" located at cell 'Data'!F2.,
         hasLatitude -25.89  # Generated from value "-25.89" located at cell 'Data'!H2.,
         hasLongitude 28.16  # Generated from value "28.16" located at cell 'Data'!I2.,
         isDeviceOnline false  # Generated from value "false" located at cell 'Data'!J2.
   Types: Device
   Annotations: rdfs:label "MotionSensorDevice001"
Individual: MotionSensorDevice001  # Generated from value "MotionSensorDevice001" located at cell 'Data'!A2.
   Facts: hasDeviceType "MotionSensor"  # Generated from value "MotionSensor" located at cell 'Data'!C2.,
         isSuitableForRuralAreas true  # Generated from value "true" located at cell 'Data'!D2.,
         hasPowerStatus "Off"  # Generated from value "Off" located at cell 'Data'!E2.,
         transmitSensorDataTo "DataTransmission001"  # Generated from value "DataTransmission001" located at cell 'Data'!F2.,
         hasLatitude -25.89  # Generated from value "-25.89" located at cell 'Data'!H2.,
         hasLongitude 28.16  # Generated from value "28.16" located at cell 'Data'!I2.,
         isDeviceOnline false  # Generated from value "false" located at cell 'Data'!J2.
   Types: Device
   Annotations: rdfs:label "MotionSensorDevice001"
Individual: MotionSensorDevice001  # Generated from value "MotionSensorDevice001" located at cell 'Data'!A2.
   Facts: hasDeviceType "MotionSensor"  # Generated from value "MotionSensor" located at cell 'Data'!C2.,
         isSuitableForRuralAreas true  # Generated from value "true" located at cell 'Data'!D2.,
         hasPowerStatus "Off"  # Generated from value "Off" located at cell 'Data'!E2.,
         transmitSensorDataTo "DataTransmission001"  # Generated from value "DataTransmission001" located at cell 'Data'!F2.,
         hasLatitude -25.89  # Generated from value "-25.89" located at cell 'Data'!H2.,
         hasLongitude 28.16  # Generated from value "28.16" located at cell 'Data'!I2.,
         isDeviceOnline false  # Generated from value "false" located at cell 'Data'!J2.
   Types: Device
   Annotations: rdfs:label "MotionSensorDevice001"
Individual: MotionSensorDevice001  # Generated from value "MotionSensorDevice001" located at cell 'Data'!A2.
   Facts: hasDeviceType "MotionSensor"  # Generated from value "MotionSensor" located at cell 'Data'!C2.,
         isSuitableForRuralAreas true  # Generated from value "true" located at cell 'Data'!D2.,
         hasPowerStatus "Off"  # Generated from value "Off" located at cell 'Data'!E2.,
         transmitSensorDataTo "DataTransmission001"  # Generated from value "DataTransmission001" located at cell 'Data'!F2.,
         hasLatitude -25.89  # Generated from value "-25.89" located at cell 'Data'!H2.,
         hasLongitude 28.16  # Generated from value "28.16" located at cell 'Data'!I2.,
         isDeviceOnline false  # Generated from value "false" located at cell 'Data'!J2.
   Types: Device
   Annotations: rdfs:label "MotionSensorDevice001"
Individual: MotionSensorDevice001  # Generated from value "MotionSensorDevice001" located at cell 'Data'!A2.
   Facts: hasDeviceType "MotionSensor"  # Generated from value "MotionSensor" located at cell 'Data'!C2.,
         isSuitableForRuralAreas true  # Generated from value "true" located at cell 'Data'!D2.,
         hasPowerStatus "Off"  # Generated from value "Off" located at cell 'Data'!E2.,
         transmitSensorDataTo "DataTransmission001"  # Generated from value "DataTransmission001" located at cell 'Data'!F2.,
         hasLatitude -25.89  # Generated from value "-25.89" located at cell 'Data'!H2.,
         hasLongitude 28.16  # Generated from value "28.16" located at cell 'Data'!I2.,
         isDeviceOnline false  # Generated from value "false" located at cell 'Data'!J2.
   Types: Device
   Annotations: rdfs:label "MotionSensorDevice001"
Individual: MotionSensorDevice001  # Generated from value "MotionSensorDevice001" located at cell 'Data'!A2.
   Facts: hasDeviceType "MotionSensor"  # Generated from value "MotionSensor" located at cell 'Data'!C2.,
         isSuitableForRuralAreas true  # Generated from value "true" located at cell 'Data'!D2.,
         hasPowerStatus "Off"  # Generated from value "Off" located at cell 'Data'!E2.,
         transmitSensorDataTo "DataTransmission001"  # Generated from value "DataTransmission001" located at cell 'Data'!F2.,
         hasLatitude -25.89  # Generated from value "-25.89" located at cell 'Data'!H2.,
         hasLongitude 28.16  # Generated from value "28.16" located at cell 'Data'!I2.,
         isDeviceOnline false  # Generated from value "false" located at cell 'Data'!J2.
   Types: Device
   Annotations: rdfs:label "MotionSensorDevice001"
Individual: MotionSensorDevice001  # Generated from value "MotionSensorDevice001" located at cell 'Data'!A2.
   Facts: hasDeviceType "MotionSensor"  # Generated from value "MotionSensor" located at cell 'Data'!C2.,
         isSuitableForRuralAreas true  # Generated from value "true" located at cell 'Data'!D2.,
         hasPowerStatus "Off"  # Generated from value "Off" located at cell 'Data'!E2.,
         transmitSensorDataTo "DataTransmission001"  # Generated from value "DataTransmission001" located at cell 'Data'!F2.,
         hasLatitude -25.89  # Generated from value "-25.89" located at cell 'Data'!H2.,
         hasLongitude 28.16  # Generated from value "28.16" located at cell 'Data'!I2.,
         isDeviceOnline false  # Generated from value "false" located at cell 'Data'!J2.
   Types: Device
   Annotations: rdfs:label "MotionSensorDevice001"
Individual: MotionSensorDevice001  # Generated from value "MotionSensorDevice001" located at cell 'Data'!A2.
   Facts: hasDeviceType "MotionSensor"  # Generated from value "MotionSensor" located at cell 'Data'!C2.,
         isSuitableForRuralAreas true  # Generated from value "true" located at cell 'Data'!D2.,
         hasPowerStatus "Off"  # Generated from value "Off" located at cell 'Data'!E2.,
         transmitSensorDataTo "DataTransmission001"  # Generated from value "DataTransmission001" located at cell 'Data'!F2.,
         hasLatitude -25.89  # Generated from value "-25.89" located at cell 'Data'!H2.,
         hasLongitude 28.16  # Generated from value "28.16" located at cell 'Data'!I2.,
         isDeviceOnline false  # Generated from value "false" located at cell 'Data'!J2.
   Types: Device
   Annotations: rdfs:label "MotionSensorDevice001"
Individual: MotionSensorDevice001  # Generated from value "MotionSensorDevice001" located at cell 'Data'!A2.
   Facts: hasDeviceType "MotionSensor"  # Generated from value "MotionSensor" located at cell 'Data'!C2.,
         isSuitableForRuralAreas true  # Generated from value "true" located at cell 'Data'!D2.,
         hasPowerStatus "Off"  # Generated from value "Off" located at cell 'Data'!E2.,
         transmitSensorDataTo "DataTransmission001"  # Generated from value "DataTransmission001" located at cell 'Data'!F2.,
         hasLatitude -25.89  # Generated from value "-25.89" located at cell 'Data'!H2.,
         hasLongitude 28.16  # Generated from value "28.16" located at cell 'Data'!I2.,
         isDeviceOnline false  # Generated from value "false" located at cell 'Data'!J2.
   Types: Device
   Annotations: rdfs:label "MotionSensorDevice001"
Individual: MotionSensorDevice001  # Generated from value "MotionSensorDevice001" located at cell 'Data'!A2.
   Facts: hasDeviceType "MotionSensor"  # Generated from value "MotionSensor" located at cell 'Data'!C2.,
         isSuitableForRuralAreas true  # Generated from value "true" located at cell 'Data'!D2.,
         hasPowerStatus "Off"  # Generated from value "Off" located at cell 'Data'!E2.,
         transmitSensorDataTo "DataTransmission001"  # Generated from value "DataTransmission001" located at cell 'Data'!F2.,
         hasLatitude -25.89  # Generated from value "-25.89" located at cell 'Data'!H2.,
         hasLongitude 28.16  # Generated from value "28.16" located at cell 'Data'!I2.,
         isDeviceOnline false  # Generated from value "false" located at cell 'Data'!J2.
   Types: Device
   Annotations: rdfs:label "MotionSensorDevice001"

===========================================================================================================
Date: 2026-05-30 09:57:30
Ontology source: /C:/Users/s2024165/OneDrive%20-%20SARS/Personal/Personal/Masters%20in%20Computer%20Science/2023/TUT/Dissertation/Chapter%204%20-%20Design%20and%20implementation%20of%20LFTDO%20and%20Architecture/Ontology/209332175_LFTDO_V0.12.owl
Worksheet source: C:\Users\s2024165\OneDrive - SARS\Personal\Personal\Masters in Computer Science\2023\TUT\Dissertation\Chapter 7 - Artefacts Evaluations (Architecture and LFTDO)\Empirical Data\Master Data\11.AbnormalState_LoadData.xlsx
Transformation rules: C:\Users\s2024165\OneDrive - SARS\Personal\Personal\Masters in Computer Science\2023\TUT\Dissertation\Chapter 7 - Artefacts Evaluations (Architecture and LFTDO)\Empirical Data\Master Data\11.AbnormalState_LoadData_RULE_MAPPING.json

# Cell range: (SheepUnusualBehaviour_LoadData!A2:C+) Comment: ""
# Individual: @A3 Annotations: rdfs:label @A3 Types: @B3 Facts: isCharacterisedBy @C3

Individual: UnusualHealthState  # Generated from value "UnusualHealthState" located at cell 'SheepUnusualBehaviour_LoadData'!A3.
   Facts: isCharacterisedBy "LethargyIndicator"  # Generated from value "LethargyIndicator" located at cell 'SheepUnusualBehaviour_LoadData'!C3.
   Types: AbnormalState
   Annotations: rdfs:label "UnusualHealthState"
Individual: UnusualHealthState  # Generated from value "UnusualHealthState" located at cell 'SheepUnusualBehaviour_LoadData'!A3.
   Facts: isCharacterisedBy "LethargyIndicator"  # Generated from value "LethargyIndicator" located at cell 'SheepUnusualBehaviour_LoadData'!C3.
   Types: AbnormalState
   Annotations: rdfs:label "UnusualHealthState"
Individual: UnusualHealthState  # Generated from value "UnusualHealthState" located at cell 'SheepUnusualBehaviour_LoadData'!A3.
   Facts: isCharacterisedBy "LethargyIndicator"  # Generated from value "LethargyIndicator" located at cell 'SheepUnusualBehaviour_LoadData'!C3.
   Types: AbnormalState
   Annotations: rdfs:label "UnusualHealthState"
Individual: UnusualHealthState  # Generated from value "UnusualHealthState" located at cell 'SheepUnusualBehaviour_LoadData'!A3.
   Facts: isCharacterisedBy "LethargyIndicator"  # Generated from value "LethargyIndicator" located at cell 'SheepUnusualBehaviour_LoadData'!C3.
   Types: AbnormalState
   Annotations: rdfs:label "UnusualHealthState"
Individual: UnusualHealthState  # Generated from value "UnusualHealthState" located at cell 'SheepUnusualBehaviour_LoadData'!A3.
   Facts: isCharacterisedBy "LethargyIndicator"  # Generated from value "LethargyIndicator" located at cell 'SheepUnusualBehaviour_LoadData'!C3.
   Types: AbnormalState
   Annotations: rdfs:label "UnusualHealthState"
Individual: UnusualHealthState  # Generated from value "UnusualHealthState" located at cell 'SheepUnusualBehaviour_LoadData'!A3.
   Facts: isCharacterisedBy "LethargyIndicator"  # Generated from value "LethargyIndicator" located at cell 'SheepUnusualBehaviour_LoadData'!C3.
   Types: AbnormalState
   Annotations: rdfs:label "UnusualHealthState"
Individual: UnusualHealthState  # Generated from value "UnusualHealthState" located at cell 'SheepUnusualBehaviour_LoadData'!A3.
   Facts: isCharacterisedBy "LethargyIndicator"  # Generated from value "LethargyIndicator" located at cell 'SheepUnusualBehaviour_LoadData'!C3.
   Types: AbnormalState
   Annotations: rdfs:label "UnusualHealthState"
Individual: UnusualHealthState  # Generated from value "UnusualHealthState" located at cell 'SheepUnusualBehaviour_LoadData'!A3.
   Facts: isCharacterisedBy "LethargyIndicator"  # Generated from value "LethargyIndicator" located at cell 'SheepUnusualBehaviour_LoadData'!C3.
   Types: AbnormalState
   Annotations: rdfs:label "UnusualHealthState"
Individual: UnusualHealthState  # Generated from value "UnusualHealthState" located at cell 'SheepUnusualBehaviour_LoadData'!A3.
   Facts: isCharacterisedBy "LethargyIndicator"  # Generated from value "LethargyIndicator" located at cell 'SheepUnusualBehaviour_LoadData'!C3.
   Types: AbnormalState
   Annotations: rdfs:label "UnusualHealthState"
Individual: UnusualHealthState  # Generated from value "UnusualHealthState" located at cell 'SheepUnusualBehaviour_LoadData'!A3.
   Facts: isCharacterisedBy "LethargyIndicator"  # Generated from value "LethargyIndicator" located at cell 'SheepUnusualBehaviour_LoadData'!C3.
   Types: AbnormalState
   Annotations: rdfs:label "UnusualHealthState"
Individual: UnusualHealthState  # Generated from value "UnusualHealthState" located at cell 'SheepUnusualBehaviour_LoadData'!A3.
   Facts: isCharacterisedBy "LethargyIndicator"  # Generated from value "LethargyIndicator" located at cell 'SheepUnusualBehaviour_LoadData'!C3.
   Types: AbnormalState
   Annotations: rdfs:label "UnusualHealthState"
Individual: UnusualHealthState  # Generated from value "UnusualHealthState" located at cell 'SheepUnusualBehaviour_LoadData'!A3.
   Facts: isCharacterisedBy "LethargyIndicator"  # Generated from value "LethargyIndicator" located at cell 'SheepUnusualBehaviour_LoadData'!C3.
   Types: AbnormalState
   Annotations: rdfs:label "UnusualHealthState"
Individual: UnusualHealthState  # Generated from value "UnusualHealthState" located at cell 'SheepUnusualBehaviour_LoadData'!A3.
   Facts: isCharacterisedBy "LethargyIndicator"  # Generated from value "LethargyIndicator" located at cell 'SheepUnusualBehaviour_LoadData'!C3.
   Types: AbnormalState
   Annotations: rdfs:label "UnusualHealthState"
Individual: UnusualHealthState  # Generated from value "UnusualHealthState" located at cell 'SheepUnusualBehaviour_LoadData'!A3.
   Facts: isCharacterisedBy "LethargyIndicator"  # Generated from value "LethargyIndicator" located at cell 'SheepUnusualBehaviour_LoadData'!C3.
   Types: AbnormalState
   Annotations: rdfs:label "UnusualHealthState"
Individual: UnusualHealthState  # Generated from value "UnusualHealthState" located at cell 'SheepUnusualBehaviour_LoadData'!A3.
   Facts: isCharacterisedBy "LethargyIndicator"  # Generated from value "LethargyIndicator" located at cell 'SheepUnusualBehaviour_LoadData'!C3.
   Types: AbnormalState
   Annotations: rdfs:label "UnusualHealthState"
Individual: UnusualHealthState  # Generated from value "UnusualHealthState" located at cell 'SheepUnusualBehaviour_LoadData'!A3.
   Facts: isCharacterisedBy "LethargyIndicator"  # Generated from value "LethargyIndicator" located at cell 'SheepUnusualBehaviour_LoadData'!C3.
   Types: AbnormalState
   Annotations: rdfs:label "UnusualHealthState"
Individual: UnusualHealthState  # Generated from value "UnusualHealthState" located at cell 'SheepUnusualBehaviour_LoadData'!A3.
   Facts: isCharacterisedBy "LethargyIndicator"  # Generated from value "LethargyIndicator" located at cell 'SheepUnusualBehaviour_LoadData'!C3.
   Types: AbnormalState
   Annotations: rdfs:label "UnusualHealthState"
Individual: UnusualHealthState  # Generated from value "UnusualHealthState" located at cell 'SheepUnusualBehaviour_LoadData'!A3.
   Facts: isCharacterisedBy "LethargyIndicator"  # Generated from value "LethargyIndicator" located at cell 'SheepUnusualBehaviour_LoadData'!C3.
   Types: AbnormalState
   Annotations: rdfs:label "UnusualHealthState"
Individual: UnusualHealthState  # Generated from value "UnusualHealthState" located at cell 'SheepUnusualBehaviour_LoadData'!A3.
   Facts: isCharacterisedBy "LethargyIndicator"  # Generated from value "LethargyIndicator" located at cell 'SheepUnusualBehaviour_LoadData'!C3.
   Types: AbnormalState
   Annotations: rdfs:label "UnusualHealthState"
Individual: UnusualHealthState  # Generated from value "UnusualHealthState" located at cell 'SheepUnusualBehaviour_LoadData'!A3.
   Facts: isCharacterisedBy "LethargyIndicator"  # Generated from value "LethargyIndicator" located at cell 'SheepUnusualBehaviour_LoadData'!C3.
   Types: AbnormalState
   Annotations: rdfs:label "UnusualHealthState"
Individual: UnusualHealthState  # Generated from value "UnusualHealthState" located at cell 'SheepUnusualBehaviour_LoadData'!A3.
   Facts: isCharacterisedBy "LethargyIndicator"  # Generated from value "LethargyIndicator" located at cell 'SheepUnusualBehaviour_LoadData'!C3.
   Types: AbnormalState
   Annotations: rdfs:label "UnusualHealthState"
Individual: UnusualHealthState  # Generated from value "UnusualHealthState" located at cell 'SheepUnusualBehaviour_LoadData'!A3.
   Facts: isCharacterisedBy "LethargyIndicator"  # Generated from value "LethargyIndicator" located at cell 'SheepUnusualBehaviour_LoadData'!C3.
   Types: AbnormalState
   Annotations: rdfs:label "UnusualHealthState"
Individual: UnusualHealthState  # Generated from value "UnusualHealthState" located at cell 'SheepUnusualBehaviour_LoadData'!A3.
   Facts: isCharacterisedBy "LethargyIndicator"  # Generated from value "LethargyIndicator" located at cell 'SheepUnusualBehaviour_LoadData'!C3.
   Types: AbnormalState
   Annotations: rdfs:label "UnusualHealthState"
Individual: UnusualHealthState  # Generated from value "UnusualHealthState" located at cell 'SheepUnusualBehaviour_LoadData'!A3.
   Facts: isCharacterisedBy "LethargyIndicator"  # Generated from value "LethargyIndicator" located at cell 'SheepUnusualBehaviour_LoadData'!C3.
   Types: AbnormalState
   Annotations: rdfs:label "UnusualHealthState"
Individual: UnusualHealthState  # Generated from value "UnusualHealthState" located at cell 'SheepUnusualBehaviour_LoadData'!A3.
   Facts: isCharacterisedBy "LethargyIndicator"  # Generated from value "LethargyIndicator" located at cell 'SheepUnusualBehaviour_LoadData'!C3.
   Types: AbnormalState
   Annotations: rdfs:label "UnusualHealthState"
Individual: UnusualHealthState  # Generated from value "UnusualHealthState" located at cell 'SheepUnusualBehaviour_LoadData'!A3.
   Facts: isCharacterisedBy "LethargyIndicator"  # Generated from value "LethargyIndicator" located at cell 'SheepUnusualBehaviour_LoadData'!C3.
   Types: AbnormalState
   Annotations: rdfs:label "UnusualHealthState"
Individual: UnusualHealthState  # Generated from value "UnusualHealthState" located at cell 'SheepUnusualBehaviour_LoadData'!A3.
   Facts: isCharacterisedBy "LethargyIndicator"  # Generated from value "LethargyIndicator" located at cell 'SheepUnusualBehaviour_LoadData'!C3.
   Types: AbnormalState
   Annotations: rdfs:label "UnusualHealthState"

# Cell range: (SheepUnusualBehaviour_LoadData!A1:A+) Comment: ""
# Individual: @A10 Annotations: rdfs:label @A10 Types: @B10 Facts: isCharacterisedBy @C10

Individual: UnusualHealthState  # Generated from value "UnusualHealthState" located at cell 'SheepUnusualBehaviour_LoadData'!A10.
   Facts: isCharacterisedBy "FeverIndicator"  # Generated from value "FeverIndicator" located at cell 'SheepUnusualBehaviour_LoadData'!C10.
   Types: AbnormalState
   Annotations: rdfs:label "UnusualHealthState"
Individual: UnusualHealthState  # Generated from value "UnusualHealthState" located at cell 'SheepUnusualBehaviour_LoadData'!A10.
   Facts: isCharacterisedBy "FeverIndicator"  # Generated from value "FeverIndicator" located at cell 'SheepUnusualBehaviour_LoadData'!C10.
   Types: AbnormalState
   Annotations: rdfs:label "UnusualHealthState"
Individual: UnusualHealthState  # Generated from value "UnusualHealthState" located at cell 'SheepUnusualBehaviour_LoadData'!A10.
   Facts: isCharacterisedBy "FeverIndicator"  # Generated from value "FeverIndicator" located at cell 'SheepUnusualBehaviour_LoadData'!C10.
   Types: AbnormalState
   Annotations: rdfs:label "UnusualHealthState"
Individual: UnusualHealthState  # Generated from value "UnusualHealthState" located at cell 'SheepUnusualBehaviour_LoadData'!A10.
   Facts: isCharacterisedBy "FeverIndicator"  # Generated from value "FeverIndicator" located at cell 'SheepUnusualBehaviour_LoadData'!C10.
   Types: AbnormalState
   Annotations: rdfs:label "UnusualHealthState"
Individual: UnusualHealthState  # Generated from value "UnusualHealthState" located at cell 'SheepUnusualBehaviour_LoadData'!A10.
   Facts: isCharacterisedBy "FeverIndicator"  # Generated from value "FeverIndicator" located at cell 'SheepUnusualBehaviour_LoadData'!C10.
   Types: AbnormalState
   Annotations: rdfs:label "UnusualHealthState"
Individual: UnusualHealthState  # Generated from value "UnusualHealthState" located at cell 'SheepUnusualBehaviour_LoadData'!A10.
   Facts: isCharacterisedBy "FeverIndicator"  # Generated from value "FeverIndicator" located at cell 'SheepUnusualBehaviour_LoadData'!C10.
   Types: AbnormalState
   Annotations: rdfs:label "UnusualHealthState"
Individual: UnusualHealthState  # Generated from value "UnusualHealthState" located at cell 'SheepUnusualBehaviour_LoadData'!A10.
   Facts: isCharacterisedBy "FeverIndicator"  # Generated from value "FeverIndicator" located at cell 'SheepUnusualBehaviour_LoadData'!C10.
   Types: AbnormalState
   Annotations: rdfs:label "UnusualHealthState"
Individual: UnusualHealthState  # Generated from value "UnusualHealthState" located at cell 'SheepUnusualBehaviour_LoadData'!A10.
   Facts: isCharacterisedBy "FeverIndicator"  # Generated from value "FeverIndicator" located at cell 'SheepUnusualBehaviour_LoadData'!C10.
   Types: AbnormalState
   Annotations: rdfs:label "UnusualHealthState"
Individual: UnusualHealthState  # Generated from value "UnusualHealthState" located at cell 'SheepUnusualBehaviour_LoadData'!A10.
   Facts: isCharacterisedBy "FeverIndicator"  # Generated from value "FeverIndicator" located at cell 'SheepUnusualBehaviour_LoadData'!C10.
   Types: AbnormalState
   Annotations: rdfs:label "UnusualHealthState"
Individual: UnusualHealthState  # Generated from value "UnusualHealthState" located at cell 'SheepUnusualBehaviour_LoadData'!A10.
   Facts: isCharacterisedBy "FeverIndicator"  # Generated from value "FeverIndicator" located at cell 'SheepUnusualBehaviour_LoadData'!C10.
   Types: AbnormalState
   Annotations: rdfs:label "UnusualHealthState"

===========================================================================================================
Date: 2026-05-30 10:02:03
Ontology source: /C:/Users/s2024165/OneDrive%20-%20SARS/Personal/Personal/Masters%20in%20Computer%20Science/2023/TUT/Dissertation/Chapter%204%20-%20Design%20and%20implementation%20of%20LFTDO%20and%20Architecture/Ontology/209332175_LFTDO_V0.12.owl
Worksheet source: C:\Users\s2024165\OneDrive - SARS\Personal\Personal\Masters in Computer Science\2023\TUT\Dissertation\Chapter 7 - Artefacts Evaluations (Architecture and LFTDO)\Empirical Data\Master Data\15.Indicators_LoadData.xlsx
Transformation rules: C:\Users\s2024165\OneDrive - SARS\Personal\Personal\Masters in Computer Science\2023\TUT\Dissertation\Chapter 7 - Artefacts Evaluations (Architecture and LFTDO)\Empirical Data\Master Data\15.Indicators_MAPPING_RULE_MAPPING.json

# Cell range: (Data!A2:D+) Comment: ""
# Individual: @A10  Annotations: rdfs:label @A10 Types: @B10 Facts: triggersAlertLevel @C10(xsd:string),isDetectedBy @D10

Individual: FeverIndicator  # Generated from value "FeverIndicator" located at cell 'Data'!A10.
   Facts: triggersAlertLevel "Low"  # Generated from value "Low" located at cell 'Data'!C10.,
         isDetectedBy "HealthDetectionMethod"  # Generated from value "HealthDetectionMethod" located at cell 'Data'!D10.
   Types: HealthIndicator
   Annotations: rdfs:label "FeverIndicator"
Individual: FeverIndicator  # Generated from value "FeverIndicator" located at cell 'Data'!A10.
   Facts: triggersAlertLevel "Low"  # Generated from value "Low" located at cell 'Data'!C10.,
         isDetectedBy "HealthDetectionMethod"  # Generated from value "HealthDetectionMethod" located at cell 'Data'!D10.
   Types: HealthIndicator
   Annotations: rdfs:label "FeverIndicator"
Individual: FeverIndicator  # Generated from value "FeverIndicator" located at cell 'Data'!A10.
   Facts: triggersAlertLevel "Low"  # Generated from value "Low" located at cell 'Data'!C10.,
         isDetectedBy "HealthDetectionMethod"  # Generated from value "HealthDetectionMethod" located at cell 'Data'!D10.
   Types: HealthIndicator
   Annotations: rdfs:label "FeverIndicator"
Individual: FeverIndicator  # Generated from value "FeverIndicator" located at cell 'Data'!A10.
   Facts: triggersAlertLevel "Low"  # Generated from value "Low" located at cell 'Data'!C10.,
         isDetectedBy "HealthDetectionMethod"  # Generated from value "HealthDetectionMethod" located at cell 'Data'!D10.
   Types: HealthIndicator
   Annotations: rdfs:label "FeverIndicator"
Individual: FeverIndicator  # Generated from value "FeverIndicator" located at cell 'Data'!A10.
   Facts: triggersAlertLevel "Low"  # Generated from value "Low" located at cell 'Data'!C10.,
         isDetectedBy "HealthDetectionMethod"  # Generated from value "HealthDetectionMethod" located at cell 'Data'!D10.
   Types: HealthIndicator
   Annotations: rdfs:label "FeverIndicator"
Individual: FeverIndicator  # Generated from value "FeverIndicator" located at cell 'Data'!A10.
   Facts: triggersAlertLevel "Low"  # Generated from value "Low" located at cell 'Data'!C10.,
         isDetectedBy "HealthDetectionMethod"  # Generated from value "HealthDetectionMethod" located at cell 'Data'!D10.
   Types: HealthIndicator
   Annotations: rdfs:label "FeverIndicator"
Individual: FeverIndicator  # Generated from value "FeverIndicator" located at cell 'Data'!A10.
   Facts: triggersAlertLevel "Low"  # Generated from value "Low" located at cell 'Data'!C10.,
         isDetectedBy "HealthDetectionMethod"  # Generated from value "HealthDetectionMethod" located at cell 'Data'!D10.
   Types: HealthIndicator
   Annotations: rdfs:label "FeverIndicator"
Individual: FeverIndicator  # Generated from value "FeverIndicator" located at cell 'Data'!A10.
   Facts: triggersAlertLevel "Low"  # Generated from value "Low" located at cell 'Data'!C10.,
         isDetectedBy "HealthDetectionMethod"  # Generated from value "HealthDetectionMethod" located at cell 'Data'!D10.
   Types: HealthIndicator
   Annotations: rdfs:label "FeverIndicator"
Individual: FeverIndicator  # Generated from value "FeverIndicator" located at cell 'Data'!A10.
   Facts: triggersAlertLevel "Low"  # Generated from value "Low" located at cell 'Data'!C10.,
         isDetectedBy "HealthDetectionMethod"  # Generated from value "HealthDetectionMethod" located at cell 'Data'!D10.
   Types: HealthIndicator
   Annotations: rdfs:label "FeverIndicator"
Individual: FeverIndicator  # Generated from value "FeverIndicator" located at cell 'Data'!A10.
   Facts: triggersAlertLevel "Low"  # Generated from value "Low" located at cell 'Data'!C10.,
         isDetectedBy "HealthDetectionMethod"  # Generated from value "HealthDetectionMethod" located at cell 'Data'!D10.
   Types: HealthIndicator
   Annotations: rdfs:label "FeverIndicator"
Individual: FeverIndicator  # Generated from value "FeverIndicator" located at cell 'Data'!A10.
   Facts: triggersAlertLevel "Low"  # Generated from value "Low" located at cell 'Data'!C10.,
         isDetectedBy "HealthDetectionMethod"  # Generated from value "HealthDetectionMethod" located at cell 'Data'!D10.
   Types: HealthIndicator
   Annotations: rdfs:label "FeverIndicator"
Individual: FeverIndicator  # Generated from value "FeverIndicator" located at cell 'Data'!A10.
   Facts: triggersAlertLevel "Low"  # Generated from value "Low" located at cell 'Data'!C10.,
         isDetectedBy "HealthDetectionMethod"  # Generated from value "HealthDetectionMethod" located at cell 'Data'!D10.
   Types: HealthIndicator
   Annotations: rdfs:label "FeverIndicator"
Individual: FeverIndicator  # Generated from value "FeverIndicator" located at cell 'Data'!A10.
   Facts: triggersAlertLevel "Low"  # Generated from value "Low" located at cell 'Data'!C10.,
         isDetectedBy "HealthDetectionMethod"  # Generated from value "HealthDetectionMethod" located at cell 'Data'!D10.
   Types: HealthIndicator
   Annotations: rdfs:label "FeverIndicator"
Individual: FeverIndicator  # Generated from value "FeverIndicator" located at cell 'Data'!A10.
   Facts: triggersAlertLevel "Low"  # Generated from value "Low" located at cell 'Data'!C10.,
         isDetectedBy "HealthDetectionMethod"  # Generated from value "HealthDetectionMethod" located at cell 'Data'!D10.
   Types: HealthIndicator
   Annotations: rdfs:label "FeverIndicator"
Individual: FeverIndicator  # Generated from value "FeverIndicator" located at cell 'Data'!A10.
   Facts: triggersAlertLevel "Low"  # Generated from value "Low" located at cell 'Data'!C10.,
         isDetectedBy "HealthDetectionMethod"  # Generated from value "HealthDetectionMethod" located at cell 'Data'!D10.
   Types: HealthIndicator
   Annotations: rdfs:label "FeverIndicator"
Individual: FeverIndicator  # Generated from value "FeverIndicator" located at cell 'Data'!A10.
   Facts: triggersAlertLevel "Low"  # Generated from value "Low" located at cell 'Data'!C10.,
         isDetectedBy "HealthDetectionMethod"  # Generated from value "HealthDetectionMethod" located at cell 'Data'!D10.
   Types: HealthIndicator
   Annotations: rdfs:label "FeverIndicator"
Individual: FeverIndicator  # Generated from value "FeverIndicator" located at cell 'Data'!A10.
   Facts: triggersAlertLevel "Low"  # Generated from value "Low" located at cell 'Data'!C10.,
         isDetectedBy "HealthDetectionMethod"  # Generated from value "HealthDetectionMethod" located at cell 'Data'!D10.
   Types: HealthIndicator
   Annotations: rdfs:label "FeverIndicator"
Individual: FeverIndicator  # Generated from value "FeverIndicator" located at cell 'Data'!A10.
   Facts: triggersAlertLevel "Low"  # Generated from value "Low" located at cell 'Data'!C10.,
         isDetectedBy "HealthDetectionMethod"  # Generated from value "HealthDetectionMethod" located at cell 'Data'!D10.
   Types: HealthIndicator
   Annotations: rdfs:label "FeverIndicator"
Individual: FeverIndicator  # Generated from value "FeverIndicator" located at cell 'Data'!A10.
   Facts: triggersAlertLevel "Low"  # Generated from value "Low" located at cell 'Data'!C10.,
         isDetectedBy "HealthDetectionMethod"  # Generated from value "HealthDetectionMethod" located at cell 'Data'!D10.
   Types: HealthIndicator
   Annotations: rdfs:label "FeverIndicator"
Individual: FeverIndicator  # Generated from value "FeverIndicator" located at cell 'Data'!A10.
   Facts: triggersAlertLevel "Low"  # Generated from value "Low" located at cell 'Data'!C10.,
         isDetectedBy "HealthDetectionMethod"  # Generated from value "HealthDetectionMethod" located at cell 'Data'!D10.
   Types: HealthIndicator
   Annotations: rdfs:label "FeverIndicator"
Individual: FeverIndicator  # Generated from value "FeverIndicator" located at cell 'Data'!A10.
   Facts: triggersAlertLevel "Low"  # Generated from value "Low" located at cell 'Data'!C10.,
         isDetectedBy "HealthDetectionMethod"  # Generated from value "HealthDetectionMethod" located at cell 'Data'!D10.
   Types: HealthIndicator
   Annotations: rdfs:label "FeverIndicator"
Individual: FeverIndicator  # Generated from value "FeverIndicator" located at cell 'Data'!A10.
   Facts: triggersAlertLevel "Low"  # Generated from value "Low" located at cell 'Data'!C10.,
         isDetectedBy "HealthDetectionMethod"  # Generated from value "HealthDetectionMethod" located at cell 'Data'!D10.
   Types: HealthIndicator
   Annotations: rdfs:label "FeverIndicator"
Individual: FeverIndicator  # Generated from value "FeverIndicator" located at cell 'Data'!A10.
   Facts: triggersAlertLevel "Low"  # Generated from value "Low" located at cell 'Data'!C10.,
         isDetectedBy "HealthDetectionMethod"  # Generated from value "HealthDetectionMethod" located at cell 'Data'!D10.
   Types: HealthIndicator
   Annotations: rdfs:label "FeverIndicator"
Individual: FeverIndicator  # Generated from value "FeverIndicator" located at cell 'Data'!A10.
   Facts: triggersAlertLevel "Low"  # Generated from value "Low" located at cell 'Data'!C10.,
         isDetectedBy "HealthDetectionMethod"  # Generated from value "HealthDetectionMethod" located at cell 'Data'!D10.
   Types: HealthIndicator
   Annotations: rdfs:label "FeverIndicator"
Individual: FeverIndicator  # Generated from value "FeverIndicator" located at cell 'Data'!A10.
   Facts: triggersAlertLevel "Low"  # Generated from value "Low" located at cell 'Data'!C10.,
         isDetectedBy "HealthDetectionMethod"  # Generated from value "HealthDetectionMethod" located at cell 'Data'!D10.
   Types: HealthIndicator
   Annotations: rdfs:label "FeverIndicator"
Individual: FeverIndicator  # Generated from value "FeverIndicator" located at cell 'Data'!A10.
   Facts: triggersAlertLevel "Low"  # Generated from value "Low" located at cell 'Data'!C10.,
         isDetectedBy "HealthDetectionMethod"  # Generated from value "HealthDetectionMethod" located at cell 'Data'!D10.
   Types: HealthIndicator
   Annotations: rdfs:label "FeverIndicator"
Individual: FeverIndicator  # Generated from value "FeverIndicator" located at cell 'Data'!A10.
   Facts: triggersAlertLevel "Low"  # Generated from value "Low" located at cell 'Data'!C10.,
         isDetectedBy "HealthDetectionMethod"  # Generated from value "HealthDetectionMethod" located at cell 'Data'!D10.
   Types: HealthIndicator
   Annotations: rdfs:label "FeverIndicator"
Individual: FeverIndicator  # Generated from value "FeverIndicator" located at cell 'Data'!A10.
   Facts: triggersAlertLevel "Low"  # Generated from value "Low" located at cell 'Data'!C10.,
         isDetectedBy "HealthDetectionMethod"  # Generated from value "HealthDetectionMethod" located at cell 'Data'!D10.
   Types: HealthIndicator
   Annotations: rdfs:label "FeverIndicator"
Individual: FeverIndicator  # Generated from value "FeverIndicator" located at cell 'Data'!A10.
   Facts: triggersAlertLevel "Low"  # Generated from value "Low" located at cell 'Data'!C10.,
         isDetectedBy "HealthDetectionMethod"  # Generated from value "HealthDetectionMethod" located at cell 'Data'!D10.
   Types: HealthIndicator
   Annotations: rdfs:label "FeverIndicator"
Individual: FeverIndicator  # Generated from value "FeverIndicator" located at cell 'Data'!A10.
   Facts: triggersAlertLevel "Low"  # Generated from value "Low" located at cell 'Data'!C10.,
         isDetectedBy "HealthDetectionMethod"  # Generated from value "HealthDetectionMethod" located at cell 'Data'!D10.
   Types: HealthIndicator
   Annotations: rdfs:label "FeverIndicator"
Individual: FeverIndicator  # Generated from value "FeverIndicator" located at cell 'Data'!A10.
   Facts: triggersAlertLevel "Low"  # Generated from value "Low" located at cell 'Data'!C10.,
         isDetectedBy "HealthDetectionMethod"  # Generated from value "HealthDetectionMethod" located at cell 'Data'!D10.
   Types: HealthIndicator
   Annotations: rdfs:label "FeverIndicator"
Individual: FeverIndicator  # Generated from value "FeverIndicator" located at cell 'Data'!A10.
   Facts: triggersAlertLevel "Low"  # Generated from value "Low" located at cell 'Data'!C10.,
         isDetectedBy "HealthDetectionMethod"  # Generated from value "HealthDetectionMethod" located at cell 'Data'!D10.
   Types: HealthIndicator
   Annotations: rdfs:label "FeverIndicator"
Individual: FeverIndicator  # Generated from value "FeverIndicator" located at cell 'Data'!A10.
   Facts: triggersAlertLevel "Low"  # Generated from value "Low" located at cell 'Data'!C10.,
         isDetectedBy "HealthDetectionMethod"  # Generated from value "HealthDetectionMethod" located at cell 'Data'!D10.
   Types: HealthIndicator
   Annotations: rdfs:label "FeverIndicator"
Individual: FeverIndicator  # Generated from value "FeverIndicator" located at cell 'Data'!A10.
   Facts: triggersAlertLevel "Low"  # Generated from value "Low" located at cell 'Data'!C10.,
         isDetectedBy "HealthDetectionMethod"  # Generated from value "HealthDetectionMethod" located at cell 'Data'!D10.
   Types: HealthIndicator
   Annotations: rdfs:label "FeverIndicator"
Individual: FeverIndicator  # Generated from value "FeverIndicator" located at cell 'Data'!A10.
   Facts: triggersAlertLevel "Low"  # Generated from value "Low" located at cell 'Data'!C10.,
         isDetectedBy "HealthDetectionMethod"  # Generated from value "HealthDetectionMethod" located at cell 'Data'!D10.
   Types: HealthIndicator
   Annotations: rdfs:label "FeverIndicator"
Individual: FeverIndicator  # Generated from value "FeverIndicator" located at cell 'Data'!A10.
   Facts: triggersAlertLevel "Low"  # Generated from value "Low" located at cell 'Data'!C10.,
         isDetectedBy "HealthDetectionMethod"  # Generated from value "HealthDetectionMethod" located at cell 'Data'!D10.
   Types: HealthIndicator
   Annotations: rdfs:label "FeverIndicator"

===========================================================================================================
Date: 2026-05-30 10:09:18
Ontology source: /C:/Users/s2024165/OneDrive%20-%20SARS/Personal/Personal/Masters%20in%20Computer%20Science/2023/TUT/Dissertation/Chapter%204%20-%20Design%20and%20implementation%20of%20LFTDO%20and%20Architecture/Ontology/209332175_LFTDO_V0.12.owl
Worksheet source: C:\Users\s2024165\OneDrive - SARS\Personal\Personal\Masters in Computer Science\2023\TUT\Dissertation\Chapter 7 - Artefacts Evaluations (Architecture and LFTDO)\Empirical Data\Master Data\10.Events_LoadData.xlsx
Transformation rules: C:\Users\s2024165\OneDrive - SARS\Personal\Personal\Masters in Computer Science\2023\TUT\Dissertation\Chapter 7 - Artefacts Evaluations (Architecture and LFTDO)\Empirical Data\Master Data\10.Events_LoadData_RULE_MAPPING.json

# Cell range: (Data!A2:E+) Comment: ""
# Individual: @A8 Annotations: rdfs:label @A8 Types: @B8 Facts: isDetectedBy @C8,isSupportedBy @D8,isRecordedIn @E8

Individual: EscapedEvent  # Generated from value "EscapedEvent" located at cell 'Data'!A8.
   Facts: isDetectedBy "EscapeDetectionMethod"  # Generated from value "EscapeDetectionMethod" located at cell 'Data'!C8.,
         isSupportedBy "EscapedActivityIndicator"  # Generated from value "EscapedActivityIndicator" located at cell 'Data'!D8.,
         isRecordedIn "Database001"  # Generated from value "Database001" located at cell 'Data'!E8.
   Types: EscapedLivestock
   Annotations: rdfs:label "EscapedEvent"
Individual: EscapedEvent  # Generated from value "EscapedEvent" located at cell 'Data'!A8.
   Facts: isDetectedBy "EscapeDetectionMethod"  # Generated from value "EscapeDetectionMethod" located at cell 'Data'!C8.,
         isSupportedBy "EscapedActivityIndicator"  # Generated from value "EscapedActivityIndicator" located at cell 'Data'!D8.,
         isRecordedIn "Database001"  # Generated from value "Database001" located at cell 'Data'!E8.
   Types: EscapedLivestock
   Annotations: rdfs:label "EscapedEvent"
Individual: EscapedEvent  # Generated from value "EscapedEvent" located at cell 'Data'!A8.
   Facts: isDetectedBy "EscapeDetectionMethod"  # Generated from value "EscapeDetectionMethod" located at cell 'Data'!C8.,
         isSupportedBy "EscapedActivityIndicator"  # Generated from value "EscapedActivityIndicator" located at cell 'Data'!D8.,
         isRecordedIn "Database001"  # Generated from value "Database001" located at cell 'Data'!E8.
   Types: EscapedLivestock
   Annotations: rdfs:label "EscapedEvent"
Individual: EscapedEvent  # Generated from value "EscapedEvent" located at cell 'Data'!A8.
   Facts: isDetectedBy "EscapeDetectionMethod"  # Generated from value "EscapeDetectionMethod" located at cell 'Data'!C8.,
         isSupportedBy "EscapedActivityIndicator"  # Generated from value "EscapedActivityIndicator" located at cell 'Data'!D8.,
         isRecordedIn "Database001"  # Generated from value "Database001" located at cell 'Data'!E8.
   Types: EscapedLivestock
   Annotations: rdfs:label "EscapedEvent"
Individual: EscapedEvent  # Generated from value "EscapedEvent" located at cell 'Data'!A8.
   Facts: isDetectedBy "EscapeDetectionMethod"  # Generated from value "EscapeDetectionMethod" located at cell 'Data'!C8.,
         isSupportedBy "EscapedActivityIndicator"  # Generated from value "EscapedActivityIndicator" located at cell 'Data'!D8.,
         isRecordedIn "Database001"  # Generated from value "Database001" located at cell 'Data'!E8.
   Types: EscapedLivestock
   Annotations: rdfs:label "EscapedEvent"
Individual: EscapedEvent  # Generated from value "EscapedEvent" located at cell 'Data'!A8.
   Facts: isDetectedBy "EscapeDetectionMethod"  # Generated from value "EscapeDetectionMethod" located at cell 'Data'!C8.,
         isSupportedBy "EscapedActivityIndicator"  # Generated from value "EscapedActivityIndicator" located at cell 'Data'!D8.,
         isRecordedIn "Database001"  # Generated from value "Database001" located at cell 'Data'!E8.
   Types: EscapedLivestock
   Annotations: rdfs:label "EscapedEvent"
Individual: EscapedEvent  # Generated from value "EscapedEvent" located at cell 'Data'!A8.
   Facts: isDetectedBy "EscapeDetectionMethod"  # Generated from value "EscapeDetectionMethod" located at cell 'Data'!C8.,
         isSupportedBy "EscapedActivityIndicator"  # Generated from value "EscapedActivityIndicator" located at cell 'Data'!D8.,
         isRecordedIn "Database001"  # Generated from value "Database001" located at cell 'Data'!E8.
   Types: EscapedLivestock
   Annotations: rdfs:label "EscapedEvent"
Individual: EscapedEvent  # Generated from value "EscapedEvent" located at cell 'Data'!A8.
   Facts: isDetectedBy "EscapeDetectionMethod"  # Generated from value "EscapeDetectionMethod" located at cell 'Data'!C8.,
         isSupportedBy "EscapedActivityIndicator"  # Generated from value "EscapedActivityIndicator" located at cell 'Data'!D8.,
         isRecordedIn "Database001"  # Generated from value "Database001" located at cell 'Data'!E8.
   Types: EscapedLivestock
   Annotations: rdfs:label "EscapedEvent"
Individual: EscapedEvent  # Generated from value "EscapedEvent" located at cell 'Data'!A8.
   Facts: isDetectedBy "EscapeDetectionMethod"  # Generated from value "EscapeDetectionMethod" located at cell 'Data'!C8.,
         isSupportedBy "EscapedActivityIndicator"  # Generated from value "EscapedActivityIndicator" located at cell 'Data'!D8.,
         isRecordedIn "Database001"  # Generated from value "Database001" located at cell 'Data'!E8.
   Types: EscapedLivestock
   Annotations: rdfs:label "EscapedEvent"
Individual: EscapedEvent  # Generated from value "EscapedEvent" located at cell 'Data'!A8.
   Facts: isDetectedBy "EscapeDetectionMethod"  # Generated from value "EscapeDetectionMethod" located at cell 'Data'!C8.,
         isSupportedBy "EscapedActivityIndicator"  # Generated from value "EscapedActivityIndicator" located at cell 'Data'!D8.,
         isRecordedIn "Database001"  # Generated from value "Database001" located at cell 'Data'!E8.
   Types: EscapedLivestock
   Annotations: rdfs:label "EscapedEvent"
Individual: EscapedEvent  # Generated from value "EscapedEvent" located at cell 'Data'!A8.
   Facts: isDetectedBy "EscapeDetectionMethod"  # Generated from value "EscapeDetectionMethod" located at cell 'Data'!C8.,
         isSupportedBy "EscapedActivityIndicator"  # Generated from value "EscapedActivityIndicator" located at cell 'Data'!D8.,
         isRecordedIn "Database001"  # Generated from value "Database001" located at cell 'Data'!E8.
   Types: EscapedLivestock
   Annotations: rdfs:label "EscapedEvent"
Individual: EscapedEvent  # Generated from value "EscapedEvent" located at cell 'Data'!A8.
   Facts: isDetectedBy "EscapeDetectionMethod"  # Generated from value "EscapeDetectionMethod" located at cell 'Data'!C8.,
         isSupportedBy "EscapedActivityIndicator"  # Generated from value "EscapedActivityIndicator" located at cell 'Data'!D8.,
         isRecordedIn "Database001"  # Generated from value "Database001" located at cell 'Data'!E8.
   Types: EscapedLivestock
   Annotations: rdfs:label "EscapedEvent"
Individual: EscapedEvent  # Generated from value "EscapedEvent" located at cell 'Data'!A8.
   Facts: isDetectedBy "EscapeDetectionMethod"  # Generated from value "EscapeDetectionMethod" located at cell 'Data'!C8.,
         isSupportedBy "EscapedActivityIndicator"  # Generated from value "EscapedActivityIndicator" located at cell 'Data'!D8.,
         isRecordedIn "Database001"  # Generated from value "Database001" located at cell 'Data'!E8.
   Types: EscapedLivestock
   Annotations: rdfs:label "EscapedEvent"
Individual: EscapedEvent  # Generated from value "EscapedEvent" located at cell 'Data'!A8.
   Facts: isDetectedBy "EscapeDetectionMethod"  # Generated from value "EscapeDetectionMethod" located at cell 'Data'!C8.,
         isSupportedBy "EscapedActivityIndicator"  # Generated from value "EscapedActivityIndicator" located at cell 'Data'!D8.,
         isRecordedIn "Database001"  # Generated from value "Database001" located at cell 'Data'!E8.
   Types: EscapedLivestock
   Annotations: rdfs:label "EscapedEvent"
Individual: EscapedEvent  # Generated from value "EscapedEvent" located at cell 'Data'!A8.
   Facts: isDetectedBy "EscapeDetectionMethod"  # Generated from value "EscapeDetectionMethod" located at cell 'Data'!C8.,
         isSupportedBy "EscapedActivityIndicator"  # Generated from value "EscapedActivityIndicator" located at cell 'Data'!D8.,
         isRecordedIn "Database001"  # Generated from value "Database001" located at cell 'Data'!E8.
   Types: EscapedLivestock
   Annotations: rdfs:label "EscapedEvent"
Individual: EscapedEvent  # Generated from value "EscapedEvent" located at cell 'Data'!A8.
   Facts: isDetectedBy "EscapeDetectionMethod"  # Generated from value "EscapeDetectionMethod" located at cell 'Data'!C8.,
         isSupportedBy "EscapedActivityIndicator"  # Generated from value "EscapedActivityIndicator" located at cell 'Data'!D8.,
         isRecordedIn "Database001"  # Generated from value "Database001" located at cell 'Data'!E8.
   Types: EscapedLivestock
   Annotations: rdfs:label "EscapedEvent"
Individual: EscapedEvent  # Generated from value "EscapedEvent" located at cell 'Data'!A8.
   Facts: isDetectedBy "EscapeDetectionMethod"  # Generated from value "EscapeDetectionMethod" located at cell 'Data'!C8.,
         isSupportedBy "EscapedActivityIndicator"  # Generated from value "EscapedActivityIndicator" located at cell 'Data'!D8.,
         isRecordedIn "Database001"  # Generated from value "Database001" located at cell 'Data'!E8.
   Types: EscapedLivestock
   Annotations: rdfs:label "EscapedEvent"
Individual: EscapedEvent  # Generated from value "EscapedEvent" located at cell 'Data'!A8.
   Facts: isDetectedBy "EscapeDetectionMethod"  # Generated from value "EscapeDetectionMethod" located at cell 'Data'!C8.,
         isSupportedBy "EscapedActivityIndicator"  # Generated from value "EscapedActivityIndicator" located at cell 'Data'!D8.,
         isRecordedIn "Database001"  # Generated from value "Database001" located at cell 'Data'!E8.
   Types: EscapedLivestock
   Annotations: rdfs:label "EscapedEvent"
Individual: EscapedEvent  # Generated from value "EscapedEvent" located at cell 'Data'!A8.
   Facts: isDetectedBy "EscapeDetectionMethod"  # Generated from value "EscapeDetectionMethod" located at cell 'Data'!C8.,
         isSupportedBy "EscapedActivityIndicator"  # Generated from value "EscapedActivityIndicator" located at cell 'Data'!D8.,
         isRecordedIn "Database001"  # Generated from value "Database001" located at cell 'Data'!E8.
   Types: EscapedLivestock
   Annotations: rdfs:label "EscapedEvent"
Individual: EscapedEvent  # Generated from value "EscapedEvent" located at cell 'Data'!A8.
   Facts: isDetectedBy "EscapeDetectionMethod"  # Generated from value "EscapeDetectionMethod" located at cell 'Data'!C8.,
         isSupportedBy "EscapedActivityIndicator"  # Generated from value "EscapedActivityIndicator" located at cell 'Data'!D8.,
         isRecordedIn "Database001"  # Generated from value "Database001" located at cell 'Data'!E8.
   Types: EscapedLivestock
   Annotations: rdfs:label "EscapedEvent"
Individual: EscapedEvent  # Generated from value "EscapedEvent" located at cell 'Data'!A8.
   Facts: isDetectedBy "EscapeDetectionMethod"  # Generated from value "EscapeDetectionMethod" located at cell 'Data'!C8.,
         isSupportedBy "EscapedActivityIndicator"  # Generated from value "EscapedActivityIndicator" located at cell 'Data'!D8.,
         isRecordedIn "Database001"  # Generated from value "Database001" located at cell 'Data'!E8.
   Types: EscapedLivestock
   Annotations: rdfs:label "EscapedEvent"
Individual: EscapedEvent  # Generated from value "EscapedEvent" located at cell 'Data'!A8.
   Facts: isDetectedBy "EscapeDetectionMethod"  # Generated from value "EscapeDetectionMethod" located at cell 'Data'!C8.,
         isSupportedBy "EscapedActivityIndicator"  # Generated from value "EscapedActivityIndicator" located at cell 'Data'!D8.,
         isRecordedIn "Database001"  # Generated from value "Database001" located at cell 'Data'!E8.
   Types: EscapedLivestock
   Annotations: rdfs:label "EscapedEvent"
Individual: EscapedEvent  # Generated from value "EscapedEvent" located at cell 'Data'!A8.
   Facts: isDetectedBy "EscapeDetectionMethod"  # Generated from value "EscapeDetectionMethod" located at cell 'Data'!C8.,
         isSupportedBy "EscapedActivityIndicator"  # Generated from value "EscapedActivityIndicator" located at cell 'Data'!D8.,
         isRecordedIn "Database001"  # Generated from value "Database001" located at cell 'Data'!E8.
   Types: EscapedLivestock
   Annotations: rdfs:label "EscapedEvent"
Individual: EscapedEvent  # Generated from value "EscapedEvent" located at cell 'Data'!A8.
   Facts: isDetectedBy "EscapeDetectionMethod"  # Generated from value "EscapeDetectionMethod" located at cell 'Data'!C8.,
         isSupportedBy "EscapedActivityIndicator"  # Generated from value "EscapedActivityIndicator" located at cell 'Data'!D8.,
         isRecordedIn "Database001"  # Generated from value "Database001" located at cell 'Data'!E8.
   Types: EscapedLivestock
   Annotations: rdfs:label "EscapedEvent"
Individual: EscapedEvent  # Generated from value "EscapedEvent" located at cell 'Data'!A8.
   Facts: isDetectedBy "EscapeDetectionMethod"  # Generated from value "EscapeDetectionMethod" located at cell 'Data'!C8.,
         isSupportedBy "EscapedActivityIndicator"  # Generated from value "EscapedActivityIndicator" located at cell 'Data'!D8.,
         isRecordedIn "Database001"  # Generated from value "Database001" located at cell 'Data'!E8.
   Types: EscapedLivestock
   Annotations: rdfs:label "EscapedEvent"
Individual: EscapedEvent  # Generated from value "EscapedEvent" located at cell 'Data'!A8.
   Facts: isDetectedBy "EscapeDetectionMethod"  # Generated from value "EscapeDetectionMethod" located at cell 'Data'!C8.,
         isSupportedBy "EscapedActivityIndicator"  # Generated from value "EscapedActivityIndicator" located at cell 'Data'!D8.,
         isRecordedIn "Database001"  # Generated from value "Database001" located at cell 'Data'!E8.
   Types: EscapedLivestock
   Annotations: rdfs:label "EscapedEvent"
Individual: EscapedEvent  # Generated from value "EscapedEvent" located at cell 'Data'!A8.
   Facts: isDetectedBy "EscapeDetectionMethod"  # Generated from value "EscapeDetectionMethod" located at cell 'Data'!C8.,
         isSupportedBy "EscapedActivityIndicator"  # Generated from value "EscapedActivityIndicator" located at cell 'Data'!D8.,
         isRecordedIn "Database001"  # Generated from value "Database001" located at cell 'Data'!E8.
   Types: EscapedLivestock
   Annotations: rdfs:label "EscapedEvent"
Individual: EscapedEvent  # Generated from value "EscapedEvent" located at cell 'Data'!A8.
   Facts: isDetectedBy "EscapeDetectionMethod"  # Generated from value "EscapeDetectionMethod" located at cell 'Data'!C8.,
         isSupportedBy "EscapedActivityIndicator"  # Generated from value "EscapedActivityIndicator" located at cell 'Data'!D8.,
         isRecordedIn "Database001"  # Generated from value "Database001" located at cell 'Data'!E8.
   Types: EscapedLivestock
   Annotations: rdfs:label "EscapedEvent"
Individual: EscapedEvent  # Generated from value "EscapedEvent" located at cell 'Data'!A8.
   Facts: isDetectedBy "EscapeDetectionMethod"  # Generated from value "EscapeDetectionMethod" located at cell 'Data'!C8.,
         isSupportedBy "EscapedActivityIndicator"  # Generated from value "EscapedActivityIndicator" located at cell 'Data'!D8.,
         isRecordedIn "Database001"  # Generated from value "Database001" located at cell 'Data'!E8.
   Types: EscapedLivestock
   Annotations: rdfs:label "EscapedEvent"
Individual: EscapedEvent  # Generated from value "EscapedEvent" located at cell 'Data'!A8.
   Facts: isDetectedBy "EscapeDetectionMethod"  # Generated from value "EscapeDetectionMethod" located at cell 'Data'!C8.,
         isSupportedBy "EscapedActivityIndicator"  # Generated from value "EscapedActivityIndicator" located at cell 'Data'!D8.,
         isRecordedIn "Database001"  # Generated from value "Database001" located at cell 'Data'!E8.
   Types: EscapedLivestock
   Annotations: rdfs:label "EscapedEvent"
Individual: EscapedEvent  # Generated from value "EscapedEvent" located at cell 'Data'!A8.
   Facts: isDetectedBy "EscapeDetectionMethod"  # Generated from value "EscapeDetectionMethod" located at cell 'Data'!C8.,
         isSupportedBy "EscapedActivityIndicator"  # Generated from value "EscapedActivityIndicator" located at cell 'Data'!D8.,
         isRecordedIn "Database001"  # Generated from value "Database001" located at cell 'Data'!E8.
   Types: EscapedLivestock
   Annotations: rdfs:label "EscapedEvent"
Individual: EscapedEvent  # Generated from value "EscapedEvent" located at cell 'Data'!A8.
   Facts: isDetectedBy "EscapeDetectionMethod"  # Generated from value "EscapeDetectionMethod" located at cell 'Data'!C8.,
         isSupportedBy "EscapedActivityIndicator"  # Generated from value "EscapedActivityIndicator" located at cell 'Data'!D8.,
         isRecordedIn "Database001"  # Generated from value "Database001" located at cell 'Data'!E8.
   Types: EscapedLivestock
   Annotations: rdfs:label "EscapedEvent"
Individual: EscapedEvent  # Generated from value "EscapedEvent" located at cell 'Data'!A8.
   Facts: isDetectedBy "EscapeDetectionMethod"  # Generated from value "EscapeDetectionMethod" located at cell 'Data'!C8.,
         isSupportedBy "EscapedActivityIndicator"  # Generated from value "EscapedActivityIndicator" located at cell 'Data'!D8.,
         isRecordedIn "Database001"  # Generated from value "Database001" located at cell 'Data'!E8.
   Types: EscapedLivestock
   Annotations: rdfs:label "EscapedEvent"
Individual: EscapedEvent  # Generated from value "EscapedEvent" located at cell 'Data'!A8.
   Facts: isDetectedBy "EscapeDetectionMethod"  # Generated from value "EscapeDetectionMethod" located at cell 'Data'!C8.,
         isSupportedBy "EscapedActivityIndicator"  # Generated from value "EscapedActivityIndicator" located at cell 'Data'!D8.,
         isRecordedIn "Database001"  # Generated from value "Database001" located at cell 'Data'!E8.
   Types: EscapedLivestock
   Annotations: rdfs:label "EscapedEvent"
Individual: EscapedEvent  # Generated from value "EscapedEvent" located at cell 'Data'!A8.
   Facts: isDetectedBy "EscapeDetectionMethod"  # Generated from value "EscapeDetectionMethod" located at cell 'Data'!C8.,
         isSupportedBy "EscapedActivityIndicator"  # Generated from value "EscapedActivityIndicator" located at cell 'Data'!D8.,
         isRecordedIn "Database001"  # Generated from value "Database001" located at cell 'Data'!E8.
   Types: EscapedLivestock
   Annotations: rdfs:label "EscapedEvent"
Individual: EscapedEvent  # Generated from value "EscapedEvent" located at cell 'Data'!A8.
   Facts: isDetectedBy "EscapeDetectionMethod"  # Generated from value "EscapeDetectionMethod" located at cell 'Data'!C8.,
         isSupportedBy "EscapedActivityIndicator"  # Generated from value "EscapedActivityIndicator" located at cell 'Data'!D8.,
         isRecordedIn "Database001"  # Generated from value "Database001" located at cell 'Data'!E8.
   Types: EscapedLivestock
   Annotations: rdfs:label "EscapedEvent"
Individual: EscapedEvent  # Generated from value "EscapedEvent" located at cell 'Data'!A8.
   Facts: isDetectedBy "EscapeDetectionMethod"  # Generated from value "EscapeDetectionMethod" located at cell 'Data'!C8.,
         isSupportedBy "EscapedActivityIndicator"  # Generated from value "EscapedActivityIndicator" located at cell 'Data'!D8.,
         isRecordedIn "Database001"  # Generated from value "Database001" located at cell 'Data'!E8.
   Types: EscapedLivestock
   Annotations: rdfs:label "EscapedEvent"
Individual: EscapedEvent  # Generated from value "EscapedEvent" located at cell 'Data'!A8.
   Facts: isDetectedBy "EscapeDetectionMethod"  # Generated from value "EscapeDetectionMethod" located at cell 'Data'!C8.,
         isSupportedBy "EscapedActivityIndicator"  # Generated from value "EscapedActivityIndicator" located at cell 'Data'!D8.,
         isRecordedIn "Database001"  # Generated from value "Database001" located at cell 'Data'!E8.
   Types: EscapedLivestock
   Annotations: rdfs:label "EscapedEvent"
Individual: EscapedEvent  # Generated from value "EscapedEvent" located at cell 'Data'!A8.
   Facts: isDetectedBy "EscapeDetectionMethod"  # Generated from value "EscapeDetectionMethod" located at cell 'Data'!C8.,
         isSupportedBy "EscapedActivityIndicator"  # Generated from value "EscapedActivityIndicator" located at cell 'Data'!D8.,
         isRecordedIn "Database001"  # Generated from value "Database001" located at cell 'Data'!E8.
   Types: EscapedLivestock
   Annotations: rdfs:label "EscapedEvent"
Individual: EscapedEvent  # Generated from value "EscapedEvent" located at cell 'Data'!A8.
   Facts: isDetectedBy "EscapeDetectionMethod"  # Generated from value "EscapeDetectionMethod" located at cell 'Data'!C8.,
         isSupportedBy "EscapedActivityIndicator"  # Generated from value "EscapedActivityIndicator" located at cell 'Data'!D8.,
         isRecordedIn "Database001"  # Generated from value "Database001" located at cell 'Data'!E8.
   Types: EscapedLivestock
   Annotations: rdfs:label "EscapedEvent"

===========================================================================================================
Date: 2026-05-30 10:09:26
Ontology source: /C:/Users/s2024165/OneDrive%20-%20SARS/Personal/Personal/Masters%20in%20Computer%20Science/2023/TUT/Dissertation/Chapter%204%20-%20Design%20and%20implementation%20of%20LFTDO%20and%20Architecture/Ontology/209332175_LFTDO_V0.12.owl
Worksheet source: C:\Users\s2024165\OneDrive - SARS\Personal\Personal\Masters in Computer Science\2023\TUT\Dissertation\Chapter 7 - Artefacts Evaluations (Architecture and LFTDO)\Empirical Data\Master Data\10.Events_LoadData.xlsx
Transformation rules: C:\Users\s2024165\OneDrive - SARS\Personal\Personal\Masters in Computer Science\2023\TUT\Dissertation\Chapter 7 - Artefacts Evaluations (Architecture and LFTDO)\Empirical Data\Master Data\10.Events_LoadData_RULE_MAPPING.json

# Cell range: (Data!A2:E+) Comment: ""
# Individual: @A10 Annotations: rdfs:label @A10 Types: @B10 Facts: isDetectedBy @C10,isSupportedBy @D10,isRecordedIn @E10


===========================================================================================================
Date: 2026-05-30 10:10:29
Ontology source: /C:/Users/s2024165/OneDrive%20-%20SARS/Personal/Personal/Masters%20in%20Computer%20Science/2023/TUT/Dissertation/Chapter%204%20-%20Design%20and%20implementation%20of%20LFTDO%20and%20Architecture/Ontology/209332175_LFTDO_V0.12.owl
Worksheet source: C:\Users\s2024165\OneDrive - SARS\Personal\Personal\Masters in Computer Science\2023\TUT\Dissertation\Chapter 7 - Artefacts Evaluations (Architecture and LFTDO)\Empirical Data\Master Data\10.Events_LoadData.xlsx
Transformation rules: C:\Users\s2024165\OneDrive - SARS\Personal\Personal\Masters in Computer Science\2023\TUT\Dissertation\Chapter 7 - Artefacts Evaluations (Architecture and LFTDO)\Empirical Data\Master Data\10.Events_LoadData_RULE_MAPPING.json

# Cell range: (Data!A2:E+) Comment: ""
# Individual: @A9 Annotations: rdfs:label @A9 Types: @B9 Facts: isDetectedBy @C9,isSupportedBy @D9,isRecordedIn @E9

Individual: HighHealthAlertEvent  # Generated from value "HighHealthAlertEvent" located at cell 'Data'!A9.
   Facts: isDetectedBy "HealthDetectionMethod"  # Generated from value "HealthDetectionMethod" located at cell 'Data'!C9.,
         isSupportedBy "FeverIndicator"  # Generated from value "FeverIndicator" located at cell 'Data'!D9.,
         isRecordedIn "Database001"  # Generated from value "Database001" located at cell 'Data'!E9.
   Types: HealthAlertEvent
   Annotations: rdfs:label "HighHealthAlertEvent"
Individual: HighHealthAlertEvent  # Generated from value "HighHealthAlertEvent" located at cell 'Data'!A9.
   Facts: isDetectedBy "HealthDetectionMethod"  # Generated from value "HealthDetectionMethod" located at cell 'Data'!C9.,
         isSupportedBy "FeverIndicator"  # Generated from value "FeverIndicator" located at cell 'Data'!D9.,
         isRecordedIn "Database001"  # Generated from value "Database001" located at cell 'Data'!E9.
   Types: HealthAlertEvent
   Annotations: rdfs:label "HighHealthAlertEvent"
Individual: HighHealthAlertEvent  # Generated from value "HighHealthAlertEvent" located at cell 'Data'!A9.
   Facts: isDetectedBy "HealthDetectionMethod"  # Generated from value "HealthDetectionMethod" located at cell 'Data'!C9.,
         isSupportedBy "FeverIndicator"  # Generated from value "FeverIndicator" located at cell 'Data'!D9.,
         isRecordedIn "Database001"  # Generated from value "Database001" located at cell 'Data'!E9.
   Types: HealthAlertEvent
   Annotations: rdfs:label "HighHealthAlertEvent"
Individual: HighHealthAlertEvent  # Generated from value "HighHealthAlertEvent" located at cell 'Data'!A9.
   Facts: isDetectedBy "HealthDetectionMethod"  # Generated from value "HealthDetectionMethod" located at cell 'Data'!C9.,
         isSupportedBy "FeverIndicator"  # Generated from value "FeverIndicator" located at cell 'Data'!D9.,
         isRecordedIn "Database001"  # Generated from value "Database001" located at cell 'Data'!E9.
   Types: HealthAlertEvent
   Annotations: rdfs:label "HighHealthAlertEvent"
Individual: HighHealthAlertEvent  # Generated from value "HighHealthAlertEvent" located at cell 'Data'!A9.
   Facts: isDetectedBy "HealthDetectionMethod"  # Generated from value "HealthDetectionMethod" located at cell 'Data'!C9.,
         isSupportedBy "FeverIndicator"  # Generated from value "FeverIndicator" located at cell 'Data'!D9.,
         isRecordedIn "Database001"  # Generated from value "Database001" located at cell 'Data'!E9.
   Types: HealthAlertEvent
   Annotations: rdfs:label "HighHealthAlertEvent"
Individual: HighHealthAlertEvent  # Generated from value "HighHealthAlertEvent" located at cell 'Data'!A9.
   Facts: isDetectedBy "HealthDetectionMethod"  # Generated from value "HealthDetectionMethod" located at cell 'Data'!C9.,
         isSupportedBy "FeverIndicator"  # Generated from value "FeverIndicator" located at cell 'Data'!D9.,
         isRecordedIn "Database001"  # Generated from value "Database001" located at cell 'Data'!E9.
   Types: HealthAlertEvent
   Annotations: rdfs:label "HighHealthAlertEvent"
Individual: HighHealthAlertEvent  # Generated from value "HighHealthAlertEvent" located at cell 'Data'!A9.
   Facts: isDetectedBy "HealthDetectionMethod"  # Generated from value "HealthDetectionMethod" located at cell 'Data'!C9.,
         isSupportedBy "FeverIndicator"  # Generated from value "FeverIndicator" located at cell 'Data'!D9.,
         isRecordedIn "Database001"  # Generated from value "Database001" located at cell 'Data'!E9.
   Types: HealthAlertEvent
   Annotations: rdfs:label "HighHealthAlertEvent"
Individual: HighHealthAlertEvent  # Generated from value "HighHealthAlertEvent" located at cell 'Data'!A9.
   Facts: isDetectedBy "HealthDetectionMethod"  # Generated from value "HealthDetectionMethod" located at cell 'Data'!C9.,
         isSupportedBy "FeverIndicator"  # Generated from value "FeverIndicator" located at cell 'Data'!D9.,
         isRecordedIn "Database001"  # Generated from value "Database001" located at cell 'Data'!E9.
   Types: HealthAlertEvent
   Annotations: rdfs:label "HighHealthAlertEvent"
Individual: HighHealthAlertEvent  # Generated from value "HighHealthAlertEvent" located at cell 'Data'!A9.
   Facts: isDetectedBy "HealthDetectionMethod"  # Generated from value "HealthDetectionMethod" located at cell 'Data'!C9.,
         isSupportedBy "FeverIndicator"  # Generated from value "FeverIndicator" located at cell 'Data'!D9.,
         isRecordedIn "Database001"  # Generated from value "Database001" located at cell 'Data'!E9.
   Types: HealthAlertEvent
   Annotations: rdfs:label "HighHealthAlertEvent"
Individual: HighHealthAlertEvent  # Generated from value "HighHealthAlertEvent" located at cell 'Data'!A9.
   Facts: isDetectedBy "HealthDetectionMethod"  # Generated from value "HealthDetectionMethod" located at cell 'Data'!C9.,
         isSupportedBy "FeverIndicator"  # Generated from value "FeverIndicator" located at cell 'Data'!D9.,
         isRecordedIn "Database001"  # Generated from value "Database001" located at cell 'Data'!E9.
   Types: HealthAlertEvent
   Annotations: rdfs:label "HighHealthAlertEvent"
Individual: HighHealthAlertEvent  # Generated from value "HighHealthAlertEvent" located at cell 'Data'!A9.
   Facts: isDetectedBy "HealthDetectionMethod"  # Generated from value "HealthDetectionMethod" located at cell 'Data'!C9.,
         isSupportedBy "FeverIndicator"  # Generated from value "FeverIndicator" located at cell 'Data'!D9.,
         isRecordedIn "Database001"  # Generated from value "Database001" located at cell 'Data'!E9.
   Types: HealthAlertEvent
   Annotations: rdfs:label "HighHealthAlertEvent"
Individual: HighHealthAlertEvent  # Generated from value "HighHealthAlertEvent" located at cell 'Data'!A9.
   Facts: isDetectedBy "HealthDetectionMethod"  # Generated from value "HealthDetectionMethod" located at cell 'Data'!C9.,
         isSupportedBy "FeverIndicator"  # Generated from value "FeverIndicator" located at cell 'Data'!D9.,
         isRecordedIn "Database001"  # Generated from value "Database001" located at cell 'Data'!E9.
   Types: HealthAlertEvent
   Annotations: rdfs:label "HighHealthAlertEvent"
Individual: HighHealthAlertEvent  # Generated from value "HighHealthAlertEvent" located at cell 'Data'!A9.
   Facts: isDetectedBy "HealthDetectionMethod"  # Generated from value "HealthDetectionMethod" located at cell 'Data'!C9.,
         isSupportedBy "FeverIndicator"  # Generated from value "FeverIndicator" located at cell 'Data'!D9.,
         isRecordedIn "Database001"  # Generated from value "Database001" located at cell 'Data'!E9.
   Types: HealthAlertEvent
   Annotations: rdfs:label "HighHealthAlertEvent"
Individual: HighHealthAlertEvent  # Generated from value "HighHealthAlertEvent" located at cell 'Data'!A9.
   Facts: isDetectedBy "HealthDetectionMethod"  # Generated from value "HealthDetectionMethod" located at cell 'Data'!C9.,
         isSupportedBy "FeverIndicator"  # Generated from value "FeverIndicator" located at cell 'Data'!D9.,
         isRecordedIn "Database001"  # Generated from value "Database001" located at cell 'Data'!E9.
   Types: HealthAlertEvent
   Annotations: rdfs:label "HighHealthAlertEvent"
Individual: HighHealthAlertEvent  # Generated from value "HighHealthAlertEvent" located at cell 'Data'!A9.
   Facts: isDetectedBy "HealthDetectionMethod"  # Generated from value "HealthDetectionMethod" located at cell 'Data'!C9.,
         isSupportedBy "FeverIndicator"  # Generated from value "FeverIndicator" located at cell 'Data'!D9.,
         isRecordedIn "Database001"  # Generated from value "Database001" located at cell 'Data'!E9.
   Types: HealthAlertEvent
   Annotations: rdfs:label "HighHealthAlertEvent"
Individual: HighHealthAlertEvent  # Generated from value "HighHealthAlertEvent" located at cell 'Data'!A9.
   Facts: isDetectedBy "HealthDetectionMethod"  # Generated from value "HealthDetectionMethod" located at cell 'Data'!C9.,
         isSupportedBy "FeverIndicator"  # Generated from value "FeverIndicator" located at cell 'Data'!D9.,
         isRecordedIn "Database001"  # Generated from value "Database001" located at cell 'Data'!E9.
   Types: HealthAlertEvent
   Annotations: rdfs:label "HighHealthAlertEvent"
Individual: HighHealthAlertEvent  # Generated from value "HighHealthAlertEvent" located at cell 'Data'!A9.
   Facts: isDetectedBy "HealthDetectionMethod"  # Generated from value "HealthDetectionMethod" located at cell 'Data'!C9.,
         isSupportedBy "FeverIndicator"  # Generated from value "FeverIndicator" located at cell 'Data'!D9.,
         isRecordedIn "Database001"  # Generated from value "Database001" located at cell 'Data'!E9.
   Types: HealthAlertEvent
   Annotations: rdfs:label "HighHealthAlertEvent"
Individual: HighHealthAlertEvent  # Generated from value "HighHealthAlertEvent" located at cell 'Data'!A9.
   Facts: isDetectedBy "HealthDetectionMethod"  # Generated from value "HealthDetectionMethod" located at cell 'Data'!C9.,
         isSupportedBy "FeverIndicator"  # Generated from value "FeverIndicator" located at cell 'Data'!D9.,
         isRecordedIn "Database001"  # Generated from value "Database001" located at cell 'Data'!E9.
   Types: HealthAlertEvent
   Annotations: rdfs:label "HighHealthAlertEvent"
Individual: HighHealthAlertEvent  # Generated from value "HighHealthAlertEvent" located at cell 'Data'!A9.
   Facts: isDetectedBy "HealthDetectionMethod"  # Generated from value "HealthDetectionMethod" located at cell 'Data'!C9.,
         isSupportedBy "FeverIndicator"  # Generated from value "FeverIndicator" located at cell 'Data'!D9.,
         isRecordedIn "Database001"  # Generated from value "Database001" located at cell 'Data'!E9.
   Types: HealthAlertEvent
   Annotations: rdfs:label "HighHealthAlertEvent"
Individual: HighHealthAlertEvent  # Generated from value "HighHealthAlertEvent" located at cell 'Data'!A9.
   Facts: isDetectedBy "HealthDetectionMethod"  # Generated from value "HealthDetectionMethod" located at cell 'Data'!C9.,
         isSupportedBy "FeverIndicator"  # Generated from value "FeverIndicator" located at cell 'Data'!D9.,
         isRecordedIn "Database001"  # Generated from value "Database001" located at cell 'Data'!E9.
   Types: HealthAlertEvent
   Annotations: rdfs:label "HighHealthAlertEvent"
Individual: HighHealthAlertEvent  # Generated from value "HighHealthAlertEvent" located at cell 'Data'!A9.
   Facts: isDetectedBy "HealthDetectionMethod"  # Generated from value "HealthDetectionMethod" located at cell 'Data'!C9.,
         isSupportedBy "FeverIndicator"  # Generated from value "FeverIndicator" located at cell 'Data'!D9.,
         isRecordedIn "Database001"  # Generated from value "Database001" located at cell 'Data'!E9.
   Types: HealthAlertEvent
   Annotations: rdfs:label "HighHealthAlertEvent"
Individual: HighHealthAlertEvent  # Generated from value "HighHealthAlertEvent" located at cell 'Data'!A9.
   Facts: isDetectedBy "HealthDetectionMethod"  # Generated from value "HealthDetectionMethod" located at cell 'Data'!C9.,
         isSupportedBy "FeverIndicator"  # Generated from value "FeverIndicator" located at cell 'Data'!D9.,
         isRecordedIn "Database001"  # Generated from value "Database001" located at cell 'Data'!E9.
   Types: HealthAlertEvent
   Annotations: rdfs:label "HighHealthAlertEvent"
Individual: HighHealthAlertEvent  # Generated from value "HighHealthAlertEvent" located at cell 'Data'!A9.
   Facts: isDetectedBy "HealthDetectionMethod"  # Generated from value "HealthDetectionMethod" located at cell 'Data'!C9.,
         isSupportedBy "FeverIndicator"  # Generated from value "FeverIndicator" located at cell 'Data'!D9.,
         isRecordedIn "Database001"  # Generated from value "Database001" located at cell 'Data'!E9.
   Types: HealthAlertEvent
   Annotations: rdfs:label "HighHealthAlertEvent"
Individual: HighHealthAlertEvent  # Generated from value "HighHealthAlertEvent" located at cell 'Data'!A9.
   Facts: isDetectedBy "HealthDetectionMethod"  # Generated from value "HealthDetectionMethod" located at cell 'Data'!C9.,
         isSupportedBy "FeverIndicator"  # Generated from value "FeverIndicator" located at cell 'Data'!D9.,
         isRecordedIn "Database001"  # Generated from value "Database001" located at cell 'Data'!E9.
   Types: HealthAlertEvent
   Annotations: rdfs:label "HighHealthAlertEvent"
Individual: HighHealthAlertEvent  # Generated from value "HighHealthAlertEvent" located at cell 'Data'!A9.
   Facts: isDetectedBy "HealthDetectionMethod"  # Generated from value "HealthDetectionMethod" located at cell 'Data'!C9.,
         isSupportedBy "FeverIndicator"  # Generated from value "FeverIndicator" located at cell 'Data'!D9.,
         isRecordedIn "Database001"  # Generated from value "Database001" located at cell 'Data'!E9.
   Types: HealthAlertEvent
   Annotations: rdfs:label "HighHealthAlertEvent"
Individual: HighHealthAlertEvent  # Generated from value "HighHealthAlertEvent" located at cell 'Data'!A9.
   Facts: isDetectedBy "HealthDetectionMethod"  # Generated from value "HealthDetectionMethod" located at cell 'Data'!C9.,
         isSupportedBy "FeverIndicator"  # Generated from value "FeverIndicator" located at cell 'Data'!D9.,
         isRecordedIn "Database001"  # Generated from value "Database001" located at cell 'Data'!E9.
   Types: HealthAlertEvent
   Annotations: rdfs:label "HighHealthAlertEvent"
Individual: HighHealthAlertEvent  # Generated from value "HighHealthAlertEvent" located at cell 'Data'!A9.
   Facts: isDetectedBy "HealthDetectionMethod"  # Generated from value "HealthDetectionMethod" located at cell 'Data'!C9.,
         isSupportedBy "FeverIndicator"  # Generated from value "FeverIndicator" located at cell 'Data'!D9.,
         isRecordedIn "Database001"  # Generated from value "Database001" located at cell 'Data'!E9.
   Types: HealthAlertEvent
   Annotations: rdfs:label "HighHealthAlertEvent"
Individual: HighHealthAlertEvent  # Generated from value "HighHealthAlertEvent" located at cell 'Data'!A9.
   Facts: isDetectedBy "HealthDetectionMethod"  # Generated from value "HealthDetectionMethod" located at cell 'Data'!C9.,
         isSupportedBy "FeverIndicator"  # Generated from value "FeverIndicator" located at cell 'Data'!D9.,
         isRecordedIn "Database001"  # Generated from value "Database001" located at cell 'Data'!E9.
   Types: HealthAlertEvent
   Annotations: rdfs:label "HighHealthAlertEvent"
Individual: HighHealthAlertEvent  # Generated from value "HighHealthAlertEvent" located at cell 'Data'!A9.
   Facts: isDetectedBy "HealthDetectionMethod"  # Generated from value "HealthDetectionMethod" located at cell 'Data'!C9.,
         isSupportedBy "FeverIndicator"  # Generated from value "FeverIndicator" located at cell 'Data'!D9.,
         isRecordedIn "Database001"  # Generated from value "Database001" located at cell 'Data'!E9.
   Types: HealthAlertEvent
   Annotations: rdfs:label "HighHealthAlertEvent"
Individual: HighHealthAlertEvent  # Generated from value "HighHealthAlertEvent" located at cell 'Data'!A9.
   Facts: isDetectedBy "HealthDetectionMethod"  # Generated from value "HealthDetectionMethod" located at cell 'Data'!C9.,
         isSupportedBy "FeverIndicator"  # Generated from value "FeverIndicator" located at cell 'Data'!D9.,
         isRecordedIn "Database001"  # Generated from value "Database001" located at cell 'Data'!E9.
   Types: HealthAlertEvent
   Annotations: rdfs:label "HighHealthAlertEvent"
Individual: HighHealthAlertEvent  # Generated from value "HighHealthAlertEvent" located at cell 'Data'!A9.
   Facts: isDetectedBy "HealthDetectionMethod"  # Generated from value "HealthDetectionMethod" located at cell 'Data'!C9.,
         isSupportedBy "FeverIndicator"  # Generated from value "FeverIndicator" located at cell 'Data'!D9.,
         isRecordedIn "Database001"  # Generated from value "Database001" located at cell 'Data'!E9.
   Types: HealthAlertEvent
   Annotations: rdfs:label "HighHealthAlertEvent"
Individual: HighHealthAlertEvent  # Generated from value "HighHealthAlertEvent" located at cell 'Data'!A9.
   Facts: isDetectedBy "HealthDetectionMethod"  # Generated from value "HealthDetectionMethod" located at cell 'Data'!C9.,
         isSupportedBy "FeverIndicator"  # Generated from value "FeverIndicator" located at cell 'Data'!D9.,
         isRecordedIn "Database001"  # Generated from value "Database001" located at cell 'Data'!E9.
   Types: HealthAlertEvent
   Annotations: rdfs:label "HighHealthAlertEvent"
Individual: HighHealthAlertEvent  # Generated from value "HighHealthAlertEvent" located at cell 'Data'!A9.
   Facts: isDetectedBy "HealthDetectionMethod"  # Generated from value "HealthDetectionMethod" located at cell 'Data'!C9.,
         isSupportedBy "FeverIndicator"  # Generated from value "FeverIndicator" located at cell 'Data'!D9.,
         isRecordedIn "Database001"  # Generated from value "Database001" located at cell 'Data'!E9.
   Types: HealthAlertEvent
   Annotations: rdfs:label "HighHealthAlertEvent"
Individual: HighHealthAlertEvent  # Generated from value "HighHealthAlertEvent" located at cell 'Data'!A9.
   Facts: isDetectedBy "HealthDetectionMethod"  # Generated from value "HealthDetectionMethod" located at cell 'Data'!C9.,
         isSupportedBy "FeverIndicator"  # Generated from value "FeverIndicator" located at cell 'Data'!D9.,
         isRecordedIn "Database001"  # Generated from value "Database001" located at cell 'Data'!E9.
   Types: HealthAlertEvent
   Annotations: rdfs:label "HighHealthAlertEvent"
Individual: HighHealthAlertEvent  # Generated from value "HighHealthAlertEvent" located at cell 'Data'!A9.
   Facts: isDetectedBy "HealthDetectionMethod"  # Generated from value "HealthDetectionMethod" located at cell 'Data'!C9.,
         isSupportedBy "FeverIndicator"  # Generated from value "FeverIndicator" located at cell 'Data'!D9.,
         isRecordedIn "Database001"  # Generated from value "Database001" located at cell 'Data'!E9.
   Types: HealthAlertEvent
   Annotations: rdfs:label "HighHealthAlertEvent"
Individual: HighHealthAlertEvent  # Generated from value "HighHealthAlertEvent" located at cell 'Data'!A9.
   Facts: isDetectedBy "HealthDetectionMethod"  # Generated from value "HealthDetectionMethod" located at cell 'Data'!C9.,
         isSupportedBy "FeverIndicator"  # Generated from value "FeverIndicator" located at cell 'Data'!D9.,
         isRecordedIn "Database001"  # Generated from value "Database001" located at cell 'Data'!E9.
   Types: HealthAlertEvent
   Annotations: rdfs:label "HighHealthAlertEvent"
Individual: HighHealthAlertEvent  # Generated from value "HighHealthAlertEvent" located at cell 'Data'!A9.
   Facts: isDetectedBy "HealthDetectionMethod"  # Generated from value "HealthDetectionMethod" located at cell 'Data'!C9.,
         isSupportedBy "FeverIndicator"  # Generated from value "FeverIndicator" located at cell 'Data'!D9.,
         isRecordedIn "Database001"  # Generated from value "Database001" located at cell 'Data'!E9.
   Types: HealthAlertEvent
   Annotations: rdfs:label "HighHealthAlertEvent"
Individual: HighHealthAlertEvent  # Generated from value "HighHealthAlertEvent" located at cell 'Data'!A9.
   Facts: isDetectedBy "HealthDetectionMethod"  # Generated from value "HealthDetectionMethod" located at cell 'Data'!C9.,
         isSupportedBy "FeverIndicator"  # Generated from value "FeverIndicator" located at cell 'Data'!D9.,
         isRecordedIn "Database001"  # Generated from value "Database001" located at cell 'Data'!E9.
   Types: HealthAlertEvent
   Annotations: rdfs:label "HighHealthAlertEvent"
Individual: HighHealthAlertEvent  # Generated from value "HighHealthAlertEvent" located at cell 'Data'!A9.
   Facts: isDetectedBy "HealthDetectionMethod"  # Generated from value "HealthDetectionMethod" located at cell 'Data'!C9.,
         isSupportedBy "FeverIndicator"  # Generated from value "FeverIndicator" located at cell 'Data'!D9.,
         isRecordedIn "Database001"  # Generated from value "Database001" located at cell 'Data'!E9.
   Types: HealthAlertEvent
   Annotations: rdfs:label "HighHealthAlertEvent"
Individual: HighHealthAlertEvent  # Generated from value "HighHealthAlertEvent" located at cell 'Data'!A9.
   Facts: isDetectedBy "HealthDetectionMethod"  # Generated from value "HealthDetectionMethod" located at cell 'Data'!C9.,
         isSupportedBy "FeverIndicator"  # Generated from value "FeverIndicator" located at cell 'Data'!D9.,
         isRecordedIn "Database001"  # Generated from value "Database001" located at cell 'Data'!E9.
   Types: HealthAlertEvent
   Annotations: rdfs:label "HighHealthAlertEvent"

===========================================================================================================
Date: 2026-05-30 14:43:19
Ontology source: /C:/Users/s2024165/OneDrive%20-%20SARS/Personal/Personal/Masters%20in%20Computer%20Science/2023/TUT/Dissertation/Chapter%204%20-%20Design%20and%20implementation%20of%20LFTDO%20and%20Architecture/Ontology/209332175_LFTDO_V0.12.owl
Worksheet source: C:\Users\s2024165\OneDrive - SARS\Personal\Personal\Masters in Computer Science\2023\TUT\Dissertation\Chapter 7 - Artefacts Evaluations (Architecture and LFTDO)\Empirical Data\Master Data\1.Participants_LoadData.xlsx
Transformation rules: C:\Users\s2024165\OneDrive - SARS\Personal\Personal\Masters in Computer Science\2023\TUT\Dissertation\Chapter 7 - Artefacts Evaluations (Architecture and LFTDO)\Empirical Data\Master Data\1.Participant_LoadData_RULE_MAPPING.json

# Cell range: (Data!A2:H+) Comment: ""
# Individual: @A2 Annotations: rdfs:label @A2,rdfs:comment @A2 Types: @B2 Facts: hasParticipantID @C2,hasParticipantName @D2,
# hasContactNumber @E2,hasParticipantRole @F2,hasParticipantEmail @G2,isNotifiedBySoftwareApp @H2

Individual: Farmer001  # Generated from value "Farmer001" located at cell 'Data'!A2.
   Facts: hasParticipantID "9000000000006"  # Generated from value "9000000000006" located at cell 'Data'!C2.,
         hasParticipantName "Mr. Tumelo Modise"  # Generated from value "Mr. Tumelo Modise" located at cell 'Data'!D2.,
         hasContactNumber "0731234545"  # Generated from value "0731234545" located at cell 'Data'!E2.,
         hasParticipantRole "Farmer"  # Generated from value "Farmer" located at cell 'Data'!F2.,
         hasParticipantEmail "test@test.email.com"  # Generated from value "test@test.email.com" located at cell 'Data'!G2.,
         isNotifiedBySoftwareApp "SoftwareApp001"  # Generated from value "SoftwareApp001" located at cell 'Data'!H2.
   Types: Participant
   Annotations: rdfs:label "Farmer001",
         rdfs:comment "Farmer001"
Individual: Farmer001  # Generated from value "Farmer001" located at cell 'Data'!A2.
   Facts: hasParticipantID "9000000000006"  # Generated from value "9000000000006" located at cell 'Data'!C2.,
         hasParticipantName "Mr. Tumelo Modise"  # Generated from value "Mr. Tumelo Modise" located at cell 'Data'!D2.,
         hasContactNumber "0731234545"  # Generated from value "0731234545" located at cell 'Data'!E2.,
         hasParticipantRole "Farmer"  # Generated from value "Farmer" located at cell 'Data'!F2.,
         hasParticipantEmail "test@test.email.com"  # Generated from value "test@test.email.com" located at cell 'Data'!G2.,
         isNotifiedBySoftwareApp "SoftwareApp001"  # Generated from value "SoftwareApp001" located at cell 'Data'!H2.
   Types: Participant
   Annotations: rdfs:label "Farmer001",
         rdfs:comment "Farmer001"
Individual: Farmer001  # Generated from value "Farmer001" located at cell 'Data'!A2.
   Facts: hasParticipantID "9000000000006"  # Generated from value "9000000000006" located at cell 'Data'!C2.,
         hasParticipantName "Mr. Tumelo Modise"  # Generated from value "Mr. Tumelo Modise" located at cell 'Data'!D2.,
         hasContactNumber "0731234545"  # Generated from value "0731234545" located at cell 'Data'!E2.,
         hasParticipantRole "Farmer"  # Generated from value "Farmer" located at cell 'Data'!F2.,
         hasParticipantEmail "test@test.email.com"  # Generated from value "test@test.email.com" located at cell 'Data'!G2.,
         isNotifiedBySoftwareApp "SoftwareApp001"  # Generated from value "SoftwareApp001" located at cell 'Data'!H2.
   Types: Participant
   Annotations: rdfs:label "Farmer001",
         rdfs:comment "Farmer001"
Individual: Farmer001  # Generated from value "Farmer001" located at cell 'Data'!A2.
   Facts: hasParticipantID "9000000000006"  # Generated from value "9000000000006" located at cell 'Data'!C2.,
         hasParticipantName "Mr. Tumelo Modise"  # Generated from value "Mr. Tumelo Modise" located at cell 'Data'!D2.,
         hasContactNumber "0731234545"  # Generated from value "0731234545" located at cell 'Data'!E2.,
         hasParticipantRole "Farmer"  # Generated from value "Farmer" located at cell 'Data'!F2.,
         hasParticipantEmail "test@test.email.com"  # Generated from value "test@test.email.com" located at cell 'Data'!G2.,
         isNotifiedBySoftwareApp "SoftwareApp001"  # Generated from value "SoftwareApp001" located at cell 'Data'!H2.
   Types: Participant
   Annotations: rdfs:label "Farmer001",
         rdfs:comment "Farmer001"
Individual: Farmer001  # Generated from value "Farmer001" located at cell 'Data'!A2.
   Facts: hasParticipantID "9000000000006"  # Generated from value "9000000000006" located at cell 'Data'!C2.,
         hasParticipantName "Mr. Tumelo Modise"  # Generated from value "Mr. Tumelo Modise" located at cell 'Data'!D2.,
         hasContactNumber "0731234545"  # Generated from value "0731234545" located at cell 'Data'!E2.,
         hasParticipantRole "Farmer"  # Generated from value "Farmer" located at cell 'Data'!F2.,
         hasParticipantEmail "test@test.email.com"  # Generated from value "test@test.email.com" located at cell 'Data'!G2.,
         isNotifiedBySoftwareApp "SoftwareApp001"  # Generated from value "SoftwareApp001" located at cell 'Data'!H2.
   Types: Participant
   Annotations: rdfs:label "Farmer001",
         rdfs:comment "Farmer001"
Individual: Farmer001  # Generated from value "Farmer001" located at cell 'Data'!A2.
   Facts: hasParticipantID "9000000000006"  # Generated from value "9000000000006" located at cell 'Data'!C2.,
         hasParticipantName "Mr. Tumelo Modise"  # Generated from value "Mr. Tumelo Modise" located at cell 'Data'!D2.,
         hasContactNumber "0731234545"  # Generated from value "0731234545" located at cell 'Data'!E2.,
         hasParticipantRole "Farmer"  # Generated from value "Farmer" located at cell 'Data'!F2.,
         hasParticipantEmail "test@test.email.com"  # Generated from value "test@test.email.com" located at cell 'Data'!G2.,
         isNotifiedBySoftwareApp "SoftwareApp001"  # Generated from value "SoftwareApp001" located at cell 'Data'!H2.
   Types: Participant
   Annotations: rdfs:label "Farmer001",
         rdfs:comment "Farmer001"
Individual: Farmer001  # Generated from value "Farmer001" located at cell 'Data'!A2.
   Facts: hasParticipantID "9000000000006"  # Generated from value "9000000000006" located at cell 'Data'!C2.,
         hasParticipantName "Mr. Tumelo Modise"  # Generated from value "Mr. Tumelo Modise" located at cell 'Data'!D2.,
         hasContactNumber "0731234545"  # Generated from value "0731234545" located at cell 'Data'!E2.,
         hasParticipantRole "Farmer"  # Generated from value "Farmer" located at cell 'Data'!F2.,
         hasParticipantEmail "test@test.email.com"  # Generated from value "test@test.email.com" located at cell 'Data'!G2.,
         isNotifiedBySoftwareApp "SoftwareApp001"  # Generated from value "SoftwareApp001" located at cell 'Data'!H2.
   Types: Participant
   Annotations: rdfs:label "Farmer001",
         rdfs:comment "Farmer001"
Individual: Farmer001  # Generated from value "Farmer001" located at cell 'Data'!A2.
   Facts: hasParticipantID "9000000000006"  # Generated from value "9000000000006" located at cell 'Data'!C2.,
         hasParticipantName "Mr. Tumelo Modise"  # Generated from value "Mr. Tumelo Modise" located at cell 'Data'!D2.,
         hasContactNumber "0731234545"  # Generated from value "0731234545" located at cell 'Data'!E2.,
         hasParticipantRole "Farmer"  # Generated from value "Farmer" located at cell 'Data'!F2.,
         hasParticipantEmail "test@test.email.com"  # Generated from value "test@test.email.com" located at cell 'Data'!G2.,
         isNotifiedBySoftwareApp "SoftwareApp001"  # Generated from value "SoftwareApp001" located at cell 'Data'!H2.
   Types: Participant
   Annotations: rdfs:label "Farmer001",
         rdfs:comment "Farmer001"
Individual: Farmer001  # Generated from value "Farmer001" located at cell 'Data'!A2.
   Facts: hasParticipantID "9000000000006"  # Generated from value "9000000000006" located at cell 'Data'!C2.,
         hasParticipantName "Mr. Tumelo Modise"  # Generated from value "Mr. Tumelo Modise" located at cell 'Data'!D2.,
         hasContactNumber "0731234545"  # Generated from value "0731234545" located at cell 'Data'!E2.,
         hasParticipantRole "Farmer"  # Generated from value "Farmer" located at cell 'Data'!F2.,
         hasParticipantEmail "test@test.email.com"  # Generated from value "test@test.email.com" located at cell 'Data'!G2.,
         isNotifiedBySoftwareApp "SoftwareApp001"  # Generated from value "SoftwareApp001" located at cell 'Data'!H2.
   Types: Participant
   Annotations: rdfs:label "Farmer001",
         rdfs:comment "Farmer001"
Individual: Farmer001  # Generated from value "Farmer001" located at cell 'Data'!A2.
   Facts: hasParticipantID "9000000000006"  # Generated from value "9000000000006" located at cell 'Data'!C2.,
         hasParticipantName "Mr. Tumelo Modise"  # Generated from value "Mr. Tumelo Modise" located at cell 'Data'!D2.,
         hasContactNumber "0731234545"  # Generated from value "0731234545" located at cell 'Data'!E2.,
         hasParticipantRole "Farmer"  # Generated from value "Farmer" located at cell 'Data'!F2.,
         hasParticipantEmail "test@test.email.com"  # Generated from value "test@test.email.com" located at cell 'Data'!G2.,
         isNotifiedBySoftwareApp "SoftwareApp001"  # Generated from value "SoftwareApp001" located at cell 'Data'!H2.
   Types: Participant
   Annotations: rdfs:label "Farmer001",
         rdfs:comment "Farmer001"
Individual: Farmer001  # Generated from value "Farmer001" located at cell 'Data'!A2.
   Facts: hasParticipantID "9000000000006"  # Generated from value "9000000000006" located at cell 'Data'!C2.,
         hasParticipantName "Mr. Tumelo Modise"  # Generated from value "Mr. Tumelo Modise" located at cell 'Data'!D2.,
         hasContactNumber "0731234545"  # Generated from value "0731234545" located at cell 'Data'!E2.,
         hasParticipantRole "Farmer"  # Generated from value "Farmer" located at cell 'Data'!F2.,
         hasParticipantEmail "test@test.email.com"  # Generated from value "test@test.email.com" located at cell 'Data'!G2.,
         isNotifiedBySoftwareApp "SoftwareApp001"  # Generated from value "SoftwareApp001" located at cell 'Data'!H2.
   Types: Participant
   Annotations: rdfs:label "Farmer001",
         rdfs:comment "Farmer001"
Individual: Farmer001  # Generated from value "Farmer001" located at cell 'Data'!A2.
   Facts: hasParticipantID "9000000000006"  # Generated from value "9000000000006" located at cell 'Data'!C2.,
         hasParticipantName "Mr. Tumelo Modise"  # Generated from value "Mr. Tumelo Modise" located at cell 'Data'!D2.,
         hasContactNumber "0731234545"  # Generated from value "0731234545" located at cell 'Data'!E2.,
         hasParticipantRole "Farmer"  # Generated from value "Farmer" located at cell 'Data'!F2.,
         hasParticipantEmail "test@test.email.com"  # Generated from value "test@test.email.com" located at cell 'Data'!G2.,
         isNotifiedBySoftwareApp "SoftwareApp001"  # Generated from value "SoftwareApp001" located at cell 'Data'!H2.
   Types: Participant
   Annotations: rdfs:label "Farmer001",
         rdfs:comment "Farmer001"
Individual: Farmer001  # Generated from value "Farmer001" located at cell 'Data'!A2.
   Facts: hasParticipantID "9000000000006"  # Generated from value "9000000000006" located at cell 'Data'!C2.,
         hasParticipantName "Mr. Tumelo Modise"  # Generated from value "Mr. Tumelo Modise" located at cell 'Data'!D2.,
         hasContactNumber "0731234545"  # Generated from value "0731234545" located at cell 'Data'!E2.,
         hasParticipantRole "Farmer"  # Generated from value "Farmer" located at cell 'Data'!F2.,
         hasParticipantEmail "test@test.email.com"  # Generated from value "test@test.email.com" located at cell 'Data'!G2.,
         isNotifiedBySoftwareApp "SoftwareApp001"  # Generated from value "SoftwareApp001" located at cell 'Data'!H2.
   Types: Participant
   Annotations: rdfs:label "Farmer001",
         rdfs:comment "Farmer001"
Individual: Farmer001  # Generated from value "Farmer001" located at cell 'Data'!A2.
   Facts: hasParticipantID "9000000000006"  # Generated from value "9000000000006" located at cell 'Data'!C2.,
         hasParticipantName "Mr. Tumelo Modise"  # Generated from value "Mr. Tumelo Modise" located at cell 'Data'!D2.,
         hasContactNumber "0731234545"  # Generated from value "0731234545" located at cell 'Data'!E2.,
         hasParticipantRole "Farmer"  # Generated from value "Farmer" located at cell 'Data'!F2.,
         hasParticipantEmail "test@test.email.com"  # Generated from value "test@test.email.com" located at cell 'Data'!G2.,
         isNotifiedBySoftwareApp "SoftwareApp001"  # Generated from value "SoftwareApp001" located at cell 'Data'!H2.
   Types: Participant
   Annotations: rdfs:label "Farmer001",
         rdfs:comment "Farmer001"
Individual: Farmer001  # Generated from value "Farmer001" located at cell 'Data'!A2.
   Facts: hasParticipantID "9000000000006"  # Generated from value "9000000000006" located at cell 'Data'!C2.,
         hasParticipantName "Mr. Tumelo Modise"  # Generated from value "Mr. Tumelo Modise" located at cell 'Data'!D2.,
         hasContactNumber "0731234545"  # Generated from value "0731234545" located at cell 'Data'!E2.,
         hasParticipantRole "Farmer"  # Generated from value "Farmer" located at cell 'Data'!F2.,
         hasParticipantEmail "test@test.email.com"  # Generated from value "test@test.email.com" located at cell 'Data'!G2.,
         isNotifiedBySoftwareApp "SoftwareApp001"  # Generated from value "SoftwareApp001" located at cell 'Data'!H2.
   Types: Participant
   Annotations: rdfs:label "Farmer001",
         rdfs:comment "Farmer001"
Individual: Farmer001  # Generated from value "Farmer001" located at cell 'Data'!A2.
   Facts: hasParticipantID "9000000000006"  # Generated from value "9000000000006" located at cell 'Data'!C2.,
         hasParticipantName "Mr. Tumelo Modise"  # Generated from value "Mr. Tumelo Modise" located at cell 'Data'!D2.,
         hasContactNumber "0731234545"  # Generated from value "0731234545" located at cell 'Data'!E2.,
         hasParticipantRole "Farmer"  # Generated from value "Farmer" located at cell 'Data'!F2.,
         hasParticipantEmail "test@test.email.com"  # Generated from value "test@test.email.com" located at cell 'Data'!G2.,
         isNotifiedBySoftwareApp "SoftwareApp001"  # Generated from value "SoftwareApp001" located at cell 'Data'!H2.
   Types: Participant
   Annotations: rdfs:label "Farmer001",
         rdfs:comment "Farmer001"

===========================================================================================================
